Sample	0	1	2	3	4	5	6	7	8	9	10	11	12	13	14	15	16	17	18	19	20	21	22	23	24	25	26	27	28	29	30	31	32	33	34	35	36	37	38	39	40	41	42	43	44	45	46	47	48	49	50	51	52	53	54	55	56	57	58	59	60	61	62	63	64	65	66	67	68	69	70	71	72	73	74	75	76	77	78	79	80	81	82	83	84	85	86	87	88	89	90	91	92	93	94	95	96	97	98	99	100
SRR3666996_1	(0.0, 0.0)	(1.0, 0.0)	(2.0, 0.0)	(3.0, 0.0)	(4.0, 0.0)	(5.0, 0.0)	(6.0, 0.0)	(7.0, 0.0)	(8.0, 0.0)	(9.0, 0.0)	(10.0, 0.0)	(11.0, 0.0)	(12.0, 0.0)	(13.0, 0.0)	(14.0, 0.0)	(15.0, 0.0)	(16.0, 0.0)	(17.0, 0.0)	(18.0, 0.0)	(19.0, 0.0)	(20.0, 0.0)	(21.0, 0.0)	(22.0, 0.0)	(23.0, 0.0)	(24.0, 0.0)	(25.0, 0.0)	(26.0, 0.0)	(27.0, 0.0)	(28.0, 0.0)	(29.0, 0.0)	(30.0, 0.0)	(31.0, 0.0)	(32.0, 0.0)	(33.0, 0.0)	(34.0, 0.25)	(35.0, 0.0)	(36.0, 0.5)	(37.0, 0.5)	(38.0, 0.5)	(39.0, 1.5833333333333333)	(40.0, 1.75)	(41.0, 1.8333333333333333)	(42.0, 2.5)	(43.0, 2.0)	(44.0, 6.0)	(45.0, 34.25)	(46.0, 209.16666666666669)	(47.0, 1168.4166666666667)	(48.0, 1926.4166666666663)	(49.0, 2000.166666666666)	(50.0, 1713.1666666666654)	(51.0, 1706.7499999999955)	(52.0, 2789.916666666676)	(53.0, 4428.416666666681)	(54.0, 5555.999999999988)	(55.0, 4675.083333333336)	(56.0, 2617.083333333335)	(57.0, 2686.3333333333344)	(58.0, 1596.3333333333312)	(59.0, 1069.5000000000018)	(60.0, 1433.6666666666633)	(61.0, 729.8333333333338)	(62.0, 235.91666666666674)	(63.0, 128.33333333333331)	(64.0, 116.83333333333333)	(65.0, 130.0)	(66.0, 324.75)	(67.0, 826.25)	(68.0, 259.25)	(69.0, 17.0)	(70.0, 3.25)	(71.0, 1.25)	(72.0, 0.25)	(73.0, 0.25)	(74.0, 0.0)	(75.0, 0.25)	(76.0, 0.25)	(77.0, 0.0)	(78.0, 0.0)	(79.0, 0.25)	(80.0, 0.0)	(81.0, 0.0)	(82.0, 0.0)	(83.0, 0.0)	(84.0, 0.0)	(85.0, 0.0)	(86.0, 0.0)	(87.0, 0.0)	(88.0, 0.0)	(89.0, 0.0)	(90.0, 0.0)	(91.0, 0.0)	(92.0, 0.0)	(93.0, 0.0)	(94.0, 0.0)	(95.0, 0.0)	(96.0, 0.0)	(97.0, 0.0)	(98.0, 0.0)	(99.0, 0.0)	(100.0, 0.0)
SRR3666996_2	(0.0, 0.0)	(1.0, 0.0)	(2.0, 0.0)	(3.0, 0.0)	(4.0, 0.0)	(5.0, 0.0)	(6.0, 0.0)	(7.0, 0.0)	(8.0, 0.0)	(9.0, 0.0)	(10.0, 0.0)	(11.0, 0.0)	(12.0, 0.0)	(13.0, 0.0)	(14.0, 0.0)	(15.0, 0.0)	(16.0, 0.0)	(17.0, 0.0)	(18.0, 0.0)	(19.0, 0.0)	(20.0, 0.0)	(21.0, 0.0)	(22.0, 0.0)	(23.0, 0.0)	(24.0, 0.0)	(25.0, 0.0)	(26.0, 0.0)	(27.0, 0.0)	(28.0, 0.0)	(29.0, 0.0)	(30.0, 0.0)	(31.0, 0.0)	(32.0, 0.0)	(33.0, 0.0)	(34.0, 0.0)	(35.0, 0.0)	(36.0, 0.5)	(37.0, 0.75)	(38.0, 0.75)	(39.0, 0.75)	(40.0, 0.3333333333333333)	(41.0, 0.3333333333333333)	(42.0, 1.5833333333333333)	(43.0, 5.666666666666665)	(44.0, 10.916666666666668)	(45.0, 20.083333333333332)	(46.0, 85.24999999999994)	(47.0, 276.41666666666737)	(48.0, 1118.583333333336)	(49.0, 2814.5000000000186)	(50.0, 2763.583333333366)	(51.0, 2141.1666666666283)	(52.0, 3086.500000000057)	(53.0, 5495.999999999855)	(54.0, 5414.249999999834)	(55.0, 4017.333333333456)	(56.0, 3311.1666666667134)	(57.0, 2632.250000000011)	(58.0, 1977.333333333315)	(59.0, 1750.6666666666556)	(60.0, 810.416666666668)	(61.0, 313.33333333333326)	(62.0, 175.66666666666677)	(63.0, 158.3333333333334)	(64.0, 126.49999999999993)	(65.0, 105.83333333333329)	(66.0, 133.74999999999986)	(67.0, 359.4166666666659)	(68.0, 581.8333333333323)	(69.0, 442.08333333333286)	(70.0, 205.91666666666666)	(71.0, 74.58333333333333)	(72.0, 21.833333333333332)	(73.0, 6.416666666666666)	(74.0, 2.916666666666667)	(75.0, 1.0)	(76.0, 1.75)	(77.0, 0.5)	(78.0, 1.0)	(79.0, 0.5)	(80.0, 0.0)	(81.0, 0.3333333333333333)	(82.0, 0.3333333333333333)	(83.0, 0.8333333333333333)	(84.0, 0.8333333333333333)	(85.0, 0.5833333333333333)	(86.0, 0.0)	(87.0, 0.25)	(88.0, 0.0)	(89.0, 0.0)	(90.0, 0.25)	(91.0, 0.0)	(92.0, 0.0)	(93.0, 0.0)	(94.0, 0.25)	(95.0, 0.0)	(96.0, 0.0)	(97.0, 0.0)	(98.0, 0.0)	(99.0, 0.0)	(100.0, 0.0)
SRR3666997_1	(0.0, 0.0)	(1.0, 0.0)	(2.0, 0.0)	(3.0, 0.0)	(4.0, 0.0)	(5.0, 0.0)	(6.0, 0.0)	(7.0, 0.0)	(8.0, 0.0)	(9.0, 0.0)	(10.0, 0.0)	(11.0, 0.0)	(12.0, 0.0)	(13.0, 0.0)	(14.0, 0.0)	(15.0, 0.0)	(16.0, 0.0)	(17.0, 0.0)	(18.0, 0.0)	(19.0, 0.0)	(20.0, 0.0)	(21.0, 0.0)	(22.0, 0.0)	(23.0, 0.0)	(24.0, 0.0)	(25.0, 0.0)	(26.0, 0.0)	(27.0, 0.0)	(28.0, 0.0)	(29.0, 0.0)	(30.0, 0.25)	(31.0, 0.0)	(32.0, 0.25)	(33.0, 0.25)	(34.0, 0.25)	(35.0, 0.25)	(36.0, 0.25)	(37.0, 0.0)	(38.0, 0.25)	(39.0, 0.75)	(40.0, 0.5)	(41.0, 0.0)	(42.0, 1.0)	(43.0, 1.75)	(44.0, 5.0)	(45.0, 55.0)	(46.0, 271.66666666666663)	(47.0, 508.0)	(48.0, 990.3333333333334)	(49.0, 1057.2500000000002)	(50.0, 727.2500000000001)	(51.0, 931.0833333333344)	(52.0, 1161.1666666666672)	(53.0, 1509.9999999999966)	(54.0, 1769.9999999999984)	(55.0, 1493.7499999999986)	(56.0, 1033.5833333333348)	(57.0, 1069.0833333333344)	(58.0, 740.5833333333338)	(59.0, 495.58333333333235)	(60.0, 726.0833333333344)	(61.0, 482.08333333333286)	(62.0, 135.5)	(63.0, 76.33333333333331)	(64.0, 70.33333333333333)	(65.0, 53.25)	(66.0, 116.0)	(67.0, 368.5)	(68.0, 174.5)	(69.0, 15.5)	(70.0, 1.75)	(71.0, 0.5)	(72.0, 0.0)	(73.0, 0.0)	(74.0, 0.25)	(75.0, 0.25)	(76.0, 0.0)	(77.0, 0.0)	(78.0, 0.0)	(79.0, 0.0)	(80.0, 0.0)	(81.0, 0.0)	(82.0, 0.0)	(83.0, 0.0)	(84.0, 0.25)	(85.0, 0.0)	(86.0, 0.0)	(87.0, 0.0)	(88.0, 0.0)	(89.0, 0.0)	(90.0, 0.0)	(91.0, 0.0)	(92.0, 0.0)	(93.0, 0.0)	(94.0, 0.0)	(95.0, 0.0)	(96.0, 0.0)	(97.0, 0.0)	(98.0, 0.0)	(99.0, 0.0)	(100.0, 0.0)
SRR3666997_2	(0.0, 0.0)	(1.0, 0.0)	(2.0, 0.0)	(3.0, 0.0)	(4.0, 0.0)	(5.0, 0.0)	(6.0, 0.0)	(7.0, 0.0)	(8.0, 0.0)	(9.0, 0.0)	(10.0, 0.0)	(11.0, 0.0)	(12.0, 0.0)	(13.0, 0.0)	(14.0, 0.0)	(15.0, 0.0)	(16.0, 0.0)	(17.0, 0.0)	(18.0, 0.0)	(19.0, 0.0)	(20.0, 0.0)	(21.0, 0.0)	(22.0, 0.0)	(23.0, 0.0)	(24.0, 0.0)	(25.0, 0.0)	(26.0, 0.0)	(27.0, 0.0)	(28.0, 0.0)	(29.0, 0.0)	(30.0, 0.0)	(31.0, 0.0)	(32.0, 0.0)	(33.0, 0.0)	(34.0, 0.0)	(35.0, 0.0)	(36.0, 0.0)	(37.0, 0.0)	(38.0, 0.5)	(39.0, 0.75)	(40.0, 0.3333333333333333)	(41.0, 0.0)	(42.0, 1.1666666666666665)	(43.0, 2.1666666666666665)	(44.0, 3.666666666666667)	(45.0, 9.416666666666668)	(46.0, 128.83333333333275)	(47.0, 219.25000000000114)	(48.0, 440.16666666666464)	(49.0, 1383.9166666666606)	(50.0, 1567.9166666666567)	(51.0, 1008.583333333343)	(52.0, 1357.3333333333248)	(53.0, 2138.083333333303)	(54.0, 1889.833333333296)	(55.0, 1284.249999999999)	(56.0, 1126.9166666666695)	(57.0, 1002.1666666666715)	(58.0, 825.9166666666697)	(59.0, 849.3333333333358)	(60.0, 368.9166666666663)	(61.0, 115.24999999999993)	(62.0, 61.9166666666667)	(63.0, 57.16666666666669)	(64.0, 44.75)	(65.0, 46.50000000000001)	(66.0, 75.24999999999999)	(67.0, 180.33333333333354)	(68.0, 301.0000000000001)	(69.0, 218.2500000000001)	(70.0, 99.66666666666667)	(71.0, 33.166666666666664)	(72.0, 10.916666666666668)	(73.0, 5.583333333333333)	(74.0, 2.25)	(75.0, 1.0)	(76.0, 0.5)	(77.0, 1.0)	(78.0, 1.0)	(79.0, 0.25)	(80.0, 0.25)	(81.0, 0.5)	(82.0, 0.0)	(83.0, 0.3333333333333333)	(84.0, 0.25)	(85.0, 0.0)	(86.0, 0.5)	(87.0, 0.25)	(88.0, 0.25)	(89.0, 0.0)	(90.0, 0.0)	(91.0, 0.0)	(92.0, 0.25)	(93.0, 0.25)	(94.0, 0.0)	(95.0, 0.0)	(96.0, 0.0)	(97.0, 0.0)	(98.0, 0.0)	(99.0, 0.0)	(100.0, 0.0)
SRR3666998_1	(0.0, 0.0)	(1.0, 0.0)	(2.0, 0.0)	(3.0, 0.0)	(4.0, 0.0)	(5.0, 0.0)	(6.0, 0.0)	(7.0, 0.0)	(8.0, 0.0)	(9.0, 0.0)	(10.0, 0.0)	(11.0, 0.0)	(12.0, 0.0)	(13.0, 0.0)	(14.0, 0.0)	(15.0, 0.0)	(16.0, 0.0)	(17.0, 0.0)	(18.0, 0.0)	(19.0, 0.0)	(20.0, 0.0)	(21.0, 0.0)	(22.0, 0.0)	(23.0, 0.0)	(24.0, 0.0)	(25.0, 0.0)	(26.0, 0.0)	(27.0, 0.0)	(28.0, 0.0)	(29.0, 0.0)	(30.0, 0.0)	(31.0, 0.0)	(32.0, 0.0)	(33.0, 0.0)	(34.0, 0.0)	(35.0, 0.0)	(36.0, 0.6666666666666666)	(37.0, 1.3333333333333333)	(38.0, 3.3333333333333335)	(39.0, 7.666666666666663)	(40.0, 13.666666666666673)	(41.0, 22.33333333333332)	(42.0, 24.99999999999998)	(43.0, 36.333333333333314)	(44.0, 65.66666666666681)	(45.0, 319.166666666666)	(46.0, 783.5000000000191)	(47.0, 1122.000000000024)	(48.0, 2095.666666666502)	(49.0, 5051.666666666542)	(50.0, 7317.666666664481)	(51.0, 8851.666666664885)	(52.0, 13990.500000007569)	(53.0, 15955.333333344473)	(54.0, 15139.666666676323)	(55.0, 15752.333333344104)	(56.0, 13713.000000007063)	(57.0, 9644.499999999662)	(58.0, 6509.333333331883)	(59.0, 4266.00000000059)	(60.0, 2380.999999999965)	(61.0, 1094.3333333333637)	(62.0, 1197.6666666666736)	(63.0, 1398.3333333332946)	(64.0, 861.000000000028)	(65.0, 309.99999999999983)	(66.0, 96.66666666666637)	(67.0, 9.333333333333332)	(68.0, 1.6666666666666665)	(69.0, 0.3333333333333333)	(70.0, 0.3333333333333333)	(71.0, 0.0)	(72.0, 0.3333333333333333)	(73.0, 0.0)	(74.0, 0.0)	(75.0, 0.0)	(76.0, 0.0)	(77.0, 0.0)	(78.0, 0.0)	(79.0, 0.0)	(80.0, 0.0)	(81.0, 0.0)	(82.0, 0.0)	(83.0, 0.0)	(84.0, 0.0)	(85.0, 0.0)	(86.0, 0.0)	(87.0, 0.0)	(88.0, 0.0)	(89.0, 0.0)	(90.0, 0.0)	(91.0, 0.0)	(92.0, 0.0)	(93.0, 0.0)	(94.0, 0.0)	(95.0, 0.0)	(96.0, 0.0)	(97.0, 0.0)	(98.0, 0.0)	(99.0, 0.0)	(100.0, 0.0)
SRR3666998_2	(0.0, 0.0)	(1.0, 0.0)	(2.0, 0.0)	(3.0, 0.0)	(4.0, 0.0)	(5.0, 0.0)	(6.0, 0.0)	(7.0, 0.0)	(8.0, 0.0)	(9.0, 0.0)	(10.0, 0.0)	(11.0, 0.0)	(12.0, 0.0)	(13.0, 0.0)	(14.0, 0.0)	(15.0, 0.3333333333333333)	(16.0, 0.6666666666666666)	(17.0, 0.3333333333333333)	(18.0, 0.0)	(19.0, 0.0)	(20.0, 0.0)	(21.0, 0.0)	(22.0, 0.3333333333333333)	(23.0, 0.3333333333333333)	(24.0, 0.0)	(25.0, 0.6666666666666666)	(26.0, 0.6666666666666666)	(27.0, 0.6666666666666666)	(28.0, 1.0)	(29.0, 1.0)	(30.0, 1.6666666666666665)	(31.0, 1.3333333333333333)	(32.0, 1.3333333333333333)	(33.0, 1.3333333333333333)	(34.0, 0.3333333333333333)	(35.0, 0.6666666666666666)	(36.0, 2.333333333333333)	(37.0, 4.666666666666666)	(38.0, 6.333333333333331)	(39.0, 5.999999999999998)	(40.0, 10.0)	(41.0, 14.000000000000007)	(42.0, 39.66666666666667)	(43.0, 380.33333333332916)	(44.0, 431.6666666666596)	(45.0, 811.0000000000223)	(46.0, 2893.3333333335313)	(47.0, 7695.333333330805)	(48.0, 10064.83333333376)	(49.0, 7275.999999997854)	(50.0, 10340.000000000924)	(51.0, 15716.666666677373)	(52.0, 18370.833333338025)	(53.0, 13173.00000000608)	(54.0, 9615.99999999961)	(55.0, 6659.333333331749)	(56.0, 10165.166666667274)	(57.0, 7207.8333333312485)	(58.0, 1708.6666666665574)	(59.0, 1372.6666666666338)	(60.0, 577.8333333333292)	(61.0, 399.1666666666614)	(62.0, 382.66666666666237)	(63.0, 480.3333333333235)	(64.0, 374.6666666666628)	(65.0, 146.9999999999998)	(66.0, 91.99999999999977)	(67.0, 1074.000000000035)	(68.0, 1098.3333333333628)	(69.0, 39.66666666666667)	(70.0, 8.666666666666664)	(71.0, 5.999999999999998)	(72.0, 3.0)	(73.0, 2.333333333333333)	(74.0, 1.6666666666666665)	(75.0, 1.9999999999999998)	(76.0, 1.9999999999999998)	(77.0, 1.0)	(78.0, 0.0)	(79.0, 1.0)	(80.0, 1.0)	(81.0, 1.9999999999999998)	(82.0, 0.0)	(83.0, 0.6666666666666666)	(84.0, 0.6666666666666666)	(85.0, 0.3333333333333333)	(86.0, 0.3333333333333333)	(87.0, 0.3333333333333333)	(88.0, 0.3333333333333333)	(89.0, 1.0)	(90.0, 0.0)	(91.0, 0.6666666666666666)	(92.0, 1.0)	(93.0, 0.3333333333333333)	(94.0, 0.0)	(95.0, 0.0)	(96.0, 1.0)	(97.0, 0.3333333333333333)	(98.0, 0.0)	(99.0, 0.6666666666666666)	(100.0, 2.0)
SRR3666999_1	(0.0, 0.0)	(1.0, 0.0)	(2.0, 0.0)	(3.0, 0.0)	(4.0, 0.0)	(5.0, 0.0)	(6.0, 0.0)	(7.0, 0.0)	(8.0, 0.0)	(9.0, 0.0)	(10.0, 0.0)	(11.0, 0.0)	(12.0, 0.0)	(13.0, 0.0)	(14.0, 0.0)	(15.0, 0.0)	(16.0, 0.0)	(17.0, 0.0)	(18.0, 0.0)	(19.0, 0.0)	(20.0, 0.0)	(21.0, 0.0)	(22.0, 0.0)	(23.0, 0.0)	(24.0, 0.0)	(25.0, 0.0)	(26.0, 0.3333333333333333)	(27.0, 0.3333333333333333)	(28.0, 0.6666666666666666)	(29.0, 0.3333333333333333)	(30.0, 0.6666666666666666)	(31.0, 1.0)	(32.0, 1.3333333333333333)	(33.0, 1.0)	(34.0, 1.6666666666666665)	(35.0, 0.3333333333333333)	(36.0, 1.1666666666666665)	(37.0, 1.1666666666666665)	(38.0, 2.6666666666666665)	(39.0, 4.333333333333333)	(40.0, 1.3333333333333333)	(41.0, 3.0)	(42.0, 3.666666666666667)	(43.0, 4.0)	(44.0, 3.666666666666667)	(45.0, 54.66666666666678)	(46.0, 319.83333333333263)	(47.0, 973.3333333333741)	(48.0, 1559.4999999999247)	(49.0, 2438.9999999999914)	(50.0, 4041.666666667387)	(51.0, 6173.833333332189)	(52.0, 10501.666666667888)	(53.0, 11152.16666666907)	(54.0, 7169.166666664617)	(55.0, 5327.666666666291)	(56.0, 7823.666666664026)	(57.0, 8234.833333330436)	(58.0, 5883.666666665788)	(59.0, 3676.8333333338855)	(60.0, 2701.833333333443)	(61.0, 1516.4999999999352)	(62.0, 559.8333333333273)	(63.0, 256.00000000000284)	(64.0, 194.8333333333345)	(65.0, 96.66666666666639)	(66.0, 77.16666666666666)	(67.0, 60.66666666666682)	(68.0, 16.333333333333343)	(69.0, 1.0)	(70.0, 1.0)	(71.0, 1.0)	(72.0, 0.3333333333333333)	(73.0, 0.0)	(74.0, 0.3333333333333333)	(75.0, 1.1666666666666665)	(76.0, 1.1666666666666665)	(77.0, 0.3333333333333333)	(78.0, 0.3333333333333333)	(79.0, 0.0)	(80.0, 0.0)	(81.0, 0.0)	(82.0, 0.3333333333333333)	(83.0, 0.3333333333333333)	(84.0, 0.0)	(85.0, 0.0)	(86.0, 0.0)	(87.0, 0.0)	(88.0, 0.0)	(89.0, 0.0)	(90.0, 0.0)	(91.0, 0.0)	(92.0, 0.0)	(93.0, 0.0)	(94.0, 0.0)	(95.0, 0.0)	(96.0, 0.0)	(97.0, 0.0)	(98.0, 0.0)	(99.0, 0.0)	(100.0, 0.0)
SRR3666999_2	(0.0, 0.0)	(1.0, 0.0)	(2.0, 0.0)	(3.0, 0.0)	(4.0, 0.0)	(5.0, 0.0)	(6.0, 0.0)	(7.0, 0.0)	(8.0, 0.0)	(9.0, 0.0)	(10.0, 0.0)	(11.0, 0.0)	(12.0, 0.0)	(13.0, 0.0)	(14.0, 0.0)	(15.0, 0.0)	(16.0, 0.0)	(17.0, 0.0)	(18.0, 0.0)	(19.0, 0.0)	(20.0, 0.0)	(21.0, 0.0)	(22.0, 0.3333333333333333)	(23.0, 0.3333333333333333)	(24.0, 0.3333333333333333)	(25.0, 0.0)	(26.0, 0.3333333333333333)	(27.0, 0.6666666666666666)	(28.0, 0.3333333333333333)	(29.0, 0.3333333333333333)	(30.0, 0.3333333333333333)	(31.0, 1.3333333333333333)	(32.0, 1.3333333333333333)	(33.0, 1.1666666666666665)	(34.0, 1.1666666666666665)	(35.0, 1.6666666666666665)	(36.0, 3.166666666666667)	(37.0, 4.5)	(38.0, 2.1666666666666665)	(39.0, 3.833333333333334)	(40.0, 3.3333333333333335)	(41.0, 6.333333333333331)	(42.0, 34.666666666666636)	(43.0, 160.00000000000017)	(44.0, 706.3333333333437)	(45.0, 3121.333333333635)	(46.0, 4105.83333333407)	(47.0, 6857.999999998232)	(48.0, 4642.166666666915)	(49.0, 2362.499999999957)	(50.0, 7610.833333330882)	(51.0, 18990.166666669105)	(52.0, 8539.333333330986)	(53.0, 5369.666666666252)	(54.0, 5022.999999999902)	(55.0, 5177.999999999763)	(56.0, 4829.000000000078)	(57.0, 1844.9999999998608)	(58.0, 592.833333333331)	(59.0, 326.33333333333223)	(60.0, 255.66666666666947)	(61.0, 117.83333333333279)	(62.0, 67.83333333333343)	(63.0, 99.33333333333303)	(64.0, 84.49999999999989)	(65.0, 12.666666666666671)	(66.0, 41.83333333333336)	(67.0, 48.3333333333334)	(68.0, 21.83333333333332)	(69.0, 2.8333333333333335)	(70.0, 3.3333333333333335)	(71.0, 2.6666666666666665)	(72.0, 1.3333333333333333)	(73.0, 1.0)	(74.0, 0.6666666666666666)	(75.0, 0.6666666666666666)	(76.0, 0.3333333333333333)	(77.0, 0.3333333333333333)	(78.0, 0.3333333333333333)	(79.0, 0.0)	(80.0, 0.0)	(81.0, 0.0)	(82.0, 0.3333333333333333)	(83.0, 0.3333333333333333)	(84.0, 0.0)	(85.0, 0.0)	(86.0, 0.0)	(87.0, 0.0)	(88.0, 0.6666666666666666)	(89.0, 0.6666666666666666)	(90.0, 0.0)	(91.0, 0.0)	(92.0, 0.0)	(93.0, 0.0)	(94.0, 0.0)	(95.0, 0.0)	(96.0, 0.0)	(97.0, 0.0)	(98.0, 0.3333333333333333)	(99.0, 1.0)	(100.0, 1.5)
SRR3667000_1	(0.0, 3.0)	(1.0, 1.5)	(2.0, 0.0)	(3.0, 0.0)	(4.0, 0.0)	(5.0, 0.0)	(6.0, 0.0)	(7.0, 0.0)	(8.0, 0.0)	(9.0, 0.0)	(10.0, 0.0)	(11.0, 0.0)	(12.0, 0.0)	(13.0, 0.0)	(14.0, 0.0)	(15.0, 0.0)	(16.0, 0.0)	(17.0, 0.0)	(18.0, 0.0)	(19.0, 0.0)	(20.0, 0.0)	(21.0, 0.0)	(22.0, 0.3333333333333333)	(23.0, 0.0)	(24.0, 0.0)	(25.0, 0.0)	(26.0, 0.0)	(27.0, 0.3333333333333333)	(28.0, 0.6666666666666666)	(29.0, 0.3333333333333333)	(30.0, 1.0)	(31.0, 1.0)	(32.0, 1.9999999999999998)	(33.0, 1.3333333333333333)	(34.0, 0.3333333333333333)	(35.0, 1.3333333333333333)	(36.0, 3.3333333333333335)	(37.0, 3.0)	(38.0, 2.333333333333333)	(39.0, 2.6666666666666665)	(40.0, 2.8333333333333335)	(41.0, 3.833333333333334)	(42.0, 5.333333333333332)	(43.0, 4.166666666666667)	(44.0, 5.166666666666666)	(45.0, 18.333333333333336)	(46.0, 118.66666666666606)	(47.0, 476.666666666657)	(48.0, 2470.500000000006)	(49.0, 9203.333333332193)	(50.0, 11733.500000003462)	(51.0, 7026.833333331413)	(52.0, 9668.166666666371)	(53.0, 13978.16666667421)	(54.0, 16226.166666678298)	(55.0, 16337.83333334517)	(56.0, 9783.16666666658)	(57.0, 5228.833333333047)	(58.0, 2765.1666666668066)	(59.0, 2035.8333333331498)	(60.0, 1461.499999999947)	(61.0, 415.49999999999386)	(62.0, 391.1666666666619)	(63.0, 475.16666666665714)	(64.0, 369.49999999999653)	(65.0, 366.4999999999967)	(66.0, 105.16666666666626)	(67.0, 30.49999999999996)	(68.0, 17.166666666666675)	(69.0, 4.333333333333333)	(70.0, 1.9999999999999998)	(71.0, 0.3333333333333333)	(72.0, 0.6666666666666666)	(73.0, 1.6666666666666665)	(74.0, 1.0)	(75.0, 0.0)	(76.0, 0.0)	(77.0, 0.0)	(78.0, 0.0)	(79.0, 0.0)	(80.0, 0.0)	(81.0, 0.0)	(82.0, 0.0)	(83.0, 0.0)	(84.0, 0.0)	(85.0, 0.0)	(86.0, 0.0)	(87.0, 0.0)	(88.0, 0.0)	(89.0, 0.0)	(90.0, 0.0)	(91.0, 0.0)	(92.0, 0.0)	(93.0, 0.0)	(94.0, 0.0)	(95.0, 0.0)	(96.0, 0.0)	(97.0, 0.0)	(98.0, 0.0)	(99.0, 0.0)	(100.0, 0.0)
SRR3667000_2	(0.0, 3.0)	(1.0, 1.5)	(2.0, 0.0)	(3.0, 0.0)	(4.0, 0.0)	(5.0, 0.0)	(6.0, 0.0)	(7.0, 0.0)	(8.0, 0.0)	(9.0, 0.0)	(10.0, 0.0)	(11.0, 0.0)	(12.0, 0.0)	(13.0, 0.3333333333333333)	(14.0, 0.0)	(15.0, 0.0)	(16.0, 0.0)	(17.0, 0.0)	(18.0, 0.3333333333333333)	(19.0, 0.0)	(20.0, 0.3333333333333333)	(21.0, 0.3333333333333333)	(22.0, 0.3333333333333333)	(23.0, 0.0)	(24.0, 0.0)	(25.0, 0.3333333333333333)	(26.0, 0.3333333333333333)	(27.0, 1.0)	(28.0, 1.6666666666666665)	(29.0, 1.3333333333333333)	(30.0, 0.6666666666666666)	(31.0, 1.9999999999999998)	(32.0, 1.9999999999999998)	(33.0, 1.6666666666666665)	(34.0, 2.5)	(35.0, 2.8333333333333335)	(36.0, 1.9999999999999998)	(37.0, 4.0)	(38.0, 4.0)	(39.0, 4.166666666666667)	(40.0, 8.166666666666664)	(41.0, 10.666666666666668)	(42.0, 20.66666666666666)	(43.0, 226.3333333333354)	(44.0, 239.33333333333576)	(45.0, 223.66666666666865)	(46.0, 1249.3333333333285)	(47.0, 10079.666666667119)	(48.0, 16786.833333343788)	(49.0, 5120.833333333146)	(50.0, 9204.666666665527)	(51.0, 17205.833333342263)	(52.0, 15841.500000010932)	(53.0, 12822.666666672108)	(54.0, 8860.333333331568)	(55.0, 3336.1666666670662)	(56.0, 2514.666666666693)	(57.0, 1179.3333333333446)	(58.0, 2069.4999999998236)	(59.0, 1525.666666666599)	(60.0, 213.00000000000168)	(61.0, 210.16666666666825)	(62.0, 426.6666666666599)	(63.0, 379.4999999999959)	(64.0, 49.166666666666735)	(65.0, 24.499999999999986)	(66.0, 25.833333333333307)	(67.0, 424.83333333332666)	(68.0, 428.33333333332644)	(69.0, 25.33333333333331)	(70.0, 6.666666666666664)	(71.0, 25.666666666666643)	(72.0, 29.66666666666663)	(73.0, 4.666666666666666)	(74.0, 2.333333333333333)	(75.0, 2.333333333333333)	(76.0, 1.6666666666666665)	(77.0, 1.9999999999999998)	(78.0, 1.3333333333333333)	(79.0, 1.3333333333333333)	(80.0, 1.3333333333333333)	(81.0, 1.6666666666666665)	(82.0, 0.6666666666666666)	(83.0, 0.6666666666666666)	(84.0, 0.3333333333333333)	(85.0, 0.3333333333333333)	(86.0, 1.0)	(87.0, 1.3333333333333333)	(88.0, 0.0)	(89.0, 0.0)	(90.0, 0.6666666666666666)	(91.0, 0.6666666666666666)	(92.0, 0.3333333333333333)	(93.0, 0.0)	(94.0, 0.0)	(95.0, 0.0)	(96.0, 0.3333333333333333)	(97.0, 0.0)	(98.0, 0.3333333333333333)	(99.0, 1.0)	(100.0, 2.5)
SRR3667001_1	(0.0, 2.0)	(1.0, 1.0)	(2.0, 0.0)	(3.0, 0.0)	(4.0, 0.0)	(5.0, 0.0)	(6.0, 0.0)	(7.0, 0.0)	(8.0, 0.0)	(9.0, 0.0)	(10.0, 0.0)	(11.0, 0.0)	(12.0, 0.0)	(13.0, 0.0)	(14.0, 0.0)	(15.0, 0.0)	(16.0, 0.0)	(17.0, 0.3333333333333333)	(18.0, 0.3333333333333333)	(19.0, 0.0)	(20.0, 0.0)	(21.0, 0.0)	(22.0, 0.0)	(23.0, 0.3333333333333333)	(24.0, 1.3333333333333333)	(25.0, 1.0)	(26.0, 0.3333333333333333)	(27.0, 1.833333333333333)	(28.0, 2.1666666666666665)	(29.0, 1.0)	(30.0, 1.6666666666666665)	(31.0, 1.0)	(32.0, 1.6666666666666665)	(33.0, 1.3333333333333333)	(34.0, 1.6666666666666665)	(35.0, 1.9999999999999998)	(36.0, 3.1666666666666665)	(37.0, 3.166666666666667)	(38.0, 3.833333333333334)	(39.0, 5.499999999999999)	(40.0, 4.333333333333333)	(41.0, 4.666666666666666)	(42.0, 6.999999999999997)	(43.0, 7.666666666666663)	(44.0, 9.5)	(45.0, 16.666666666666675)	(46.0, 86.83333333333319)	(47.0, 356.33333333333053)	(48.0, 1849.9999999998586)	(49.0, 6485.666666665239)	(50.0, 8380.333333330696)	(51.0, 4992.666666666596)	(52.0, 6806.833333331614)	(53.0, 10797.33333333509)	(54.0, 12620.333333338407)	(55.0, 11372.333333336137)	(56.0, 6384.666666665331)	(57.0, 3438.8333333337787)	(58.0, 1872.6666666665203)	(59.0, 1414.999999999958)	(60.0, 1035.5000000000439)	(61.0, 345.1666666666645)	(62.0, 520.6666666666559)	(63.0, 661.0000000000052)	(64.0, 377.499999999996)	(65.0, 312.99999999999966)	(66.0, 85.99999999999986)	(67.0, 20.499999999999996)	(68.0, 19.0)	(69.0, 6.999999999999997)	(70.0, 1.9999999999999998)	(71.0, 0.6666666666666666)	(72.0, 1.0)	(73.0, 0.6666666666666666)	(74.0, 0.6666666666666666)	(75.0, 0.6666666666666666)	(76.0, 0.0)	(77.0, 0.0)	(78.0, 0.0)	(79.0, 0.0)	(80.0, 0.0)	(81.0, 0.3333333333333333)	(82.0, 0.0)	(83.0, 0.0)	(84.0, 0.0)	(85.0, 0.0)	(86.0, 0.0)	(87.0, 0.0)	(88.0, 0.0)	(89.0, 0.0)	(90.0, 0.0)	(91.0, 0.0)	(92.0, 0.0)	(93.0, 0.0)	(94.0, 0.0)	(95.0, 0.0)	(96.0, 0.0)	(97.0, 0.0)	(98.0, 0.0)	(99.0, 0.0)	(100.0, 0.0)
SRR3667001_2	(0.0, 2.0)	(1.0, 1.0)	(2.0, 0.0)	(3.0, 0.0)	(4.0, 0.0)	(5.0, 0.0)	(6.0, 0.3333333333333333)	(7.0, 0.0)	(8.0, 0.0)	(9.0, 0.0)	(10.0, 0.0)	(11.0, 0.0)	(12.0, 0.0)	(13.0, 0.0)	(14.0, 0.0)	(15.0, 0.0)	(16.0, 0.0)	(17.0, 0.0)	(18.0, 1.0)	(19.0, 0.6666666666666666)	(20.0, 0.0)	(21.0, 0.3333333333333333)	(22.0, 0.6666666666666666)	(23.0, 0.0)	(24.0, 0.0)	(25.0, 0.6666666666666666)	(26.0, 1.0)	(27.0, 1.0)	(28.0, 0.6666666666666666)	(29.0, 1.1666666666666665)	(30.0, 2.333333333333333)	(31.0, 1.8333333333333333)	(32.0, 1.9999999999999998)	(33.0, 1.6666666666666665)	(34.0, 1.6666666666666665)	(35.0, 2.333333333333333)	(36.0, 3.0)	(37.0, 1.6666666666666665)	(38.0, 1.0)	(39.0, 2.6666666666666665)	(40.0, 3.666666666666667)	(41.0, 5.333333333333332)	(42.0, 18.000000000000004)	(43.0, 232.00000000000222)	(44.0, 200.83333333333468)	(45.0, 145.99999999999977)	(46.0, 904.8333333333663)	(47.0, 8326.333333330596)	(48.0, 11973.000000003896)	(49.0, 3474.666666667129)	(50.0, 6689.4999999983875)	(51.0, 12050.666666670702)	(52.0, 10964.166666668727)	(53.0, 8897.999999998301)	(54.0, 6314.666666665394)	(55.0, 2621.8333333334076)	(56.0, 2053.83333333315)	(57.0, 934.6666666667029)	(58.0, 1447.9999999999502)	(59.0, 908.1666666666999)	(60.0, 111.33333333333285)	(61.0, 120.16666666666605)	(62.0, 378.6666666666626)	(63.0, 285.00000000000125)	(64.0, 24.16666666666665)	(65.0, 19.333333333333332)	(66.0, 33.33333333333329)	(67.0, 702.8333333333434)	(68.0, 573.9999999999953)	(69.0, 15.000000000000009)	(70.0, 8.999999999999998)	(71.0, 27.333333333333304)	(72.0, 24.666666666666647)	(73.0, 3.0)	(74.0, 3.0)	(75.0, 1.3333333333333333)	(76.0, 1.6666666666666665)	(77.0, 1.9999999999999998)	(78.0, 1.3333333333333333)	(79.0, 0.3333333333333333)	(80.0, 0.3333333333333333)	(81.0, 0.3333333333333333)	(82.0, 0.3333333333333333)	(83.0, 0.3333333333333333)	(84.0, 0.0)	(85.0, 0.0)	(86.0, 0.0)	(87.0, 0.0)	(88.0, 0.3333333333333333)	(89.0, 0.0)	(90.0, 0.3333333333333333)	(91.0, 0.6666666666666666)	(92.0, 0.6666666666666666)	(93.0, 0.6666666666666666)	(94.0, 0.0)	(95.0, 0.0)	(96.0, 0.0)	(97.0, 0.3333333333333333)	(98.0, 0.3333333333333333)	(99.0, 0.6666666666666666)	(100.0, 1.0)
SRR3667002_1	(0.0, 0.0)	(1.0, 0.0)	(2.0, 0.0)	(3.0, 0.0)	(4.0, 0.0)	(5.0, 0.0)	(6.0, 0.0)	(7.0, 0.0)	(8.0, 0.0)	(9.0, 0.0)	(10.0, 0.0)	(11.0, 0.0)	(12.0, 0.0)	(13.0, 0.0)	(14.0, 0.0)	(15.0, 0.0)	(16.0, 0.0)	(17.0, 0.0)	(18.0, 0.0)	(19.0, 0.0)	(20.0, 0.0)	(21.0, 0.0)	(22.0, 0.5)	(23.0, 0.8333333333333333)	(24.0, 0.3333333333333333)	(25.0, 0.0)	(26.0, 0.0)	(27.0, 0.0)	(28.0, 0.0)	(29.0, 0.0)	(30.0, 0.3333333333333333)	(31.0, 0.6666666666666666)	(32.0, 0.3333333333333333)	(33.0, 0.3333333333333333)	(34.0, 0.0)	(35.0, 0.0)	(36.0, 0.0)	(37.0, 0.6666666666666666)	(38.0, 1.3333333333333333)	(39.0, 1.0)	(40.0, 1.9999999999999998)	(41.0, 1.6666666666666665)	(42.0, 1.6666666666666665)	(43.0, 2.6666666666666665)	(44.0, 2.333333333333333)	(45.0, 21.666666666666657)	(46.0, 46.66666666666672)	(47.0, 47.00000000000006)	(48.0, 357.3333333333305)	(49.0, 4513.333333333699)	(50.0, 12473.666666671474)	(51.0, 10214.666666667365)	(52.0, 4899.000000000015)	(53.0, 2617.333333333405)	(54.0, 2726.833333333455)	(55.0, 5741.166666665917)	(56.0, 8027.6666666638375)	(57.0, 4548.000000000333)	(58.0, 1327.4999999999775)	(59.0, 807.3333333333551)	(60.0, 533.6666666666575)	(61.0, 225.83333333333536)	(62.0, 805.5000000000216)	(63.0, 1131.500000000022)	(64.0, 498.33333333332246)	(65.0, 285.33333333333456)	(66.0, 59.66666666666681)	(67.0, 0.6666666666666666)	(68.0, 0.3333333333333333)	(69.0, 0.6666666666666666)	(70.0, 0.6666666666666666)	(71.0, 0.3333333333333333)	(72.0, 0.0)	(73.0, 0.0)	(74.0, 0.0)	(75.0, 0.0)	(76.0, 0.0)	(77.0, 0.0)	(78.0, 0.0)	(79.0, 0.0)	(80.0, 0.0)	(81.0, 0.0)	(82.0, 0.0)	(83.0, 0.0)	(84.0, 0.0)	(85.0, 0.0)	(86.0, 0.0)	(87.0, 0.0)	(88.0, 0.0)	(89.0, 0.0)	(90.0, 0.0)	(91.0, 0.0)	(92.0, 0.0)	(93.0, 0.0)	(94.0, 0.0)	(95.0, 0.0)	(96.0, 0.0)	(97.0, 0.0)	(98.0, 0.0)	(99.0, 0.0)	(100.0, 0.0)
SRR3667002_2	(0.0, 0.0)	(1.0, 0.0)	(2.0, 0.0)	(3.0, 0.0)	(4.0, 0.0)	(5.0, 0.0)	(6.0, 0.0)	(7.0, 0.0)	(8.0, 0.0)	(9.0, 0.0)	(10.0, 0.0)	(11.0, 0.0)	(12.0, 0.0)	(13.0, 0.0)	(14.0, 0.0)	(15.0, 0.0)	(16.0, 0.0)	(17.0, 0.0)	(18.0, 0.0)	(19.0, 0.5)	(20.0, 0.8333333333333333)	(21.0, 0.3333333333333333)	(22.0, 0.3333333333333333)	(23.0, 0.0)	(24.0, 0.0)	(25.0, 0.0)	(26.0, 0.0)	(27.0, 0.0)	(28.0, 0.0)	(29.0, 0.0)	(30.0, 0.3333333333333333)	(31.0, 0.6666666666666666)	(32.0, 0.6666666666666666)	(33.0, 0.3333333333333333)	(34.0, 0.0)	(35.0, 0.6666666666666666)	(36.0, 1.6666666666666665)	(37.0, 1.3333333333333333)	(38.0, 1.6666666666666665)	(39.0, 2.333333333333333)	(40.0, 1.6666666666666665)	(41.0, 2.6666666666666665)	(42.0, 5.999999999999998)	(43.0, 89.9999999999998)	(44.0, 96.9999999999997)	(45.0, 129.66666666666598)	(46.0, 437.99999999999255)	(47.0, 4260.333333333929)	(48.0, 4474.333333333734)	(49.0, 1030.3333333333783)	(50.0, 1725.9999999998868)	(51.0, 8425.333333330776)	(52.0, 13085.333333339251)	(53.0, 9639.999999999653)	(54.0, 10602.833333334735)	(55.0, 2447.499999999995)	(56.0, 1024.8333333333794)	(57.0, 460.9999999999913)	(58.0, 582.3333333333297)	(59.0, 411.99999999999415)	(60.0, 71.00000000000007)	(61.0, 38.833333333333336)	(62.0, 143.99999999999972)	(63.0, 378.3333333333293)	(64.0, 125.33333333333263)	(65.0, 30.333333333333293)	(66.0, 51.000000000000085)	(67.0, 1141.6666666666863)	(68.0, 995.0000000000432)	(69.0, 29.66666666666663)	(70.0, 6.999999999999997)	(71.0, 1.9999999999999998)	(72.0, 1.9999999999999998)	(73.0, 1.6666666666666665)	(74.0, 1.0)	(75.0, 1.0)	(76.0, 1.0)	(77.0, 1.0)	(78.0, 0.6666666666666666)	(79.0, 0.6666666666666666)	(80.0, 0.0)	(81.0, 0.0)	(82.0, 0.0)	(83.0, 0.3333333333333333)	(84.0, 0.6666666666666666)	(85.0, 0.3333333333333333)	(86.0, 0.3333333333333333)	(87.0, 0.6666666666666666)	(88.0, 0.3333333333333333)	(89.0, 0.3333333333333333)	(90.0, 0.6666666666666666)	(91.0, 0.0)	(92.0, 0.0)	(93.0, 0.0)	(94.0, 0.0)	(95.0, 0.0)	(96.0, 0.0)	(97.0, 0.3333333333333333)	(98.0, 0.0)	(99.0, 0.3333333333333333)	(100.0, 0.5)
SRR3667003_1	(0.0, 0.0)	(1.0, 0.0)	(2.0, 0.0)	(3.0, 0.0)	(4.0, 0.0)	(5.0, 0.0)	(6.0, 0.0)	(7.0, 0.0)	(8.0, 0.0)	(9.0, 0.0)	(10.0, 0.0)	(11.0, 0.0)	(12.0, 0.0)	(13.0, 0.0)	(14.0, 0.0)	(15.0, 0.0)	(16.0, 0.0)	(17.0, 0.0)	(18.0, 0.0)	(19.0, 0.0)	(20.0, 0.0)	(21.0, 0.0)	(22.0, 0.3333333333333333)	(23.0, 0.0)	(24.0, 0.0)	(25.0, 0.0)	(26.0, 0.0)	(27.0, 0.0)	(28.0, 0.3333333333333333)	(29.0, 0.0)	(30.0, 0.0)	(31.0, 0.0)	(32.0, 0.3333333333333333)	(33.0, 1.0)	(34.0, 0.3333333333333333)	(35.0, 1.0)	(36.0, 1.3333333333333333)	(37.0, 0.3333333333333333)	(38.0, 0.6666666666666666)	(39.0, 0.6666666666666666)	(40.0, 1.3333333333333333)	(41.0, 1.0)	(42.0, 2.6666666666666665)	(43.0, 3.666666666666667)	(44.0, 39.66666666666667)	(45.0, 887.3333333333643)	(46.0, 2176.3333333332052)	(47.0, 1669.6666666665662)	(48.0, 4070.3333333340665)	(49.0, 5954.333333332388)	(50.0, 5448.166666666181)	(51.0, 3941.1666666673405)	(52.0, 4209.166666667308)	(53.0, 4946.999999999971)	(54.0, 5087.66666666651)	(55.0, 5853.166666665814)	(56.0, 5810.666666665852)	(57.0, 4010.0000000007058)	(58.0, 2106.4999999998404)	(59.0, 2172.4999999998704)	(60.0, 1693.6666666665608)	(61.0, 479.99999999999017)	(62.0, 716.6666666666782)	(63.0, 858.333333333361)	(64.0, 275.66666666666845)	(65.0, 89.9999999999998)	(66.0, 24.99999999999998)	(67.0, 2.333333333333333)	(68.0, 1.0)	(69.0, 0.3333333333333333)	(70.0, 0.0)	(71.0, 0.0)	(72.0, 0.0)	(73.0, 0.0)	(74.0, 0.0)	(75.0, 0.0)	(76.0, 0.0)	(77.0, 0.0)	(78.0, 0.0)	(79.0, 0.3333333333333333)	(80.0, 0.3333333333333333)	(81.0, 0.0)	(82.0, 0.0)	(83.0, 0.0)	(84.0, 0.0)	(85.0, 0.0)	(86.0, 0.0)	(87.0, 0.0)	(88.0, 0.0)	(89.0, 0.0)	(90.0, 0.0)	(91.0, 0.0)	(92.0, 0.0)	(93.0, 0.0)	(94.0, 0.0)	(95.0, 0.0)	(96.0, 0.0)	(97.0, 0.0)	(98.0, 0.0)	(99.0, 0.0)	(100.0, 0.0)
SRR3667003_2	(0.0, 0.0)	(1.0, 0.0)	(2.0, 0.0)	(3.0, 0.0)	(4.0, 0.0)	(5.0, 0.0)	(6.0, 0.0)	(7.0, 0.0)	(8.0, 0.0)	(9.0, 0.0)	(10.0, 0.0)	(11.0, 0.0)	(12.0, 0.0)	(13.0, 0.0)	(14.0, 0.0)	(15.0, 0.0)	(16.0, 0.3333333333333333)	(17.0, 0.0)	(18.0, 0.0)	(19.0, 0.0)	(20.0, 0.0)	(21.0, 0.0)	(22.0, 0.0)	(23.0, 0.0)	(24.0, 0.6666666666666666)	(25.0, 0.0)	(26.0, 0.0)	(27.0, 0.0)	(28.0, 0.0)	(29.0, 0.0)	(30.0, 0.3333333333333333)	(31.0, 0.0)	(32.0, 0.3333333333333333)	(33.0, 0.3333333333333333)	(34.0, 0.3333333333333333)	(35.0, 0.6666666666666666)	(36.0, 0.3333333333333333)	(37.0, 0.6666666666666666)	(38.0, 1.0)	(39.0, 1.3333333333333333)	(40.0, 4.666666666666666)	(41.0, 4.666666666666666)	(42.0, 8.666666666666664)	(43.0, 51.33333333333342)	(44.0, 114.33333333333279)	(45.0, 599.9999999999983)	(46.0, 5032.66666666656)	(47.0, 7915.666666663938)	(48.0, 4390.0000000004775)	(49.0, 2041.6666666664817)	(50.0, 4517.166666667028)	(51.0, 6068.3333333322835)	(52.0, 6619.833333331783)	(53.0, 5856.333333332477)	(54.0, 5821.666666665842)	(55.0, 4437.666666667101)	(56.0, 2265.1666666665787)	(57.0, 677.500000000007)	(58.0, 1351.1666666666388)	(59.0, 2133.833333333186)	(60.0, 427.6666666666598)	(61.0, 106.3333333333329)	(62.0, 93.99999999999974)	(63.0, 170.66666666666714)	(64.0, 170.66666666666714)	(65.0, 53.66666666666677)	(66.0, 49.66666666666674)	(67.0, 756.3333333333494)	(68.0, 672.0000000000065)	(69.0, 17.66666666666667)	(70.0, 4.333333333333333)	(71.0, 4.0)	(72.0, 2.6666666666666665)	(73.0, 2.6666666666666665)	(74.0, 1.9999999999999998)	(75.0, 1.3333333333333333)	(76.0, 0.0)	(77.0, 0.0)	(78.0, 0.3333333333333333)	(79.0, 0.6666666666666666)	(80.0, 0.6666666666666666)	(81.0, 0.3333333333333333)	(82.0, 0.3333333333333333)	(83.0, 0.6666666666666666)	(84.0, 0.3333333333333333)	(85.0, 0.6666666666666666)	(86.0, 0.3333333333333333)	(87.0, 0.6666666666666666)	(88.0, 0.6666666666666666)	(89.0, 0.3333333333333333)	(90.0, 0.3333333333333333)	(91.0, 0.0)	(92.0, 0.0)	(93.0, 0.0)	(94.0, 0.0)	(95.0, 0.0)	(96.0, 0.0)	(97.0, 0.3333333333333333)	(98.0, 0.3333333333333333)	(99.0, 0.0)	(100.0, 0.5)
SRR3667004_1	(0.0, 0.0)	(1.0, 0.0)	(2.0, 0.0)	(3.0, 0.0)	(4.0, 0.0)	(5.0, 0.0)	(6.0, 0.0)	(7.0, 0.0)	(8.0, 0.0)	(9.0, 0.0)	(10.0, 0.0)	(11.0, 0.0)	(12.0, 0.0)	(13.0, 0.0)	(14.0, 0.0)	(15.0, 0.0)	(16.0, 0.0)	(17.0, 0.0)	(18.0, 0.0)	(19.0, 0.0)	(20.0, 0.0)	(21.0, 0.0)	(22.0, 0.0)	(23.0, 0.0)	(24.0, 0.0)	(25.0, 0.0)	(26.0, 0.0)	(27.0, 0.0)	(28.0, 0.0)	(29.0, 0.0)	(30.0, 0.0)	(31.0, 0.0)	(32.0, 0.0)	(33.0, 0.3333333333333333)	(34.0, 0.6666666666666666)	(35.0, 0.6666666666666666)	(36.0, 1.0)	(37.0, 1.0)	(38.0, 1.3333333333333333)	(39.0, 1.6666666666666665)	(40.0, 4.666666666666666)	(41.0, 5.999999999999998)	(42.0, 8.33333333333333)	(43.0, 12.333333333333337)	(44.0, 39.0)	(45.0, 499.99999999998903)	(46.0, 1137.0000000000207)	(47.0, 1044.6666666667084)	(48.0, 1345.4999999999734)	(49.0, 4510.000000000367)	(50.0, 8886.999999998285)	(51.0, 11944.500000003844)	(52.0, 15352.500000010044)	(53.0, 13628.500000006909)	(54.0, 14748.333333342278)	(55.0, 18388.500000004628)	(56.0, 15765.833333344126)	(57.0, 10117.666666667188)	(58.0, 5531.49999999944)	(59.0, 2656.5000000000905)	(60.0, 1622.666666666577)	(61.0, 915.3333333333675)	(62.0, 918.6666666667012)	(63.0, 988.3333333333758)	(64.0, 639.0000000000027)	(65.0, 280.66666666666816)	(66.0, 125.66666666666596)	(67.0, 25.33333333333331)	(68.0, 6.333333333333331)	(69.0, 0.3333333333333333)	(70.0, 0.3333333333333333)	(71.0, 0.0)	(72.0, 0.0)	(73.0, 0.0)	(74.0, 0.0)	(75.0, 0.0)	(76.0, 0.0)	(77.0, 0.0)	(78.0, 0.0)	(79.0, 0.0)	(80.0, 0.0)	(81.0, 0.0)	(82.0, 0.0)	(83.0, 0.0)	(84.0, 0.0)	(85.0, 0.0)	(86.0, 0.0)	(87.0, 0.0)	(88.0, 0.0)	(89.0, 0.0)	(90.0, 0.0)	(91.0, 0.0)	(92.0, 0.0)	(93.0, 0.0)	(94.0, 0.0)	(95.0, 0.0)	(96.0, 0.0)	(97.0, 0.0)	(98.0, 0.0)	(99.0, 0.0)	(100.0, 0.0)
SRR3667004_2	(0.0, 0.0)	(1.0, 0.0)	(2.0, 0.0)	(3.0, 0.0)	(4.0, 0.0)	(5.0, 0.0)	(6.0, 0.0)	(7.0, 0.0)	(8.0, 0.0)	(9.0, 0.0)	(10.0, 0.0)	(11.0, 0.0)	(12.0, 0.0)	(13.0, 0.0)	(14.0, 0.0)	(15.0, 0.0)	(16.0, 0.0)	(17.0, 0.3333333333333333)	(18.0, 0.3333333333333333)	(19.0, 0.0)	(20.0, 0.0)	(21.0, 0.0)	(22.0, 0.0)	(23.0, 0.3333333333333333)	(24.0, 0.0)	(25.0, 0.0)	(26.0, 0.6666666666666666)	(27.0, 0.0)	(28.0, 0.6666666666666666)	(29.0, 0.6666666666666666)	(30.0, 0.6666666666666666)	(31.0, 0.6666666666666666)	(32.0, 0.6666666666666666)	(33.0, 0.6666666666666666)	(34.0, 3.0)	(35.0, 1.6666666666666665)	(36.0, 4.333333333333333)	(37.0, 4.0)	(38.0, 5.333333333333332)	(39.0, 8.33333333333333)	(40.0, 9.333333333333332)	(41.0, 14.666666666666675)	(42.0, 246.33333333333596)	(43.0, 1027.333333333379)	(44.0, 605.3333333333322)	(45.0, 969.0000000000402)	(46.0, 3223.666666667015)	(47.0, 8481.999999997546)	(48.0, 12857.666666672172)	(49.0, 7038.666666664735)	(50.0, 7536.999999997615)	(51.0, 13442.666666673236)	(52.0, 12718.333333338585)	(53.0, 8484.666666664218)	(54.0, 11150.666666669067)	(55.0, 10326.833333334234)	(56.0, 14585.666666675314)	(57.0, 12269.1666666711)	(58.0, 2101.6666666665046)	(59.0, 917.6666666667011)	(60.0, 405.33333333332774)	(61.0, 232.6666666666689)	(62.0, 293.3333333333341)	(63.0, 351.99999999999744)	(64.0, 169.6666666666671)	(65.0, 81.66666666666659)	(66.0, 90.33333333333313)	(67.0, 817.000000000023)	(68.0, 800.3333333333544)	(69.0, 33.66666666666663)	(70.0, 7.9999999999999964)	(71.0, 7.33333333333333)	(72.0, 4.666666666666666)	(73.0, 2.6666666666666665)	(74.0, 3.3333333333333335)	(75.0, 1.9999999999999998)	(76.0, 0.3333333333333333)	(77.0, 0.6666666666666666)	(78.0, 0.3333333333333333)	(79.0, 0.6666666666666666)	(80.0, 0.6666666666666666)	(81.0, 0.6666666666666666)	(82.0, 1.0)	(83.0, 0.3333333333333333)	(84.0, 0.3333333333333333)	(85.0, 1.0)	(86.0, 0.0)	(87.0, 0.6666666666666666)	(88.0, 0.6666666666666666)	(89.0, 0.3333333333333333)	(90.0, 0.3333333333333333)	(91.0, 0.3333333333333333)	(92.0, 1.0)	(93.0, 1.0)	(94.0, 0.0)	(95.0, 0.3333333333333333)	(96.0, 0.0)	(97.0, 0.0)	(98.0, 0.6666666666666666)	(99.0, 0.6666666666666666)	(100.0, 2.0)
SRR3667005_1	(0.0, 26.0)	(1.0, 13.0)	(2.0, 0.0)	(3.0, 0.0)	(4.0, 0.0)	(5.0, 0.0)	(6.0, 0.0)	(7.0, 0.0)	(8.0, 0.0)	(9.0, 0.0)	(10.0, 0.0)	(11.0, 0.0)	(12.0, 0.0)	(13.0, 0.0)	(14.0, 0.0)	(15.0, 0.0)	(16.0, 0.0)	(17.0, 0.5)	(18.0, 0.5)	(19.0, 0.5)	(20.0, 0.5)	(21.0, 0.6666666666666666)	(22.0, 2.6666666666666665)	(23.0, 4.666666666666666)	(24.0, 5.499999999999999)	(25.0, 12.333333333333336)	(26.0, 16.833333333333336)	(27.0, 26.999999999999993)	(28.0, 33.66666666666664)	(29.0, 42.16666666666667)	(30.0, 60.83333333333343)	(31.0, 63.83333333333343)	(32.0, 59.83333333333342)	(33.0, 59.83333333333342)	(34.0, 60.5000000000001)	(35.0, 54.500000000000064)	(36.0, 58.66666666666676)	(37.0, 64.00000000000013)	(38.0, 53.66666666666673)	(39.0, 59.00000000000008)	(40.0, 62.00000000000008)	(41.0, 64.83333333333339)	(42.0, 61.000000000000085)	(43.0, 56.16666666666672)	(44.0, 58.33333333333341)	(45.0, 61.00000000000011)	(46.0, 72.83333333333333)	(47.0, 89.33333333333323)	(48.0, 231.33333333333533)	(49.0, 658.5000000000042)	(50.0, 3049.1666666669307)	(51.0, 8221.666666663756)	(52.0, 9140.333333332079)	(53.0, 4647.16666666691)	(54.0, 4051.1666666673873)	(55.0, 6961.499999998143)	(56.0, 5345.833333332941)	(57.0, 2893.5000000001974)	(58.0, 1206.5000000000052)	(59.0, 478.9999999999905)	(60.0, 233.00000000000205)	(61.0, 101.66666666666646)	(62.0, 99.99999999999977)	(63.0, 115.99999999999953)	(64.0, 52.8333333333334)	(65.0, 17.333333333333336)	(66.0, 14.500000000000005)	(67.0, 13.000000000000002)	(68.0, 7.666666666666665)	(69.0, 4.166666666666667)	(70.0, 2.6666666666666665)	(71.0, 3.5)	(72.0, 2.6666666666666665)	(73.0, 1.6666666666666665)	(74.0, 0.8333333333333333)	(75.0, 0.5)	(76.0, 0.0)	(77.0, 0.0)	(78.0, 0.0)	(79.0, 0.0)	(80.0, 0.0)	(81.0, 0.0)	(82.0, 0.0)	(83.0, 0.0)	(84.0, 0.0)	(85.0, 0.0)	(86.0, 0.0)	(87.0, 0.0)	(88.0, 0.0)	(89.0, 0.0)	(90.0, 0.0)	(91.0, 0.0)	(92.0, 0.0)	(93.0, 0.0)	(94.0, 0.0)	(95.0, 0.0)	(96.0, 0.0)	(97.0, 0.0)	(98.0, 0.0)	(99.0, 0.0)	(100.0, 0.0)
SRR3667005_2	(0.0, 22.0)	(1.0, 11.0)	(2.0, 0.0)	(3.0, 0.0)	(4.0, 0.0)	(5.0, 0.0)	(6.0, 0.3333333333333333)	(7.0, 0.3333333333333333)	(8.0, 0.3333333333333333)	(9.0, 0.0)	(10.0, 0.0)	(11.0, 0.3333333333333333)	(12.0, 0.3333333333333333)	(13.0, 0.0)	(14.0, 0.0)	(15.0, 0.3333333333333333)	(16.0, 0.3333333333333333)	(17.0, 0.3333333333333333)	(18.0, 0.5)	(19.0, 1.1666666666666665)	(20.0, 1.1666666666666665)	(21.0, 2.333333333333333)	(22.0, 4.666666666666666)	(23.0, 4.999999999999999)	(24.0, 7.499999999999999)	(25.0, 10.833333333333334)	(26.0, 14.833333333333337)	(27.0, 23.333333333333332)	(28.0, 36.66666666666667)	(29.0, 48.00000000000005)	(30.0, 62.00000000000012)	(31.0, 69.66666666666671)	(32.0, 64.33333333333343)	(33.0, 57.83333333333341)	(34.0, 55.00000000000007)	(35.0, 54.83333333333342)	(36.0, 54.33333333333339)	(37.0, 65.50000000000009)	(38.0, 65.00000000000011)	(39.0, 62.83333333333343)	(40.0, 62.500000000000085)	(41.0, 81.16666666666661)	(42.0, 1787.9999999998747)	(43.0, 6006.833333332343)	(44.0, 1321.1666666666463)	(45.0, 282.66666666666777)	(46.0, 597.9999999999984)	(47.0, 406.1666666666617)	(48.0, 1319.4999999999807)	(49.0, 1170.5000000000125)	(50.0, 599.6666666666653)	(51.0, 1490.3333333332753)	(52.0, 1783.166666666543)	(53.0, 1400.4999999999625)	(54.0, 6004.16666666568)	(55.0, 6933.999999998167)	(56.0, 8443.833333330818)	(57.0, 6333.833333332046)	(58.0, 982.1666666667081)	(59.0, 312.8333333333329)	(60.0, 211.00000000000136)	(61.0, 56.33333333333339)	(62.0, 37.166666666666664)	(63.0, 36.0)	(64.0, 28.833333333333314)	(65.0, 25.83333333333331)	(66.0, 17.833333333333336)	(67.0, 72.50000000000007)	(68.0, 67.66666666666679)	(69.0, 14.500000000000007)	(70.0, 10.833333333333334)	(71.0, 6.666666666666665)	(72.0, 3.833333333333334)	(73.0, 3.666666666666667)	(74.0, 2.1666666666666665)	(75.0, 1.1666666666666665)	(76.0, 1.0)	(77.0, 1.0)	(78.0, 0.6666666666666666)	(79.0, 0.0)	(80.0, 0.0)	(81.0, 0.0)	(82.0, 0.0)	(83.0, 0.0)	(84.0, 0.3333333333333333)	(85.0, 0.0)	(86.0, 0.0)	(87.0, 0.0)	(88.0, 0.0)	(89.0, 0.0)	(90.0, 0.0)	(91.0, 0.0)	(92.0, 0.0)	(93.0, 0.3333333333333333)	(94.0, 0.3333333333333333)	(95.0, 0.0)	(96.0, 0.0)	(97.0, 0.0)	(98.0, 0.0)	(99.0, 0.3333333333333333)	(100.0, 1.0)
SRR3667006_1	(0.0, 0.0)	(1.0, 0.0)	(2.0, 0.0)	(3.0, 0.0)	(4.0, 0.0)	(5.0, 0.0)	(6.0, 0.0)	(7.0, 0.0)	(8.0, 0.0)	(9.0, 0.0)	(10.0, 0.0)	(11.0, 0.0)	(12.0, 0.0)	(13.0, 0.0)	(14.0, 0.0)	(15.0, 0.0)	(16.0, 0.0)	(17.0, 0.0)	(18.0, 0.0)	(19.0, 0.0)	(20.0, 0.0)	(21.0, 0.0)	(22.0, 0.0)	(23.0, 0.0)	(24.0, 0.0)	(25.0, 0.0)	(26.0, 0.6666666666666666)	(27.0, 0.3333333333333333)	(28.0, 0.0)	(29.0, 0.3333333333333333)	(30.0, 0.3333333333333333)	(31.0, 0.0)	(32.0, 0.3333333333333333)	(33.0, 0.3333333333333333)	(34.0, 0.6666666666666666)	(35.0, 1.0)	(36.0, 0.6666666666666666)	(37.0, 1.0)	(38.0, 0.0)	(39.0, 0.6666666666666666)	(40.0, 0.6666666666666666)	(41.0, 1.9999999999999998)	(42.0, 1.6666666666666665)	(43.0, 2.333333333333333)	(44.0, 7.33333333333333)	(45.0, 111.66666666666616)	(46.0, 427.9999999999931)	(47.0, 764.6666666666837)	(48.0, 1472.9999999999443)	(49.0, 3164.666666666987)	(50.0, 4533.666666667011)	(51.0, 4716.666666666845)	(52.0, 6462.833333331926)	(53.0, 6012.499999999003)	(54.0, 3532.833333333822)	(55.0, 4236.500000000618)	(56.0, 4324.666666667204)	(57.0, 3775.0000000005975)	(58.0, 4495.666666667046)	(59.0, 3417.6666666671026)	(60.0, 1307.499999999982)	(61.0, 264.5000000000024)	(62.0, 219.50000000000188)	(63.0, 326.66666666666555)	(64.0, 164.00000000000028)	(65.0, 23.499999999999982)	(66.0, 4.0)	(67.0, 1.6666666666666665)	(68.0, 0.3333333333333333)	(69.0, 0.3333333333333333)	(70.0, 0.0)	(71.0, 0.0)	(72.0, 0.0)	(73.0, 0.0)	(74.0, 0.3333333333333333)	(75.0, 0.0)	(76.0, 0.0)	(77.0, 0.0)	(78.0, 0.0)	(79.0, 0.0)	(80.0, 0.0)	(81.0, 0.0)	(82.0, 0.0)	(83.0, 0.0)	(84.0, 0.0)	(85.0, 0.0)	(86.0, 0.0)	(87.0, 0.0)	(88.0, 0.0)	(89.0, 0.0)	(90.0, 0.0)	(91.0, 0.0)	(92.0, 0.0)	(93.0, 0.0)	(94.0, 0.0)	(95.0, 0.0)	(96.0, 0.0)	(97.0, 0.0)	(98.0, 0.0)	(99.0, 0.0)	(100.0, 0.0)
SRR3667006_2	(0.0, 0.0)	(1.0, 0.0)	(2.0, 0.0)	(3.0, 0.0)	(4.0, 0.0)	(5.0, 0.0)	(6.0, 0.0)	(7.0, 0.0)	(8.0, 0.0)	(9.0, 0.0)	(10.0, 0.0)	(11.0, 0.0)	(12.0, 0.0)	(13.0, 0.0)	(14.0, 0.0)	(15.0, 0.0)	(16.0, 0.0)	(17.0, 0.0)	(18.0, 0.0)	(19.0, 0.3333333333333333)	(20.0, 0.0)	(21.0, 0.0)	(22.0, 0.0)	(23.0, 0.0)	(24.0, 0.0)	(25.0, 0.0)	(26.0, 0.6666666666666666)	(27.0, 0.6666666666666666)	(28.0, 0.3333333333333333)	(29.0, 0.6666666666666666)	(30.0, 1.0)	(31.0, 1.3333333333333333)	(32.0, 0.3333333333333333)	(33.0, 1.0)	(34.0, 0.6666666666666666)	(35.0, 0.6666666666666666)	(36.0, 0.6666666666666666)	(37.0, 1.9999999999999998)	(38.0, 2.6666666666666665)	(39.0, 2.6666666666666665)	(40.0, 6.666666666666664)	(41.0, 22.666666666666654)	(42.0, 86.66666666666652)	(43.0, 2636.666666666748)	(44.0, 2471.000000000006)	(45.0, 751.6666666666822)	(46.0, 1323.3333333333117)	(47.0, 4203.333333333981)	(48.0, 5437.999999999524)	(49.0, 5145.333333333124)	(50.0, 6855.999999998235)	(51.0, 4930.999999999985)	(52.0, 5453.999999999511)	(53.0, 3634.666666667201)	(54.0, 1922.1666666665094)	(55.0, 2225.499999999895)	(56.0, 2680.3333333334344)	(57.0, 762.8333333333501)	(58.0, 510.8333333333219)	(59.0, 1436.6666666666192)	(60.0, 516.4999999999889)	(61.0, 60.16666666666682)	(62.0, 32.99999999999996)	(63.0, 79.83333333333329)	(64.0, 26.333333333333304)	(65.0, 10.833333333333336)	(66.0, 37.99999999999999)	(67.0, 199.66666666666796)	(68.0, 120.99999999999936)	(69.0, 7.9999999999999964)	(70.0, 14.666666666666675)	(71.0, 10.666666666666668)	(72.0, 1.3333333333333333)	(73.0, 2.333333333333333)	(74.0, 1.6666666666666665)	(75.0, 0.6666666666666666)	(76.0, 0.3333333333333333)	(77.0, 1.3333333333333333)	(78.0, 0.0)	(79.0, 0.6666666666666666)	(80.0, 0.0)	(81.0, 0.0)	(82.0, 0.0)	(83.0, 0.0)	(84.0, 0.0)	(85.0, 0.3333333333333333)	(86.0, 0.0)	(87.0, 0.3333333333333333)	(88.0, 0.0)	(89.0, 0.0)	(90.0, 0.3333333333333333)	(91.0, 0.0)	(92.0, 0.0)	(93.0, 0.0)	(94.0, 0.0)	(95.0, 0.0)	(96.0, 0.3333333333333333)	(97.0, 0.0)	(98.0, 0.0)	(99.0, 0.3333333333333333)	(100.0, 0.5)
SRR3667007_1	(0.0, 0.0)	(1.0, 0.0)	(2.0, 0.0)	(3.0, 0.0)	(4.0, 0.0)	(5.0, 0.0)	(6.0, 0.0)	(7.0, 0.0)	(8.0, 0.0)	(9.0, 0.0)	(10.0, 0.0)	(11.0, 0.0)	(12.0, 0.0)	(13.0, 0.0)	(14.0, 0.0)	(15.0, 0.0)	(16.0, 0.3333333333333333)	(17.0, 0.3333333333333333)	(18.0, 1.8333333333333333)	(19.0, 2.833333333333333)	(20.0, 1.9999999999999998)	(21.0, 1.3333333333333333)	(22.0, 1.8333333333333333)	(23.0, 3.166666666666667)	(24.0, 3.3333333333333335)	(25.0, 3.3333333333333335)	(26.0, 3.666666666666667)	(27.0, 4.0)	(28.0, 4.999999999999999)	(29.0, 4.0)	(30.0, 3.5000000000000004)	(31.0, 2.8333333333333335)	(32.0, 7.83333333333333)	(33.0, 8.499999999999998)	(34.0, 9.333333333333332)	(35.0, 9.333333333333332)	(36.0, 14.33333333333334)	(37.0, 16.833333333333336)	(38.0, 15.666666666666673)	(39.0, 16.333333333333343)	(40.0, 15.666666666666677)	(41.0, 15.166666666666675)	(42.0, 15.500000000000009)	(43.0, 17.833333333333336)	(44.0, 23.333333333333318)	(45.0, 207.6666666666682)	(46.0, 743.6666666666813)	(47.0, 1406.166666666626)	(48.0, 2516.1666666666933)	(49.0, 5422.1666666662095)	(50.0, 7863.666666663994)	(51.0, 7429.333333331052)	(52.0, 9321.83333333241)	(53.0, 8880.999999998276)	(54.0, 5496.833333332805)	(55.0, 6860.666666664898)	(56.0, 6855.666666664903)	(57.0, 5927.666666665747)	(58.0, 12216.33333333767)	(59.0, 12837.500000005468)	(60.0, 3685.333333333891)	(61.0, 672.6666666666732)	(62.0, 371.3333333333297)	(63.0, 364.3333333333301)	(64.0, 179.33333333333405)	(65.0, 27.666666666666636)	(66.0, 4.333333333333333)	(67.0, 2.6666666666666665)	(68.0, 1.9999999999999998)	(69.0, 1.9999999999999998)	(70.0, 1.0)	(71.0, 0.3333333333333333)	(72.0, 1.0)	(73.0, 0.6666666666666666)	(74.0, 0.0)	(75.0, 0.0)	(76.0, 0.6666666666666666)	(77.0, 0.6666666666666666)	(78.0, 0.3333333333333333)	(79.0, 0.3333333333333333)	(80.0, 0.0)	(81.0, 0.0)	(82.0, 0.0)	(83.0, 0.0)	(84.0, 0.0)	(85.0, 0.0)	(86.0, 0.0)	(87.0, 0.0)	(88.0, 0.0)	(89.0, 0.0)	(90.0, 0.0)	(91.0, 0.0)	(92.0, 0.0)	(93.0, 0.0)	(94.0, 0.0)	(95.0, 0.0)	(96.0, 0.0)	(97.0, 0.0)	(98.0, 0.0)	(99.0, 0.0)	(100.0, 0.0)
SRR3667007_2	(0.0, 0.0)	(1.0, 0.0)	(2.0, 0.0)	(3.0, 0.0)	(4.0, 0.0)	(5.0, 0.0)	(6.0, 0.0)	(7.0, 0.0)	(8.0, 0.0)	(9.0, 0.0)	(10.0, 0.3333333333333333)	(11.0, 0.3333333333333333)	(12.0, 0.0)	(13.0, 0.0)	(14.0, 0.5)	(15.0, 0.5)	(16.0, 1.5)	(17.0, 1.5)	(18.0, 1.3333333333333333)	(19.0, 0.3333333333333333)	(20.0, 1.0)	(21.0, 1.3333333333333333)	(22.0, 2.6666666666666665)	(23.0, 1.9999999999999998)	(24.0, 1.6666666666666665)	(25.0, 4.0)	(26.0, 5.999999999999998)	(27.0, 3.0)	(28.0, 5.666666666666665)	(29.0, 4.999999999999999)	(30.0, 5.166666666666666)	(31.0, 6.499999999999998)	(32.0, 4.999999999999999)	(33.0, 8.33333333333333)	(34.0, 8.666666666666664)	(35.0, 7.499999999999997)	(36.0, 15.166666666666677)	(37.0, 15.166666666666675)	(38.0, 14.166666666666673)	(39.0, 16.500000000000007)	(40.0, 19.833333333333332)	(41.0, 22.833333333333325)	(42.0, 79.66666666666661)	(43.0, 4919.8333333333285)	(44.0, 4525.166666667021)	(45.0, 1570.9999999999222)	(46.0, 2401.4999999999745)	(47.0, 5861.166666665806)	(48.0, 7872.666666663978)	(49.0, 8270.833333330496)	(50.0, 10073.00000000044)	(51.0, 7422.166666664386)	(52.0, 11721.666666670106)	(53.0, 16934.333333343242)	(54.0, 5842.6666666658275)	(55.0, 4313.333333333877)	(56.0, 4011.8333333340347)	(57.0, 990.3333333333757)	(58.0, 371.666666666663)	(59.0, 919.6666666667013)	(60.0, 442.666666666659)	(61.0, 78.66666666666663)	(62.0, 45.00000000000004)	(63.0, 101.33333333333297)	(64.0, 35.66666666666664)	(65.0, 12.666666666666671)	(66.0, 20.66666666666666)	(67.0, 163.3333333333336)	(68.0, 118.33333333333273)	(69.0, 6.333333333333331)	(70.0, 40.00000000000001)	(71.0, 34.99999999999997)	(72.0, 4.999999999999999)	(73.0, 2.6666666666666665)	(74.0, 1.3333333333333333)	(75.0, 1.6666666666666665)	(76.0, 1.6666666666666665)	(77.0, 1.3333333333333333)	(78.0, 0.3333333333333333)	(79.0, 0.3333333333333333)	(80.0, 1.0)	(81.0, 0.6666666666666666)	(82.0, 0.0)	(83.0, 0.3333333333333333)	(84.0, 0.3333333333333333)	(85.0, 0.6666666666666666)	(86.0, 0.3333333333333333)	(87.0, 0.3333333333333333)	(88.0, 0.3333333333333333)	(89.0, 0.0)	(90.0, 0.0)	(91.0, 0.0)	(92.0, 0.0)	(93.0, 0.3333333333333333)	(94.0, 0.3333333333333333)	(95.0, 0.0)	(96.0, 0.3333333333333333)	(97.0, 0.0)	(98.0, 0.3333333333333333)	(99.0, 0.6666666666666666)	(100.0, 2.0)
SRR3667008_1	(0.0, 0.0)	(1.0, 0.0)	(2.0, 0.0)	(3.0, 0.0)	(4.0, 0.0)	(5.0, 0.0)	(6.0, 0.0)	(7.0, 0.0)	(8.0, 0.0)	(9.0, 0.0)	(10.0, 0.0)	(11.0, 0.0)	(12.0, 0.0)	(13.0, 0.0)	(14.0, 0.0)	(15.0, 0.0)	(16.0, 0.0)	(17.0, 0.0)	(18.0, 0.0)	(19.0, 0.0)	(20.0, 0.0)	(21.0, 0.0)	(22.0, 0.0)	(23.0, 0.0)	(24.0, 0.0)	(25.0, 0.0)	(26.0, 0.0)	(27.0, 0.0)	(28.0, 0.0)	(29.0, 0.0)	(30.0, 0.0)	(31.0, 0.0)	(32.0, 0.0)	(33.0, 0.5)	(34.0, 0.75)	(35.0, 0.25)	(36.0, 0.0)	(37.0, 0.0)	(38.0, 0.5)	(39.0, 0.75)	(40.0, 2.25)	(41.0, 3.75)	(42.0, 3.25)	(43.0, 4.083333333333333)	(44.0, 7.333333333333333)	(45.0, 93.83333333333333)	(46.0, 989.1666666666667)	(47.0, 3359.916666666667)	(48.0, 3398.3333333333344)	(49.0, 1531.9999999999993)	(50.0, 986.833333333334)	(51.0, 2860.8333333333344)	(52.0, 4092.9166666666724)	(53.0, 3232.416666666671)	(54.0, 3629.66666666667)	(55.0, 3541.833333333336)	(56.0, 1815.2499999999968)	(57.0, 717.7500000000006)	(58.0, 357.9999999999999)	(59.0, 251.0000000000005)	(60.0, 289.00000000000006)	(61.0, 129.6666666666666)	(62.0, 43.5)	(63.0, 27.416666666666668)	(64.0, 32.83333333333333)	(65.0, 37.83333333333333)	(66.0, 118.5)	(67.0, 353.75)	(68.0, 110.5)	(69.0, 7.5)	(70.0, 2.0)	(71.0, 1.5)	(72.0, 0.5)	(73.0, 0.0)	(74.0, 0.0)	(75.0, 0.0)	(76.0, 0.0)	(77.0, 0.0)	(78.0, 0.0)	(79.0, 0.0)	(80.0, 0.0)	(81.0, 0.25)	(82.0, 0.5)	(83.0, 0.0)	(84.0, 0.0)	(85.0, 0.0)	(86.0, 0.0)	(87.0, 0.0)	(88.0, 0.0)	(89.0, 0.0)	(90.0, 0.0)	(91.0, 0.0)	(92.0, 0.0)	(93.0, 0.0)	(94.0, 0.0)	(95.0, 0.0)	(96.0, 0.0)	(97.0, 0.0)	(98.0, 0.0)	(99.0, 0.0)	(100.0, 0.0)
SRR3667008_2	(0.0, 0.0)	(1.0, 0.0)	(2.0, 0.0)	(3.0, 0.0)	(4.0, 0.0)	(5.0, 0.0)	(6.0, 0.0)	(7.0, 0.0)	(8.0, 0.0)	(9.0, 0.0)	(10.0, 0.0)	(11.0, 0.0)	(12.0, 0.0)	(13.0, 0.0)	(14.0, 0.0)	(15.0, 0.0)	(16.0, 0.0)	(17.0, 0.0)	(18.0, 0.0)	(19.0, 0.0)	(20.0, 0.0)	(21.0, 0.0)	(22.0, 0.0)	(23.0, 0.0)	(24.0, 0.0)	(25.0, 0.0)	(26.0, 0.0)	(27.0, 0.0)	(28.0, 0.0)	(29.0, 0.0)	(30.0, 0.0)	(31.0, 0.0)	(32.0, 0.0)	(33.0, 0.0)	(34.0, 0.25)	(35.0, 0.5)	(36.0, 0.5)	(37.0, 0.3333333333333333)	(38.0, 1.25)	(39.0, 0.25)	(40.0, 1.0833333333333333)	(41.0, 1.0)	(42.0, 1.5833333333333333)	(43.0, 11.083333333333336)	(44.0, 22.08333333333332)	(45.0, 55.41666666666676)	(46.0, 222.83333333333402)	(47.0, 1005.5000000000075)	(48.0, 1998.166666666651)	(49.0, 3568.333333333367)	(50.0, 3097.4166666667234)	(51.0, 1740.999999999962)	(52.0, 2558.0833333333526)	(53.0, 4784.416666666676)	(54.0, 5440.833333333229)	(55.0, 4544.916666666694)	(56.0, 2075.0833333333176)	(57.0, 917.5833333333367)	(58.0, 461.5833333333324)	(59.0, 357.416666666666)	(60.0, 172.9166666666667)	(61.0, 76.66666666666666)	(62.0, 44.250000000000014)	(63.0, 37.0)	(64.0, 27.083333333333325)	(65.0, 31.333333333333325)	(66.0, 43.08333333333335)	(67.0, 122.49999999999976)	(68.0, 218.41666666666706)	(69.0, 171.25000000000003)	(70.0, 81.33333333333333)	(71.0, 33.166666666666664)	(72.0, 14.166666666666666)	(73.0, 4.583333333333334)	(74.0, 1.5)	(75.0, 0.75)	(76.0, 1.0)	(77.0, 0.25)	(78.0, 0.5)	(79.0, 0.25)	(80.0, 0.25)	(81.0, 0.25)	(82.0, 0.5)	(83.0, 0.25)	(84.0, 0.0)	(85.0, 0.5)	(86.0, 0.5)	(87.0, 0.3333333333333333)	(88.0, 0.25)	(89.0, 0.25)	(90.0, 0.0)	(91.0, 0.25)	(92.0, 0.0)	(93.0, 0.25)	(94.0, 0.0)	(95.0, 0.0)	(96.0, 0.0)	(97.0, 0.0)	(98.0, 0.0)	(99.0, 0.25)	(100.0, 0.0)
SRR3667009_1	(0.0, 0.0)	(1.0, 0.0)	(2.0, 0.0)	(3.0, 0.0)	(4.0, 0.0)	(5.0, 0.0)	(6.0, 0.0)	(7.0, 0.0)	(8.0, 0.0)	(9.0, 0.0)	(10.0, 0.0)	(11.0, 0.0)	(12.0, 0.0)	(13.0, 0.0)	(14.0, 0.0)	(15.0, 0.0)	(16.0, 0.0)	(17.0, 0.0)	(18.0, 0.0)	(19.0, 0.0)	(20.0, 0.3333333333333333)	(21.0, 0.0)	(22.0, 0.0)	(23.0, 0.3333333333333333)	(24.0, 0.3333333333333333)	(25.0, 0.0)	(26.0, 0.3333333333333333)	(27.0, 0.3333333333333333)	(28.0, 1.0)	(29.0, 1.0)	(30.0, 0.3333333333333333)	(31.0, 1.3333333333333333)	(32.0, 1.3333333333333333)	(33.0, 1.6666666666666665)	(34.0, 1.3333333333333333)	(35.0, 1.0)	(36.0, 1.3333333333333333)	(37.0, 1.3333333333333333)	(38.0, 2.8333333333333335)	(39.0, 2.1666666666666665)	(40.0, 3.3333333333333335)	(41.0, 0.3333333333333333)	(42.0, 3.0)	(43.0, 6.333333333333331)	(44.0, 5.999999999999998)	(45.0, 6.666666666666664)	(46.0, 30.666666666666625)	(47.0, 203.66666666666808)	(48.0, 1470.1666666666117)	(49.0, 4959.333333333293)	(50.0, 5830.49999999917)	(51.0, 6740.666666665007)	(52.0, 20295.166666664354)	(53.0, 21364.166666660465)	(54.0, 8340.999999997297)	(55.0, 6436.833333331953)	(56.0, 5961.166666665718)	(57.0, 3875.333333333973)	(58.0, 2720.0000000001182)	(59.0, 2226.3333333332284)	(60.0, 1226.000000000001)	(61.0, 559.4999999999937)	(62.0, 541.3333333333251)	(63.0, 691.6666666666755)	(64.0, 580.9999999999962)	(65.0, 554.4999999999933)	(66.0, 143.99999999999972)	(67.0, 26.333333333333307)	(68.0, 23.333333333333318)	(69.0, 8.33333333333333)	(70.0, 1.6666666666666665)	(71.0, 1.3333333333333333)	(72.0, 0.3333333333333333)	(73.0, 0.3333333333333333)	(74.0, 0.3333333333333333)	(75.0, 0.6666666666666666)	(76.0, 0.0)	(77.0, 0.3333333333333333)	(78.0, 0.6666666666666666)	(79.0, 0.3333333333333333)	(80.0, 0.0)	(81.0, 0.0)	(82.0, 0.3333333333333333)	(83.0, 0.3333333333333333)	(84.0, 0.0)	(85.0, 0.0)	(86.0, 0.0)	(87.0, 0.0)	(88.0, 0.0)	(89.0, 0.0)	(90.0, 0.0)	(91.0, 0.0)	(92.0, 0.0)	(93.0, 0.0)	(94.0, 0.0)	(95.0, 0.0)	(96.0, 0.0)	(97.0, 0.0)	(98.0, 0.0)	(99.0, 0.0)	(100.0, 0.0)
SRR3667009_2	(0.0, 0.0)	(1.0, 0.0)	(2.0, 0.0)	(3.0, 0.0)	(4.0, 0.0)	(5.0, 0.0)	(6.0, 0.0)	(7.0, 0.0)	(8.0, 0.0)	(9.0, 0.0)	(10.0, 0.0)	(11.0, 0.0)	(12.0, 0.0)	(13.0, 0.0)	(14.0, 0.0)	(15.0, 0.0)	(16.0, 0.0)	(17.0, 0.0)	(18.0, 0.0)	(19.0, 0.0)	(20.0, 0.0)	(21.0, 0.0)	(22.0, 0.3333333333333333)	(23.0, 0.0)	(24.0, 0.0)	(25.0, 0.0)	(26.0, 0.0)	(27.0, 0.0)	(28.0, 0.3333333333333333)	(29.0, 0.3333333333333333)	(30.0, 1.0)	(31.0, 0.6666666666666666)	(32.0, 1.3333333333333333)	(33.0, 1.6666666666666665)	(34.0, 1.6666666666666665)	(35.0, 0.6666666666666666)	(36.0, 3.666666666666667)	(37.0, 5.666666666666665)	(38.0, 4.999999999999999)	(39.0, 4.5)	(40.0, 6.833333333333331)	(41.0, 13.000000000000005)	(42.0, 32.66666666666662)	(43.0, 377.66666666666265)	(44.0, 453.66666666665833)	(45.0, 856.3333333333608)	(46.0, 1345.3333333333067)	(47.0, 3833.0000000006253)	(48.0, 6717.333333331694)	(49.0, 11455.500000002952)	(50.0, 12391.000000004653)	(51.0, 11154.83333333574)	(52.0, 14179.166666674571)	(53.0, 10144.000000000573)	(54.0, 7917.333333330607)	(55.0, 3656.333333333875)	(56.0, 4225.666666667289)	(57.0, 1598.1666666665842)	(58.0, 1160.6666666666813)	(59.0, 738.8333333333468)	(60.0, 315.4999999999996)	(61.0, 104.16666666666629)	(62.0, 426.4999999999932)	(63.0, 685.1666666666747)	(64.0, 168.66666666666708)	(65.0, 37.83333333333333)	(66.0, 57.333333333333464)	(67.0, 536.9999999999911)	(68.0, 499.99999999998903)	(69.0, 26.333333333333307)	(70.0, 7.9999999999999964)	(71.0, 34.99999999999997)	(72.0, 29.333333333333297)	(73.0, 4.666666666666666)	(74.0, 3.0)	(75.0, 1.6666666666666665)	(76.0, 1.0)	(77.0, 0.3333333333333333)	(78.0, 1.6666666666666665)	(79.0, 1.0)	(80.0, 0.3333333333333333)	(81.0, 0.6666666666666666)	(82.0, 0.6666666666666666)	(83.0, 1.6666666666666665)	(84.0, 0.3333333333333333)	(85.0, 0.0)	(86.0, 0.0)	(87.0, 0.3333333333333333)	(88.0, 0.3333333333333333)	(89.0, 0.0)	(90.0, 0.3333333333333333)	(91.0, 0.0)	(92.0, 0.0)	(93.0, 0.0)	(94.0, 0.0)	(95.0, 0.3333333333333333)	(96.0, 0.3333333333333333)	(97.0, 0.0)	(98.0, 0.0)	(99.0, 0.6666666666666666)	(100.0, 1.5)
SRR3667010_1	(0.0, 2.0)	(1.0, 1.0)	(2.0, 0.0)	(3.0, 0.0)	(4.0, 0.0)	(5.0, 0.0)	(6.0, 0.0)	(7.0, 0.0)	(8.0, 0.0)	(9.0, 0.0)	(10.0, 0.0)	(11.0, 0.0)	(12.0, 0.0)	(13.0, 0.0)	(14.0, 0.0)	(15.0, 0.0)	(16.0, 0.0)	(17.0, 0.0)	(18.0, 0.3333333333333333)	(19.0, 0.3333333333333333)	(20.0, 0.0)	(21.0, 0.0)	(22.0, 0.0)	(23.0, 0.0)	(24.0, 0.0)	(25.0, 0.6666666666666666)	(26.0, 0.6666666666666666)	(27.0, 0.0)	(28.0, 0.3333333333333333)	(29.0, 0.3333333333333333)	(30.0, 0.3333333333333333)	(31.0, 1.0)	(32.0, 1.0)	(33.0, 0.6666666666666666)	(34.0, 0.6666666666666666)	(35.0, 1.0)	(36.0, 1.6666666666666665)	(37.0, 1.3333333333333333)	(38.0, 1.3333333333333333)	(39.0, 1.0)	(40.0, 1.0)	(41.0, 1.9999999999999998)	(42.0, 3.666666666666667)	(43.0, 6.333333333333331)	(44.0, 5.666666666666665)	(45.0, 6.666666666666664)	(46.0, 145.83333333333312)	(47.0, 664.0000000000055)	(48.0, 1562.9999999999243)	(49.0, 3329.000000000396)	(50.0, 4157.1666666673555)	(51.0, 8795.833333331451)	(52.0, 12789.83333333871)	(53.0, 8883.33333333161)	(54.0, 4932.666666666653)	(55.0, 4693.500000000204)	(56.0, 5538.166666666103)	(57.0, 5277.833333333004)	(58.0, 5453.833333332844)	(59.0, 4747.666666666818)	(60.0, 3018.833333333588)	(61.0, 1780.3333333332082)	(62.0, 878.0000000000299)	(63.0, 708.5000000000107)	(64.0, 250.00000000000276)	(65.0, 87.99999999999984)	(66.0, 84.66666666666654)	(67.0, 61.66666666666683)	(68.0, 23.999999999999982)	(69.0, 6.333333333333331)	(70.0, 0.6666666666666666)	(71.0, 0.0)	(72.0, 0.0)	(73.0, 1.0)	(74.0, 0.6666666666666666)	(75.0, 0.0)	(76.0, 0.0)	(77.0, 0.0)	(78.0, 0.0)	(79.0, 0.0)	(80.0, 0.0)	(81.0, 0.0)	(82.0, 0.0)	(83.0, 0.0)	(84.0, 0.0)	(85.0, 0.0)	(86.0, 0.0)	(87.0, 0.0)	(88.0, 0.0)	(89.0, 0.0)	(90.0, 0.0)	(91.0, 0.0)	(92.0, 0.0)	(93.0, 0.0)	(94.0, 0.0)	(95.0, 0.0)	(96.0, 0.0)	(97.0, 0.0)	(98.0, 0.0)	(99.0, 0.0)	(100.0, 0.0)
SRR3667010_2	(0.0, 2.0)	(1.0, 1.3333333333333333)	(2.0, 0.0)	(3.0, 0.0)	(4.0, 0.0)	(5.0, 0.0)	(6.0, 0.0)	(7.0, 0.0)	(8.0, 0.0)	(9.0, 0.0)	(10.0, 0.0)	(11.0, 0.0)	(12.0, 0.0)	(13.0, 0.0)	(14.0, 0.0)	(15.0, 0.3333333333333333)	(16.0, 0.3333333333333333)	(17.0, 0.0)	(18.0, 0.0)	(19.0, 0.0)	(20.0, 0.0)	(21.0, 0.0)	(22.0, 0.0)	(23.0, 0.0)	(24.0, 0.0)	(25.0, 0.0)	(26.0, 0.3333333333333333)	(27.0, 0.6666666666666666)	(28.0, 0.3333333333333333)	(29.0, 1.0)	(30.0, 1.0)	(31.0, 1.3333333333333333)	(32.0, 0.3333333333333333)	(33.0, 1.6666666666666665)	(34.0, 0.3333333333333333)	(35.0, 1.3333333333333333)	(36.0, 1.9999999999999998)	(37.0, 1.9999999999999998)	(38.0, 1.9999999999999998)	(39.0, 1.6666666666666665)	(40.0, 3.0)	(41.0, 6.999999999999997)	(42.0, 16.333333333333343)	(43.0, 323.99999999999903)	(44.0, 407.99999999999426)	(45.0, 1212.333333333337)	(46.0, 2936.5000000002174)	(47.0, 2889.333333333529)	(48.0, 4299.000000000559)	(49.0, 3131.000000000306)	(50.0, 3081.16666666695)	(51.0, 5973.166666665706)	(52.0, 8506.166666664258)	(53.0, 11599.00000000321)	(54.0, 13496.333333339997)	(55.0, 6980.166666664797)	(56.0, 3841.1666666672877)	(57.0, 2099.3333333331725)	(58.0, 3152.5000000003115)	(59.0, 1501.6666666666054)	(60.0, 441.83333333332575)	(61.0, 176.833333333334)	(62.0, 229.00000000000207)	(63.0, 121.8333333333327)	(64.0, 26.333333333333304)	(65.0, 23.999999999999982)	(66.0, 48.3333333333334)	(67.0, 595.3333333333311)	(68.0, 546.9999999999923)	(69.0, 28.3333333333333)	(70.0, 12.000000000000004)	(71.0, 30.333333333333293)	(72.0, 25.999999999999975)	(73.0, 4.999999999999999)	(74.0, 4.0)	(75.0, 2.333333333333333)	(76.0, 1.3333333333333333)	(77.0, 1.3333333333333333)	(78.0, 0.3333333333333333)	(79.0, 1.6666666666666665)	(80.0, 1.0)	(81.0, 0.6666666666666666)	(82.0, 0.0)	(83.0, 0.0)	(84.0, 0.0)	(85.0, 0.0)	(86.0, 0.6666666666666666)	(87.0, 0.3333333333333333)	(88.0, 1.0)	(89.0, 0.0)	(90.0, 0.0)	(91.0, 0.3333333333333333)	(92.0, 0.3333333333333333)	(93.0, 0.0)	(94.0, 0.0)	(95.0, 0.0)	(96.0, 0.3333333333333333)	(97.0, 0.0)	(98.0, 0.3333333333333333)	(99.0, 0.0)	(100.0, 2.0)
SRR3667011_1	(0.0, 0.0)	(1.0, 0.0)	(2.0, 0.0)	(3.0, 0.0)	(4.0, 0.0)	(5.0, 0.0)	(6.0, 0.0)	(7.0, 0.0)	(8.0, 0.0)	(9.0, 0.0)	(10.0, 0.0)	(11.0, 0.0)	(12.0, 0.0)	(13.0, 0.0)	(14.0, 0.0)	(15.0, 0.0)	(16.0, 0.0)	(17.0, 0.0)	(18.0, 0.0)	(19.0, 0.0)	(20.0, 0.0)	(21.0, 0.0)	(22.0, 0.0)	(23.0, 0.0)	(24.0, 0.0)	(25.0, 0.0)	(26.0, 0.0)	(27.0, 0.5)	(28.0, 1.0)	(29.0, 0.5)	(30.0, 0.3333333333333333)	(31.0, 0.0)	(32.0, 0.0)	(33.0, 0.0)	(34.0, 0.3333333333333333)	(35.0, 0.0)	(36.0, 0.6666666666666666)	(37.0, 1.6666666666666665)	(38.0, 4.0)	(39.0, 10.333333333333334)	(40.0, 13.666666666666673)	(41.0, 23.66666666666665)	(42.0, 37.99999999999999)	(43.0, 52.00000000000009)	(44.0, 69.66666666666676)	(45.0, 215.00000000000173)	(46.0, 480.3333333333235)	(47.0, 727.0000000000127)	(48.0, 1336.666666666642)	(49.0, 3205.50000000034)	(50.0, 4721.833333333509)	(51.0, 5633.666666666013)	(52.0, 9094.666666665327)	(53.0, 10860.833333335206)	(54.0, 10431.333333334424)	(55.0, 10624.833333334776)	(56.0, 9255.66666666562)	(57.0, 6316.499999998726)	(58.0, 4487.333333333722)	(59.0, 3123.0000000003024)	(60.0, 1697.8333333332266)	(61.0, 770.5000000000176)	(62.0, 954.8333333333719)	(63.0, 1116.0000000000255)	(64.0, 621.333333333334)	(65.0, 201.33333333333468)	(66.0, 60.83333333333349)	(67.0, 16.50000000000001)	(68.0, 11.16666666666667)	(69.0, 3.5000000000000004)	(70.0, 0.6666666666666666)	(71.0, 0.6666666666666666)	(72.0, 0.0)	(73.0, 0.0)	(74.0, 0.0)	(75.0, 0.0)	(76.0, 0.0)	(77.0, 0.0)	(78.0, 0.0)	(79.0, 0.0)	(80.0, 0.0)	(81.0, 0.0)	(82.0, 0.0)	(83.0, 0.0)	(84.0, 0.0)	(85.0, 0.0)	(86.0, 0.0)	(87.0, 0.0)	(88.0, 0.0)	(89.0, 0.0)	(90.0, 0.0)	(91.0, 0.0)	(92.0, 0.0)	(93.0, 0.0)	(94.0, 0.0)	(95.0, 0.0)	(96.0, 0.0)	(97.0, 0.0)	(98.0, 0.0)	(99.0, 0.0)	(100.0, 0.0)
SRR3667011_2	(0.0, 3.0)	(1.0, 1.5)	(2.0, 0.0)	(3.0, 0.0)	(4.0, 0.0)	(5.0, 0.0)	(6.0, 0.0)	(7.0, 0.0)	(8.0, 0.0)	(9.0, 0.0)	(10.0, 0.0)	(11.0, 0.0)	(12.0, 0.0)	(13.0, 0.0)	(14.0, 0.0)	(15.0, 0.0)	(16.0, 0.0)	(17.0, 0.0)	(18.0, 0.0)	(19.0, 0.0)	(20.0, 0.0)	(21.0, 0.0)	(22.0, 0.0)	(23.0, 0.0)	(24.0, 0.0)	(25.0, 0.0)	(26.0, 0.0)	(27.0, 0.8333333333333333)	(28.0, 1.6666666666666665)	(29.0, 0.8333333333333333)	(30.0, 0.3333333333333333)	(31.0, 0.3333333333333333)	(32.0, 0.3333333333333333)	(33.0, 0.0)	(34.0, 0.0)	(35.0, 0.3333333333333333)	(36.0, 0.6666666666666666)	(37.0, 1.6666666666666665)	(38.0, 3.666666666666667)	(39.0, 5.999999999999998)	(40.0, 5.666666666666665)	(41.0, 7.9999999999999964)	(42.0, 19.333333333333332)	(43.0, 179.6666666666674)	(44.0, 239.6666666666691)	(45.0, 392.3333333333285)	(46.0, 1516.9999999999343)	(47.0, 4413.000000000457)	(48.0, 5870.3333333324645)	(49.0, 4591.666666666961)	(50.0, 6792.333333331626)	(51.0, 9731.833333333154)	(52.0, 12385.666666671314)	(53.0, 9407.99999999923)	(54.0, 6826.833333331597)	(55.0, 4960.999999999957)	(56.0, 7573.499999997584)	(57.0, 5393.999999999564)	(58.0, 1276.6666666666556)	(59.0, 1080.6666666667002)	(60.0, 502.66666666665554)	(61.0, 329.33333333333206)	(62.0, 284.8333333333346)	(63.0, 347.33333333333104)	(64.0, 307.0)	(65.0, 127.49999999999928)	(66.0, 77.16666666666666)	(67.0, 789.3333333333532)	(68.0, 873.1666666666961)	(69.0, 26.166666666666643)	(70.0, 9.333333333333332)	(71.0, 13.666666666666673)	(72.0, 10.666666666666668)	(73.0, 1.0)	(74.0, 1.6666666666666665)	(75.0, 1.6666666666666665)	(76.0, 1.0)	(77.0, 1.9999999999999998)	(78.0, 0.6666666666666666)	(79.0, 0.6666666666666666)	(80.0, 0.3333333333333333)	(81.0, 0.0)	(82.0, 0.0)	(83.0, 0.6666666666666666)	(84.0, 1.0)	(85.0, 0.3333333333333333)	(86.0, 0.0)	(87.0, 0.0)	(88.0, 0.3333333333333333)	(89.0, 0.3333333333333333)	(90.0, 0.0)	(91.0, 0.0)	(92.0, 0.0)	(93.0, 0.0)	(94.0, 0.0)	(95.0, 0.3333333333333333)	(96.0, 0.0)	(97.0, 0.0)	(98.0, 0.0)	(99.0, 0.3333333333333333)	(100.0, 1.0)
SRR3667012_1	(0.0, 0.0)	(1.0, 0.0)	(2.0, 0.0)	(3.0, 0.0)	(4.0, 0.0)	(5.0, 0.0)	(6.0, 0.0)	(7.0, 0.0)	(8.0, 0.0)	(9.0, 0.0)	(10.0, 0.0)	(11.0, 0.0)	(12.0, 0.0)	(13.0, 0.0)	(14.0, 0.0)	(15.0, 0.0)	(16.0, 0.0)	(17.0, 0.0)	(18.0, 0.0)	(19.0, 0.0)	(20.0, 0.3333333333333333)	(21.0, 0.3333333333333333)	(22.0, 0.0)	(23.0, 0.0)	(24.0, 0.0)	(25.0, 0.3333333333333333)	(26.0, 0.3333333333333333)	(27.0, 0.3333333333333333)	(28.0, 0.3333333333333333)	(29.0, 0.3333333333333333)	(30.0, 0.6666666666666666)	(31.0, 1.3333333333333333)	(32.0, 0.6666666666666666)	(33.0, 1.0)	(34.0, 1.6666666666666665)	(35.0, 0.6666666666666666)	(36.0, 1.6666666666666665)	(37.0, 1.0)	(38.0, 1.3333333333333333)	(39.0, 2.333333333333333)	(40.0, 3.0)	(41.0, 2.6666666666666665)	(42.0, 3.666666666666667)	(43.0, 2.6666666666666665)	(44.0, 27.16666666666664)	(45.0, 278.50000000000165)	(46.0, 613.6666666666665)	(47.0, 1362.9999999999693)	(48.0, 1966.999999999832)	(49.0, 1660.6666666665683)	(50.0, 2825.3333333335004)	(51.0, 8621.9999999978)	(52.0, 11993.833333337268)	(53.0, 8141.166666663735)	(54.0, 5605.3333333327055)	(55.0, 5631.49999999935)	(56.0, 5361.499999999594)	(57.0, 6745.16666666501)	(58.0, 12182.333333337601)	(59.0, 9167.666666665462)	(60.0, 4260.833333333922)	(61.0, 1822.3333333331998)	(62.0, 529.4999999999908)	(63.0, 217.50000000000173)	(64.0, 101.83333333333296)	(65.0, 49.50000000000008)	(66.0, 13.000000000000005)	(67.0, 12.666666666666671)	(68.0, 10.333333333333334)	(69.0, 3.666666666666667)	(70.0, 0.6666666666666666)	(71.0, 0.0)	(72.0, 0.3333333333333333)	(73.0, 0.3333333333333333)	(74.0, 0.3333333333333333)	(75.0, 0.6666666666666666)	(76.0, 1.3333333333333333)	(77.0, 1.0)	(78.0, 0.3333333333333333)	(79.0, 0.0)	(80.0, 0.0)	(81.0, 0.0)	(82.0, 0.0)	(83.0, 0.0)	(84.0, 0.0)	(85.0, 0.0)	(86.0, 0.0)	(87.0, 0.0)	(88.0, 0.0)	(89.0, 0.0)	(90.0, 0.0)	(91.0, 0.0)	(92.0, 0.0)	(93.0, 0.0)	(94.0, 0.0)	(95.0, 0.0)	(96.0, 0.0)	(97.0, 0.0)	(98.0, 0.0)	(99.0, 0.0)	(100.0, 0.0)
SRR3667012_2	(0.0, 0.0)	(1.0, 0.0)	(2.0, 0.0)	(3.0, 0.0)	(4.0, 0.0)	(5.0, 0.0)	(6.0, 0.0)	(7.0, 0.0)	(8.0, 0.0)	(9.0, 0.0)	(10.0, 0.0)	(11.0, 0.0)	(12.0, 0.0)	(13.0, 0.0)	(14.0, 0.0)	(15.0, 0.0)	(16.0, 0.0)	(17.0, 0.0)	(18.0, 0.0)	(19.0, 0.0)	(20.0, 0.3333333333333333)	(21.0, 0.3333333333333333)	(22.0, 0.0)	(23.0, 0.0)	(24.0, 0.6666666666666666)	(25.0, 0.3333333333333333)	(26.0, 0.0)	(27.0, 0.0)	(28.0, 0.0)	(29.0, 0.3333333333333333)	(30.0, 0.3333333333333333)	(31.0, 0.0)	(32.0, 1.0)	(33.0, 1.0)	(34.0, 0.3333333333333333)	(35.0, 0.3333333333333333)	(36.0, 1.3333333333333333)	(37.0, 1.9999999999999998)	(38.0, 1.0)	(39.0, 2.6666666666666665)	(40.0, 4.999999999999999)	(41.0, 6.333333333333331)	(42.0, 9.666666666666666)	(43.0, 150.66666666666657)	(44.0, 167.3333333333337)	(45.0, 403.33333333332786)	(46.0, 3336.3333333337328)	(47.0, 5723.666666665931)	(48.0, 4377.000000000489)	(49.0, 2924.666666666879)	(50.0, 4229.166666667291)	(51.0, 6192.166666665505)	(52.0, 8156.833333330386)	(53.0, 9442.999999999294)	(54.0, 11847.166666670328)	(55.0, 5996.333333332354)	(56.0, 6340.49999999871)	(57.0, 13567.833333340115)	(58.0, 4327.666666667194)	(59.0, 684.5000000000076)	(60.0, 358.6666666666638)	(61.0, 109.66666666666625)	(62.0, 71.33333333333339)	(63.0, 118.99999999999942)	(64.0, 68.50000000000011)	(65.0, 19.666666666666664)	(66.0, 14.333333333333341)	(67.0, 26.66666666666664)	(68.0, 24.99999999999998)	(69.0, 7.666666666666663)	(70.0, 4.666666666666666)	(71.0, 18.333333333333336)	(72.0, 18.666666666666668)	(73.0, 4.0)	(74.0, 2.6666666666666665)	(75.0, 1.3333333333333333)	(76.0, 0.6666666666666666)	(77.0, 0.3333333333333333)	(78.0, 1.3333333333333333)	(79.0, 1.0)	(80.0, 1.0)	(81.0, 0.3333333333333333)	(82.0, 0.0)	(83.0, 0.0)	(84.0, 0.0)	(85.0, 0.0)	(86.0, 0.6666666666666666)	(87.0, 0.3333333333333333)	(88.0, 0.0)	(89.0, 0.6666666666666666)	(90.0, 0.6666666666666666)	(91.0, 0.0)	(92.0, 0.0)	(93.0, 0.3333333333333333)	(94.0, 0.0)	(95.0, 0.3333333333333333)	(96.0, 0.0)	(97.0, 0.0)	(98.0, 0.3333333333333333)	(99.0, 1.0)	(100.0, 0.5)
SRR3667013_1	(0.0, 0.0)	(1.0, 0.0)	(2.0, 0.0)	(3.0, 0.0)	(4.0, 0.0)	(5.0, 0.0)	(6.0, 0.0)	(7.0, 0.0)	(8.0, 0.0)	(9.0, 0.0)	(10.0, 0.0)	(11.0, 0.0)	(12.0, 0.0)	(13.0, 0.0)	(14.0, 0.0)	(15.0, 0.0)	(16.0, 0.0)	(17.0, 0.0)	(18.0, 0.0)	(19.0, 0.0)	(20.0, 0.0)	(21.0, 0.0)	(22.0, 0.3333333333333333)	(23.0, 0.6666666666666666)	(24.0, 0.6666666666666666)	(25.0, 0.3333333333333333)	(26.0, 0.3333333333333333)	(27.0, 0.6666666666666666)	(28.0, 0.6666666666666666)	(29.0, 0.6666666666666666)	(30.0, 1.3333333333333333)	(31.0, 1.3333333333333333)	(32.0, 0.3333333333333333)	(33.0, 0.6666666666666666)	(34.0, 1.3333333333333333)	(35.0, 1.6666666666666665)	(36.0, 2.6666666666666665)	(37.0, 0.6666666666666666)	(38.0, 0.0)	(39.0, 1.0)	(40.0, 3.3333333333333335)	(41.0, 3.3333333333333335)	(42.0, 2.333333333333333)	(43.0, 4.999999999999999)	(44.0, 146.9999999999998)	(45.0, 2021.333333333153)	(46.0, 4367.5000000004975)	(47.0, 16563.333333344603)	(48.0, 23395.99999998641)	(49.0, 9129.333333332057)	(50.0, 3383.0000000004206)	(51.0, 3769.166666667261)	(52.0, 8044.666666663826)	(53.0, 10900.500000001946)	(54.0, 9446.999999999307)	(55.0, 10079.833333333792)	(56.0, 7559.833333330935)	(57.0, 3248.1666666670235)	(58.0, 1387.9999999999648)	(59.0, 1131.5000000000225)	(60.0, 506.3333333333223)	(61.0, 232.3333333333355)	(62.0, 275.00000000000193)	(63.0, 295.50000000000074)	(64.0, 73.6666666666667)	(65.0, 5.999999999999999)	(66.0, 5.833333333333332)	(67.0, 10.333333333333336)	(68.0, 8.833333333333332)	(69.0, 3.3333333333333335)	(70.0, 1.0)	(71.0, 0.3333333333333333)	(72.0, 0.3333333333333333)	(73.0, 0.3333333333333333)	(74.0, 1.0)	(75.0, 0.3333333333333333)	(76.0, 0.0)	(77.0, 0.0)	(78.0, 0.3333333333333333)	(79.0, 0.3333333333333333)	(80.0, 0.0)	(81.0, 0.0)	(82.0, 0.0)	(83.0, 0.3333333333333333)	(84.0, 0.3333333333333333)	(85.0, 0.0)	(86.0, 0.0)	(87.0, 0.0)	(88.0, 0.0)	(89.0, 0.0)	(90.0, 0.0)	(91.0, 0.0)	(92.0, 0.0)	(93.0, 0.0)	(94.0, 0.0)	(95.0, 0.0)	(96.0, 0.0)	(97.0, 0.0)	(98.0, 0.0)	(99.0, 0.0)	(100.0, 0.0)
SRR3667013_2	(0.0, 0.0)	(1.0, 0.0)	(2.0, 0.0)	(3.0, 0.0)	(4.0, 0.0)	(5.0, 0.0)	(6.0, 0.0)	(7.0, 0.0)	(8.0, 0.0)	(9.0, 0.0)	(10.0, 0.0)	(11.0, 0.3333333333333333)	(12.0, 0.3333333333333333)	(13.0, 0.0)	(14.0, 0.0)	(15.0, 0.0)	(16.0, 0.3333333333333333)	(17.0, 0.6666666666666666)	(18.0, 0.6666666666666666)	(19.0, 0.3333333333333333)	(20.0, 0.0)	(21.0, 0.0)	(22.0, 0.0)	(23.0, 0.0)	(24.0, 0.0)	(25.0, 0.3333333333333333)	(26.0, 0.3333333333333333)	(27.0, 0.3333333333333333)	(28.0, 1.0)	(29.0, 1.3333333333333333)	(30.0, 1.3333333333333333)	(31.0, 1.0)	(32.0, 1.0)	(33.0, 1.3333333333333333)	(34.0, 1.6666666666666665)	(35.0, 1.0)	(36.0, 0.3333333333333333)	(37.0, 4.0)	(38.0, 5.999999999999998)	(39.0, 6.999999999999997)	(40.0, 11.000000000000002)	(41.0, 15.000000000000009)	(42.0, 22.33333333333332)	(43.0, 104.66666666666626)	(44.0, 150.99999999999991)	(45.0, 495.3333333333226)	(46.0, 24636.83333331523)	(47.0, 32036.999999954973)	(48.0, 10004.33333333365)	(49.0, 4455.166666667084)	(50.0, 6746.999999998335)	(51.0, 13434.000000006548)	(52.0, 10892.166666668598)	(53.0, 4765.833333333466)	(54.0, 2595.000000000063)	(55.0, 1588.4999999999188)	(56.0, 1660.4999999999034)	(57.0, 1092.0000000000302)	(58.0, 94.16666666666652)	(59.0, 53.33333333333338)	(60.0, 67.16666666666676)	(61.0, 106.33333333333293)	(62.0, 58.83333333333347)	(63.0, 63.50000000000016)	(64.0, 52.0000000000001)	(65.0, 20.333333333333325)	(66.0, 14.000000000000007)	(67.0, 194.16666666666785)	(68.0, 176.833333333334)	(69.0, 8.666666666666664)	(70.0, 1.6666666666666665)	(71.0, 10.0)	(72.0, 10.0)	(73.0, 1.3333333333333333)	(74.0, 1.9999999999999998)	(75.0, 1.3333333333333333)	(76.0, 1.3333333333333333)	(77.0, 1.3333333333333333)	(78.0, 1.3333333333333333)	(79.0, 1.0)	(80.0, 0.6666666666666666)	(81.0, 0.3333333333333333)	(82.0, 0.3333333333333333)	(83.0, 0.3333333333333333)	(84.0, 0.3333333333333333)	(85.0, 0.0)	(86.0, 0.0)	(87.0, 0.0)	(88.0, 0.3333333333333333)	(89.0, 0.0)	(90.0, 0.0)	(91.0, 0.3333333333333333)	(92.0, 0.3333333333333333)	(93.0, 0.3333333333333333)	(94.0, 0.6666666666666666)	(95.0, 0.3333333333333333)	(96.0, 0.0)	(97.0, 0.0)	(98.0, 0.0)	(99.0, 0.3333333333333333)	(100.0, 1.0)
SRR3667014_1	(0.0, 0.0)	(1.0, 0.0)	(2.0, 0.0)	(3.0, 0.0)	(4.0, 0.0)	(5.0, 0.0)	(6.0, 0.0)	(7.0, 0.0)	(8.0, 0.0)	(9.0, 0.0)	(10.0, 0.0)	(11.0, 0.0)	(12.0, 0.0)	(13.0, 0.0)	(14.0, 0.0)	(15.0, 0.0)	(16.0, 0.0)	(17.0, 0.0)	(18.0, 0.0)	(19.0, 0.0)	(20.0, 0.0)	(21.0, 0.0)	(22.0, 0.0)	(23.0, 0.0)	(24.0, 0.0)	(25.0, 0.0)	(26.0, 0.0)	(27.0, 0.0)	(28.0, 0.0)	(29.0, 0.0)	(30.0, 0.0)	(31.0, 0.0)	(32.0, 0.3333333333333333)	(33.0, 0.3333333333333333)	(34.0, 0.0)	(35.0, 0.0)	(36.0, 0.0)	(37.0, 0.0)	(38.0, 0.6666666666666666)	(39.0, 2.6666666666666665)	(40.0, 3.666666666666667)	(41.0, 5.666666666666665)	(42.0, 8.666666666666664)	(43.0, 14.333333333333341)	(44.0, 42.00000000000002)	(45.0, 536.3333333333244)	(46.0, 1116.0000000000255)	(47.0, 943.0000000000373)	(48.0, 1283.666666666654)	(49.0, 4423.6666666671135)	(50.0, 8280.333333330513)	(51.0, 10084.833333333796)	(52.0, 11584.500000003187)	(53.0, 10482.666666667854)	(54.0, 11685.833333336705)	(55.0, 13952.166666674162)	(56.0, 11108.500000002325)	(57.0, 6651.99999999842)	(58.0, 4040.833333334053)	(59.0, 2496.333333333351)	(60.0, 1749.1666666665485)	(61.0, 996.3333333333768)	(62.0, 693.1666666666756)	(63.0, 670.5000000000064)	(64.0, 610.9999999999995)	(65.0, 460.66666666665793)	(66.0, 209.00000000000153)	(67.0, 33.3333333333333)	(68.0, 11.166666666666668)	(69.0, 2.333333333333333)	(70.0, 1.1666666666666665)	(71.0, 1.3333333333333333)	(72.0, 1.833333333333333)	(73.0, 2.333333333333333)	(74.0, 1.0)	(75.0, 0.0)	(76.0, 0.0)	(77.0, 0.0)	(78.0, 0.0)	(79.0, 0.0)	(80.0, 0.0)	(81.0, 0.0)	(82.0, 0.0)	(83.0, 0.0)	(84.0, 0.0)	(85.0, 0.0)	(86.0, 0.0)	(87.0, 0.0)	(88.0, 0.0)	(89.0, 0.0)	(90.0, 0.0)	(91.0, 0.0)	(92.0, 0.0)	(93.0, 0.0)	(94.0, 0.0)	(95.0, 0.0)	(96.0, 0.0)	(97.0, 0.0)	(98.0, 0.0)	(99.0, 0.0)	(100.0, 0.0)
SRR3667014_2	(0.0, 0.0)	(1.0, 0.0)	(2.0, 0.0)	(3.0, 0.0)	(4.0, 0.0)	(5.0, 0.0)	(6.0, 0.0)	(7.0, 0.0)	(8.0, 0.0)	(9.0, 0.0)	(10.0, 0.0)	(11.0, 0.0)	(12.0, 0.0)	(13.0, 0.0)	(14.0, 0.0)	(15.0, 0.0)	(16.0, 0.0)	(17.0, 0.0)	(18.0, 0.0)	(19.0, 0.0)	(20.0, 0.0)	(21.0, 0.0)	(22.0, 0.0)	(23.0, 0.0)	(24.0, 0.3333333333333333)	(25.0, 1.0)	(26.0, 0.6666666666666666)	(27.0, 0.0)	(28.0, 0.0)	(29.0, 0.0)	(30.0, 0.3333333333333333)	(31.0, 0.3333333333333333)	(32.0, 0.3333333333333333)	(33.0, 1.3333333333333333)	(34.0, 1.3333333333333333)	(35.0, 0.3333333333333333)	(36.0, 1.6666666666666665)	(37.0, 2.333333333333333)	(38.0, 3.3333333333333335)	(39.0, 4.999999999999999)	(40.0, 7.9999999999999964)	(41.0, 12.666666666666671)	(42.0, 37.99999999999999)	(43.0, 362.9999999999968)	(44.0, 612.6666666666664)	(45.0, 1113.3333333333594)	(46.0, 3089.833333333621)	(47.0, 8774.49999999808)	(48.0, 12865.333333338853)	(49.0, 6353.333333332025)	(50.0, 5197.333333333077)	(51.0, 10118.333333333858)	(52.0, 11730.166666670119)	(53.0, 7982.1666666638785)	(54.0, 7440.666666664371)	(55.0, 5128.166666666472)	(56.0, 9615.499999999609)	(57.0, 8223.166666663743)	(58.0, 1793.1666666665383)	(59.0, 830.0000000000243)	(60.0, 317.8333333333327)	(61.0, 312.9999999999996)	(62.0, 524.1666666666564)	(63.0, 526.49999999999)	(64.0, 145.3333333333331)	(65.0, 59.333333333333485)	(66.0, 46.66666666666673)	(67.0, 572.8333333333286)	(68.0, 588.999999999997)	(69.0, 35.49999999999997)	(70.0, 10.166666666666666)	(71.0, 7.666666666666663)	(72.0, 3.666666666666667)	(73.0, 1.9999999999999998)	(74.0, 2.6666666666666665)	(75.0, 1.6666666666666665)	(76.0, 0.0)	(77.0, 0.3333333333333333)	(78.0, 0.0)	(79.0, 0.3333333333333333)	(80.0, 0.3333333333333333)	(81.0, 0.6666666666666666)	(82.0, 0.3333333333333333)	(83.0, 1.6666666666666665)	(84.0, 1.6666666666666665)	(85.0, 0.0)	(86.0, 0.0)	(87.0, 0.0)	(88.0, 0.0)	(89.0, 0.0)	(90.0, 0.3333333333333333)	(91.0, 0.6666666666666666)	(92.0, 0.3333333333333333)	(93.0, 0.3333333333333333)	(94.0, 0.3333333333333333)	(95.0, 0.0)	(96.0, 0.3333333333333333)	(97.0, 0.0)	(98.0, 0.0)	(99.0, 0.0)	(100.0, 2.5)
SRR3667015_1	(0.0, 248.0)	(1.0, 124.0)	(2.0, 0.0)	(3.0, 0.0)	(4.0, 0.0)	(5.0, 0.0)	(6.0, 0.0)	(7.0, 0.0)	(8.0, 0.0)	(9.0, 0.0)	(10.0, 0.0)	(11.0, 0.0)	(12.0, 0.0)	(13.0, 0.0)	(14.0, 0.0)	(15.0, 0.0)	(16.0, 0.0)	(17.0, 0.6666666666666666)	(18.0, 0.3333333333333333)	(19.0, 0.3333333333333333)	(20.0, 0.6666666666666666)	(21.0, 1.0)	(22.0, 1.6666666666666665)	(23.0, 0.3333333333333333)	(24.0, 1.0)	(25.0, 1.3333333333333333)	(26.0, 0.6666666666666666)	(27.0, 1.0)	(28.0, 1.0)	(29.0, 1.0)	(30.0, 1.6666666666666665)	(31.0, 1.3333333333333333)	(32.0, 1.3333333333333333)	(33.0, 2.333333333333333)	(34.0, 3.0)	(35.0, 3.3333333333333335)	(36.0, 4.999999999999999)	(37.0, 4.833333333333333)	(38.0, 4.833333333333333)	(39.0, 6.999999999999997)	(40.0, 5.333333333333332)	(41.0, 5.333333333333332)	(42.0, 5.333333333333332)	(43.0, 6.999999999999997)	(44.0, 58.50000000000014)	(45.0, 350.49999999999756)	(46.0, 616.6666666666669)	(47.0, 451.499999999992)	(48.0, 405.833333333328)	(49.0, 510.1666666666556)	(50.0, 1788.6666666665406)	(51.0, 8848.666666664887)	(52.0, 16316.33333334511)	(53.0, 12543.500000004926)	(54.0, 8369.166666664018)	(55.0, 7986.333333330546)	(56.0, 8650.666666664521)	(57.0, 5340.4999999996135)	(58.0, 1543.8333333332623)	(59.0, 539.4999999999917)	(60.0, 759.3333333333495)	(61.0, 516.6666666666556)	(62.0, 612.1666666666663)	(63.0, 493.99999999998937)	(64.0, 93.66666666666642)	(65.0, 6.833333333333331)	(66.0, 3.166666666666667)	(67.0, 1.833333333333333)	(68.0, 1.0)	(69.0, 1.9999999999999998)	(70.0, 1.6666666666666665)	(71.0, 1.3333333333333333)	(72.0, 1.0)	(73.0, 0.3333333333333333)	(74.0, 0.6666666666666666)	(75.0, 0.0)	(76.0, 0.0)	(77.0, 0.0)	(78.0, 0.0)	(79.0, 0.0)	(80.0, 0.3333333333333333)	(81.0, 0.3333333333333333)	(82.0, 0.0)	(83.0, 0.0)	(84.0, 0.0)	(85.0, 0.0)	(86.0, 0.0)	(87.0, 0.0)	(88.0, 0.0)	(89.0, 0.0)	(90.0, 0.3333333333333333)	(91.0, 0.3333333333333333)	(92.0, 0.0)	(93.0, 0.0)	(94.0, 0.0)	(95.0, 0.0)	(96.0, 0.0)	(97.0, 0.0)	(98.0, 0.0)	(99.0, 0.0)	(100.0, 0.0)
SRR3667015_2	(0.0, 244.0)	(1.0, 122.0)	(2.0, 0.0)	(3.0, 0.0)	(4.0, 0.0)	(5.0, 0.0)	(6.0, 0.0)	(7.0, 0.0)	(8.0, 0.0)	(9.0, 0.0)	(10.0, 0.0)	(11.0, 0.0)	(12.0, 0.0)	(13.0, 0.0)	(14.0, 0.0)	(15.0, 0.0)	(16.0, 0.0)	(17.0, 0.3333333333333333)	(18.0, 0.0)	(19.0, 0.3333333333333333)	(20.0, 0.6666666666666666)	(21.0, 0.3333333333333333)	(22.0, 0.6666666666666666)	(23.0, 1.0)	(24.0, 1.0)	(25.0, 1.3333333333333333)	(26.0, 1.9999999999999998)	(27.0, 0.3333333333333333)	(28.0, 1.0)	(29.0, 1.6666666666666665)	(30.0, 3.3333333333333335)	(31.0, 3.3333333333333335)	(32.0, 4.666666666666666)	(33.0, 2.333333333333333)	(34.0, 2.333333333333333)	(35.0, 4.833333333333333)	(36.0, 4.5)	(37.0, 4.999999999999999)	(38.0, 6.833333333333331)	(39.0, 6.999999999999998)	(40.0, 6.666666666666665)	(41.0, 8.666666666666664)	(42.0, 68.83333333333344)	(43.0, 232.00000000000222)	(44.0, 93.99999999999974)	(45.0, 126.16666666666596)	(46.0, 1018.8333333333792)	(47.0, 4016.500000000708)	(48.0, 3421.333333333769)	(49.0, 4248.833333333939)	(50.0, 7537.666666664286)	(51.0, 20049.33333333192)	(52.0, 18708.66666667012)	(53.0, 5088.666666666511)	(54.0, 3440.833333333778)	(55.0, 2359.166666666622)	(56.0, 2685.8333333334363)	(57.0, 2017.8333333331557)	(58.0, 165.83333333333366)	(59.0, 128.3333333333327)	(60.0, 102.33333333333302)	(61.0, 55.166666666666764)	(62.0, 46.166666666666714)	(63.0, 129.99999999999932)	(64.0, 392.49999999999517)	(65.0, 170.66666666666714)	(66.0, 34.99999999999997)	(67.0, 320.9999999999992)	(68.0, 301.66666666666697)	(69.0, 9.333333333333332)	(70.0, 4.0)	(71.0, 3.3333333333333335)	(72.0, 2.6666666666666665)	(73.0, 1.9999999999999998)	(74.0, 2.333333333333333)	(75.0, 1.0)	(76.0, 0.6666666666666666)	(77.0, 1.3333333333333333)	(78.0, 1.0)	(79.0, 0.3333333333333333)	(80.0, 0.3333333333333333)	(81.0, 0.3333333333333333)	(82.0, 1.0)	(83.0, 0.6666666666666666)	(84.0, 0.3333333333333333)	(85.0, 0.0)	(86.0, 0.0)	(87.0, 0.0)	(88.0, 0.0)	(89.0, 0.0)	(90.0, 0.0)	(91.0, 0.0)	(92.0, 0.0)	(93.0, 0.0)	(94.0, 0.0)	(95.0, 0.0)	(96.0, 0.3333333333333333)	(97.0, 0.3333333333333333)	(98.0, 0.0)	(99.0, 1.0)	(100.0, 1.5)
SRR3667016_1	(0.0, 0.0)	(1.0, 0.0)	(2.0, 0.0)	(3.0, 0.0)	(4.0, 0.0)	(5.0, 0.0)	(6.0, 0.0)	(7.0, 0.0)	(8.0, 0.0)	(9.0, 0.0)	(10.0, 0.0)	(11.0, 0.0)	(12.0, 0.0)	(13.0, 0.0)	(14.0, 0.0)	(15.0, 0.0)	(16.0, 0.0)	(17.0, 0.0)	(18.0, 0.0)	(19.0, 0.0)	(20.0, 0.0)	(21.0, 0.0)	(22.0, 0.0)	(23.0, 0.0)	(24.0, 0.0)	(25.0, 0.0)	(26.0, 0.0)	(27.0, 0.0)	(28.0, 0.0)	(29.0, 0.0)	(30.0, 0.3333333333333333)	(31.0, 0.0)	(32.0, 0.0)	(33.0, 0.3333333333333333)	(34.0, 0.0)	(35.0, 0.0)	(36.0, 0.6666666666666666)	(37.0, 1.0)	(38.0, 1.9999999999999998)	(39.0, 3.666666666666667)	(40.0, 2.6666666666666665)	(41.0, 5.999999999999998)	(42.0, 11.66666666666667)	(43.0, 10.833333333333336)	(44.0, 19.5)	(45.0, 433.9999999999928)	(46.0, 1424.666666666622)	(47.0, 1398.3333333332946)	(48.0, 3886.0000000006494)	(49.0, 15679.000000010637)	(50.0, 20723.499999996133)	(51.0, 13243.500000006206)	(52.0, 8099.333333330437)	(53.0, 7085.6666666646925)	(54.0, 8189.333333330355)	(55.0, 10738.833333334986)	(56.0, 10769.500000001708)	(57.0, 7362.166666664441)	(58.0, 3264.8333333337)	(59.0, 1006.3333333333778)	(60.0, 592.1666666666641)	(61.0, 355.1666666666639)	(62.0, 258.3333333333361)	(63.0, 244.00000000000256)	(64.0, 155.00000000000003)	(65.0, 55.500000000000114)	(66.0, 25.49999999999998)	(67.0, 8.666666666666664)	(68.0, 6.666666666666664)	(69.0, 4.999999999999999)	(70.0, 1.1666666666666665)	(71.0, 0.5)	(72.0, 0.6666666666666666)	(73.0, 0.0)	(74.0, 0.0)	(75.0, 0.0)	(76.0, 0.0)	(77.0, 0.0)	(78.0, 0.0)	(79.0, 0.3333333333333333)	(80.0, 0.3333333333333333)	(81.0, 0.0)	(82.0, 0.0)	(83.0, 0.0)	(84.0, 0.0)	(85.0, 0.0)	(86.0, 0.0)	(87.0, 0.0)	(88.0, 0.0)	(89.0, 0.0)	(90.0, 0.0)	(91.0, 0.0)	(92.0, 0.0)	(93.0, 0.0)	(94.0, 0.0)	(95.0, 0.0)	(96.0, 0.0)	(97.0, 0.0)	(98.0, 0.0)	(99.0, 0.0)	(100.0, 0.0)
SRR3667016_2	(0.0, 0.0)	(1.0, 0.0)	(2.0, 0.0)	(3.0, 0.0)	(4.0, 0.0)	(5.0, 0.0)	(6.0, 0.0)	(7.0, 0.0)	(8.0, 0.0)	(9.0, 0.0)	(10.0, 0.0)	(11.0, 0.0)	(12.0, 0.0)	(13.0, 0.0)	(14.0, 0.0)	(15.0, 0.0)	(16.0, 0.0)	(17.0, 0.0)	(18.0, 0.0)	(19.0, 0.0)	(20.0, 0.0)	(21.0, 0.0)	(22.0, 0.0)	(23.0, 0.0)	(24.0, 0.0)	(25.0, 0.0)	(26.0, 0.3333333333333333)	(27.0, 0.3333333333333333)	(28.0, 0.0)	(29.0, 0.6666666666666666)	(30.0, 0.6666666666666666)	(31.0, 0.6666666666666666)	(32.0, 1.3333333333333333)	(33.0, 1.0)	(34.0, 1.9999999999999998)	(35.0, 2.6666666666666665)	(36.0, 4.333333333333333)	(37.0, 4.0)	(38.0, 4.666666666666666)	(39.0, 6.499999999999998)	(40.0, 6.833333333333331)	(41.0, 12.000000000000004)	(42.0, 21.333333333333325)	(43.0, 56.66666666666679)	(44.0, 76.0)	(45.0, 260.333333333336)	(46.0, 3949.3333333340115)	(47.0, 22178.33333332417)	(48.0, 23750.833333318453)	(49.0, 6771.833333331645)	(50.0, 3283.3333333337087)	(51.0, 7458.33333333102)	(52.0, 14535.33333334189)	(53.0, 11573.833333336504)	(54.0, 9691.166666666413)	(55.0, 4754.6666666668125)	(56.0, 3625.6666666671977)	(57.0, 2360.999999999956)	(58.0, 498.33333333332246)	(59.0, 255.66666666666956)	(60.0, 136.66666666666617)	(61.0, 109.99999999999952)	(62.0, 92.66666666666643)	(63.0, 97.66666666666636)	(64.0, 60.00000000000015)	(65.0, 22.49999999999999)	(66.0, 31.999999999999957)	(67.0, 220.16666666666853)	(68.0, 179.0000000000007)	(69.0, 6.666666666666664)	(70.0, 3.0)	(71.0, 11.333333333333336)	(72.0, 8.666666666666664)	(73.0, 0.3333333333333333)	(74.0, 0.0)	(75.0, 0.3333333333333333)	(76.0, 0.3333333333333333)	(77.0, 0.0)	(78.0, 0.0)	(79.0, 0.0)	(80.0, 0.0)	(81.0, 0.3333333333333333)	(82.0, 0.3333333333333333)	(83.0, 0.3333333333333333)	(84.0, 0.6666666666666666)	(85.0, 0.3333333333333333)	(86.0, 0.0)	(87.0, 0.3333333333333333)	(88.0, 0.3333333333333333)	(89.0, 0.3333333333333333)	(90.0, 0.0)	(91.0, 0.0)	(92.0, 0.0)	(93.0, 0.0)	(94.0, 0.0)	(95.0, 0.0)	(96.0, 0.3333333333333333)	(97.0, 0.0)	(98.0, 0.0)	(99.0, 0.6666666666666666)	(100.0, 1.0)
SRR3667017_1	(0.0, 0.0)	(1.0, 0.0)	(2.0, 0.0)	(3.0, 0.0)	(4.0, 0.0)	(5.0, 0.0)	(6.0, 0.0)	(7.0, 0.0)	(8.0, 0.0)	(9.0, 0.0)	(10.0, 0.0)	(11.0, 0.0)	(12.0, 0.0)	(13.0, 0.0)	(14.0, 0.0)	(15.0, 0.0)	(16.0, 0.0)	(17.0, 0.0)	(18.0, 0.0)	(19.0, 0.0)	(20.0, 0.0)	(21.0, 0.3333333333333333)	(22.0, 0.6666666666666666)	(23.0, 0.0)	(24.0, 0.0)	(25.0, 0.0)	(26.0, 0.0)	(27.0, 0.0)	(28.0, 0.0)	(29.0, 0.0)	(30.0, 0.0)	(31.0, 0.3333333333333333)	(32.0, 0.6666666666666666)	(33.0, 0.6666666666666666)	(34.0, 0.3333333333333333)	(35.0, 0.3333333333333333)	(36.0, 1.0)	(37.0, 0.3333333333333333)	(38.0, 0.3333333333333333)	(39.0, 0.6666666666666666)	(40.0, 0.6666666666666666)	(41.0, 0.6666666666666666)	(42.0, 2.333333333333333)	(43.0, 3.3333333333333335)	(44.0, 7.33333333333333)	(45.0, 427.3333333333265)	(46.0, 1548.6666666665938)	(47.0, 1281.6666666666545)	(48.0, 2472.6666666666733)	(49.0, 8357.49999999732)	(50.0, 9461.499999999329)	(51.0, 5261.333333333018)	(52.0, 5431.333333332865)	(53.0, 6323.6666666653855)	(54.0, 6379.666666665335)	(55.0, 7457.333333331021)	(56.0, 6240.166666665462)	(57.0, 3611.500000000525)	(58.0, 1123.5000000000239)	(59.0, 286.1666666666679)	(60.0, 231.0000000000022)	(61.0, 105.16666666666626)	(62.0, 27.999999999999968)	(63.0, 14.333333333333341)	(64.0, 6.499999999999998)	(65.0, 3.0)	(66.0, 0.3333333333333333)	(67.0, 0.6666666666666666)	(68.0, 0.6666666666666666)	(69.0, 0.6666666666666666)	(70.0, 0.5)	(71.0, 0.5)	(72.0, 0.3333333333333333)	(73.0, 0.3333333333333333)	(74.0, 0.0)	(75.0, 0.0)	(76.0, 0.0)	(77.0, 0.0)	(78.0, 0.0)	(79.0, 0.0)	(80.0, 0.0)	(81.0, 0.0)	(82.0, 0.0)	(83.0, 0.0)	(84.0, 0.0)	(85.0, 0.0)	(86.0, 0.0)	(87.0, 0.0)	(88.0, 0.0)	(89.0, 0.0)	(90.0, 0.0)	(91.0, 0.0)	(92.0, 0.0)	(93.0, 0.0)	(94.0, 0.0)	(95.0, 0.0)	(96.0, 0.0)	(97.0, 0.0)	(98.0, 0.0)	(99.0, 0.0)	(100.0, 0.0)
SRR3667017_2	(0.0, 0.0)	(1.0, 0.0)	(2.0, 0.0)	(3.0, 0.0)	(4.0, 0.0)	(5.0, 0.0)	(6.0, 0.0)	(7.0, 0.0)	(8.0, 0.0)	(9.0, 0.0)	(10.0, 0.0)	(11.0, 0.0)	(12.0, 0.0)	(13.0, 0.0)	(14.0, 0.0)	(15.0, 0.0)	(16.0, 0.0)	(17.0, 0.6666666666666666)	(18.0, 0.6666666666666666)	(19.0, 0.0)	(20.0, 0.0)	(21.0, 0.0)	(22.0, 0.0)	(23.0, 0.0)	(24.0, 0.0)	(25.0, 0.3333333333333333)	(26.0, 0.0)	(27.0, 0.3333333333333333)	(28.0, 0.3333333333333333)	(29.0, 0.3333333333333333)	(30.0, 0.6666666666666666)	(31.0, 0.6666666666666666)	(32.0, 0.3333333333333333)	(33.0, 1.0)	(34.0, 2.333333333333333)	(35.0, 1.9999999999999998)	(36.0, 3.3333333333333335)	(37.0, 5.333333333333332)	(38.0, 3.666666666666667)	(39.0, 6.333333333333331)	(40.0, 7.9999999999999964)	(41.0, 10.333333333333334)	(42.0, 17.000000000000007)	(43.0, 44.66666666666671)	(44.0, 63.00000000000017)	(45.0, 160.66666666666686)	(46.0, 1970.6666666664978)	(47.0, 11041.000000002201)	(48.0, 11565.333333336488)	(49.0, 3465.000000000458)	(50.0, 1769.6666666665435)	(51.0, 4711.0000000001855)	(52.0, 11390.33333333617)	(53.0, 8765.666666664729)	(54.0, 5631.999999999348)	(55.0, 2578.166666666721)	(56.0, 1581.4999999999197)	(57.0, 845.6666666666929)	(58.0, 114.16666666666613)	(59.0, 146.66666666666646)	(60.0, 120.3333333333327)	(61.0, 116.99999999999942)	(62.0, 35.833333333333314)	(63.0, 9.833333333333332)	(64.0, 7.166666666666664)	(65.0, 4.999999999999999)	(66.0, 4.0)	(67.0, 8.666666666666664)	(68.0, 6.666666666666664)	(69.0, 1.6666666666666665)	(70.0, 1.4999999999999998)	(71.0, 1.833333333333333)	(72.0, 1.0)	(73.0, 0.6666666666666666)	(74.0, 0.0)	(75.0, 0.3333333333333333)	(76.0, 1.3333333333333333)	(77.0, 0.3333333333333333)	(78.0, 0.0)	(79.0, 0.6666666666666666)	(80.0, 0.3333333333333333)	(81.0, 0.0)	(82.0, 0.0)	(83.0, 0.0)	(84.0, 0.0)	(85.0, 0.0)	(86.0, 0.6666666666666666)	(87.0, 0.6666666666666666)	(88.0, 0.0)	(89.0, 0.0)	(90.0, 0.3333333333333333)	(91.0, 0.0)	(92.0, 0.0)	(93.0, 0.0)	(94.0, 0.0)	(95.0, 0.0)	(96.0, 0.0)	(97.0, 0.0)	(98.0, 0.3333333333333333)	(99.0, 0.3333333333333333)	(100.0, 1.0)
SRR3667018_1	(0.0, 0.0)	(1.0, 0.0)	(2.0, 0.0)	(3.0, 0.0)	(4.0, 0.0)	(5.0, 0.0)	(6.0, 0.0)	(7.0, 0.0)	(8.0, 0.0)	(9.0, 0.0)	(10.0, 0.3333333333333333)	(11.0, 0.3333333333333333)	(12.0, 0.0)	(13.0, 0.0)	(14.0, 0.0)	(15.0, 0.0)	(16.0, 0.0)	(17.0, 0.3333333333333333)	(18.0, 0.0)	(19.0, 0.0)	(20.0, 0.0)	(21.0, 0.0)	(22.0, 0.0)	(23.0, 0.3333333333333333)	(24.0, 0.3333333333333333)	(25.0, 0.6666666666666666)	(26.0, 0.3333333333333333)	(27.0, 0.3333333333333333)	(28.0, 1.0)	(29.0, 2.333333333333333)	(30.0, 0.6666666666666666)	(31.0, 0.6666666666666666)	(32.0, 1.0)	(33.0, 2.1666666666666665)	(34.0, 1.8333333333333333)	(35.0, 1.6666666666666665)	(36.0, 1.6666666666666665)	(37.0, 2.333333333333333)	(38.0, 3.3333333333333335)	(39.0, 1.6666666666666665)	(40.0, 3.666666666666667)	(41.0, 3.3333333333333335)	(42.0, 3.3333333333333335)	(43.0, 4.666666666666666)	(44.0, 8.999999999999998)	(45.0, 64.00000000000017)	(46.0, 181.66666666666745)	(47.0, 322.33333333333246)	(48.0, 1210.3333333333374)	(49.0, 5690.666666665961)	(50.0, 8414.66666666409)	(51.0, 4197.333333333985)	(52.0, 2967.500000000231)	(53.0, 3677.166666667219)	(54.0, 4348.500000000512)	(55.0, 5524.166666666111)	(56.0, 5496.833333332804)	(57.0, 3424.83333333377)	(58.0, 1556.8333333332603)	(59.0, 944.5000000000354)	(60.0, 650.66666666667)	(61.0, 330.6666666666656)	(62.0, 353.33333333333076)	(63.0, 429.99999999999307)	(64.0, 191.6666666666677)	(65.0, 39.833333333333336)	(66.0, 8.499999999999998)	(67.0, 3.3333333333333335)	(68.0, 2.333333333333333)	(69.0, 0.6666666666666666)	(70.0, 0.3333333333333333)	(71.0, 0.0)	(72.0, 0.6666666666666666)	(73.0, 0.0)	(74.0, 0.0)	(75.0, 0.0)	(76.0, 0.0)	(77.0, 0.0)	(78.0, 0.0)	(79.0, 0.0)	(80.0, 0.0)	(81.0, 0.0)	(82.0, 0.0)	(83.0, 0.0)	(84.0, 0.0)	(85.0, 0.0)	(86.0, 0.0)	(87.0, 0.0)	(88.0, 0.0)	(89.0, 0.0)	(90.0, 0.0)	(91.0, 0.0)	(92.0, 0.0)	(93.0, 0.0)	(94.0, 0.0)	(95.0, 0.0)	(96.0, 0.0)	(97.0, 0.0)	(98.0, 0.0)	(99.0, 0.0)	(100.0, 0.0)
SRR3667018_2	(0.0, 0.0)	(1.0, 0.0)	(2.0, 0.0)	(3.0, 0.0)	(4.0, 0.0)	(5.0, 0.0)	(6.0, 0.0)	(7.0, 0.0)	(8.0, 0.0)	(9.0, 0.0)	(10.0, 0.0)	(11.0, 0.0)	(12.0, 0.0)	(13.0, 0.0)	(14.0, 0.0)	(15.0, 0.0)	(16.0, 0.0)	(17.0, 0.0)	(18.0, 0.0)	(19.0, 0.0)	(20.0, 0.0)	(21.0, 0.3333333333333333)	(22.0, 0.3333333333333333)	(23.0, 0.6666666666666666)	(24.0, 0.0)	(25.0, 0.8333333333333333)	(26.0, 0.8333333333333333)	(27.0, 0.6666666666666666)	(28.0, 1.0)	(29.0, 0.0)	(30.0, 0.3333333333333333)	(31.0, 0.3333333333333333)	(32.0, 0.6666666666666666)	(33.0, 1.3333333333333333)	(34.0, 3.0)	(35.0, 3.0)	(36.0, 2.6666666666666665)	(37.0, 3.0)	(38.0, 3.666666666666667)	(39.0, 3.3333333333333335)	(40.0, 4.333333333333333)	(41.0, 4.666666666666666)	(42.0, 7.666666666666663)	(43.0, 118.99999999999939)	(44.0, 272.6666666666686)	(45.0, 568.333333333328)	(46.0, 788.6666666666864)	(47.0, 3980.666666667359)	(48.0, 6000.833333332345)	(49.0, 2311.4999999999336)	(50.0, 5610.999999999367)	(51.0, 6867.833333331559)	(52.0, 4872.333333333373)	(53.0, 5410.49999999955)	(54.0, 4754.000000000145)	(55.0, 1977.8333333331664)	(56.0, 2280.6666666665856)	(57.0, 2068.166666666493)	(58.0, 679.5000000000069)	(59.0, 484.1666666666578)	(60.0, 257.0000000000024)	(61.0, 140.83333333333297)	(62.0, 114.83333333333287)	(63.0, 109.99999999999956)	(64.0, 50.00000000000008)	(65.0, 15.666666666666677)	(66.0, 23.66666666666665)	(67.0, 269.00000000000216)	(68.0, 242.33333333333584)	(69.0, 12.000000000000004)	(70.0, 4.999999999999999)	(71.0, 4.0)	(72.0, 4.666666666666666)	(73.0, 3.3333333333333335)	(74.0, 1.9999999999999998)	(75.0, 0.6666666666666666)	(76.0, 1.0)	(77.0, 1.0)	(78.0, 0.3333333333333333)	(79.0, 1.3333333333333333)	(80.0, 0.3333333333333333)	(81.0, 0.0)	(82.0, 0.0)	(83.0, 0.3333333333333333)	(84.0, 0.0)	(85.0, 0.0)	(86.0, 0.0)	(87.0, 0.3333333333333333)	(88.0, 0.0)	(89.0, 0.0)	(90.0, 0.0)	(91.0, 0.3333333333333333)	(92.0, 0.6666666666666666)	(93.0, 0.3333333333333333)	(94.0, 0.3333333333333333)	(95.0, 0.0)	(96.0, 0.0)	(97.0, 0.0)	(98.0, 0.6666666666666666)	(99.0, 0.6666666666666666)	(100.0, 2.0)
SRR3667019_1	(0.0, 0.0)	(1.0, 0.0)	(2.0, 0.0)	(3.0, 0.0)	(4.0, 0.0)	(5.0, 0.0)	(6.0, 0.0)	(7.0, 0.0)	(8.0, 0.0)	(9.0, 0.0)	(10.0, 0.0)	(11.0, 0.0)	(12.0, 0.0)	(13.0, 0.0)	(14.0, 0.0)	(15.0, 0.0)	(16.0, 0.0)	(17.0, 0.0)	(18.0, 0.0)	(19.0, 0.0)	(20.0, 0.0)	(21.0, 0.0)	(22.0, 0.0)	(23.0, 0.0)	(24.0, 0.0)	(25.0, 0.0)	(26.0, 0.0)	(27.0, 0.0)	(28.0, 0.0)	(29.0, 0.0)	(30.0, 0.0)	(31.0, 0.0)	(32.0, 0.5)	(33.0, 1.0)	(34.0, 0.5)	(35.0, 1.0)	(36.0, 1.5)	(37.0, 1.25)	(38.0, 1.75)	(39.0, 2.25)	(40.0, 4.5)	(41.0, 4.0)	(42.0, 4.5)	(43.0, 12.583333333333334)	(44.0, 21.75)	(45.0, 299.0)	(46.0, 2375.25)	(47.0, 2826.250000000001)	(48.0, 2700.500000000002)	(49.0, 2572.6666666666674)	(50.0, 2337.9166666666665)	(51.0, 2804.750000000004)	(52.0, 4229.583333333353)	(53.0, 6733.583333333281)	(54.0, 8496.083333333298)	(55.0, 9309.99999999999)	(56.0, 14034.250000000113)	(57.0, 16567.750000000127)	(58.0, 5144.4166666666515)	(59.0, 1852.1666666666545)	(60.0, 2154.8333333333253)	(61.0, 1348.916666666666)	(62.0, 384.16666666666663)	(63.0, 185.16666666666666)	(64.0, 163.33333333333334)	(65.0, 162.83333333333331)	(66.0, 430.5833333333333)	(67.0, 1237.8333333333333)	(68.0, 556.0)	(69.0, 46.25)	(70.0, 10.25)	(71.0, 10.0)	(72.0, 4.5)	(73.0, 0.5)	(74.0, 0.0)	(75.0, 0.0)	(76.0, 0.25)	(77.0, 0.25)	(78.0, 0.5)	(79.0, 0.0)	(80.0, 0.0)	(81.0, 0.0)	(82.0, 0.0)	(83.0, 0.25)	(84.0, 0.0)	(85.0, 0.0)	(86.0, 0.0)	(87.0, 0.0)	(88.0, 0.0)	(89.0, 0.0)	(90.0, 0.0)	(91.0, 0.0)	(92.0, 0.0)	(93.0, 0.0)	(94.0, 0.0)	(95.0, 0.0)	(96.0, 0.0)	(97.0, 0.25)	(98.0, 0.25)	(99.0, 0.0)	(100.0, 0.0)
SRR3667019_2	(0.0, 0.0)	(1.0, 0.0)	(2.0, 0.0)	(3.0, 0.0)	(4.0, 0.0)	(5.0, 0.0)	(6.0, 0.0)	(7.0, 0.0)	(8.0, 0.0)	(9.0, 0.0)	(10.0, 0.0)	(11.0, 0.0)	(12.0, 0.0)	(13.0, 0.0)	(14.0, 0.0)	(15.0, 0.0)	(16.0, 0.0)	(17.0, 0.0)	(18.0, 0.0)	(19.0, 0.0)	(20.0, 0.5)	(21.0, 0.5)	(22.0, 0.0)	(23.0, 0.0)	(24.0, 0.0)	(25.0, 0.0)	(26.0, 0.0)	(27.0, 0.0)	(28.0, 0.0)	(29.0, 0.0)	(30.0, 0.0)	(31.0, 0.0)	(32.0, 0.5)	(33.0, 0.5)	(34.0, 1.0)	(35.0, 1.0)	(36.0, 0.0)	(37.0, 0.5)	(38.0, 2.25)	(39.0, 3.5)	(40.0, 1.25)	(41.0, 1.5833333333333333)	(42.0, 4.166666666666667)	(43.0, 7.999999999999997)	(44.0, 19.91666666666666)	(45.0, 82.08333333333324)	(46.0, 885.6666666666947)	(47.0, 3216.5000000002883)	(48.0, 2561.250000000021)	(49.0, 3939.9166666667247)	(50.0, 4006.416666666797)	(51.0, 3447.9166666668057)	(52.0, 5185.6666666666)	(53.0, 9596.33333333323)	(54.0, 13215.583333335966)	(55.0, 22399.74999999383)	(56.0, 14652.5000000025)	(57.0, 5247.499999999974)	(58.0, 3010.7500000000377)	(59.0, 2833.3333333333558)	(60.0, 1262.6666666666652)	(61.0, 416.3333333333327)	(62.0, 208.25000000000017)	(63.0, 211.50000000000045)	(64.0, 167.41666666666683)	(65.0, 149.25)	(66.0, 181.2500000000002)	(67.0, 497.91666666666384)	(68.0, 887.333333333339)	(69.0, 703.8333333333342)	(70.0, 341.24999999999994)	(71.0, 141.25000000000003)	(72.0, 48.33333333333336)	(73.0, 21.499999999999996)	(74.0, 9.583333333333334)	(75.0, 4.75)	(76.0, 1.9166666666666665)	(77.0, 1.75)	(78.0, 1.0)	(79.0, 0.5)	(80.0, 0.5)	(81.0, 0.75)	(82.0, 1.25)	(83.0, 1.5)	(84.0, 0.25)	(85.0, 0.25)	(86.0, 0.25)	(87.0, 1.0)	(88.0, 0.8333333333333333)	(89.0, 1.0833333333333333)	(90.0, 0.25)	(91.0, 0.5)	(92.0, 0.25)	(93.0, 0.0)	(94.0, 0.0)	(95.0, 0.0)	(96.0, 0.0)	(97.0, 0.0)	(98.0, 0.0)	(99.0, 0.0)	(100.0, 0.6666666666666666)
SRR3667020_1	(0.0, 0.0)	(1.0, 0.0)	(2.0, 0.0)	(3.0, 0.0)	(4.0, 0.0)	(5.0, 0.0)	(6.0, 0.0)	(7.0, 0.0)	(8.0, 0.0)	(9.0, 0.0)	(10.0, 0.0)	(11.0, 0.0)	(12.0, 0.0)	(13.0, 0.0)	(14.0, 0.0)	(15.0, 0.0)	(16.0, 0.0)	(17.0, 0.0)	(18.0, 0.0)	(19.0, 0.0)	(20.0, 0.0)	(21.0, 0.0)	(22.0, 0.0)	(23.0, 0.0)	(24.0, 0.3333333333333333)	(25.0, 0.6666666666666666)	(26.0, 0.0)	(27.0, 0.0)	(28.0, 0.0)	(29.0, 1.0)	(30.0, 1.0)	(31.0, 0.6666666666666666)	(32.0, 0.6666666666666666)	(33.0, 1.3333333333333333)	(34.0, 2.6666666666666665)	(35.0, 1.3333333333333333)	(36.0, 1.9999999999999998)	(37.0, 0.6666666666666666)	(38.0, 1.6666666666666665)	(39.0, 1.9999999999999998)	(40.0, 4.999999999999999)	(41.0, 4.999999999999999)	(42.0, 5.666666666666665)	(43.0, 4.999999999999999)	(44.0, 18.000000000000004)	(45.0, 249.33333333333604)	(46.0, 605.999999999999)	(47.0, 622.0000000000008)	(48.0, 1109.000000000027)	(49.0, 3862.0000000006385)	(50.0, 5434.999999999527)	(51.0, 2991.333333333576)	(52.0, 3397.000000000427)	(53.0, 7347.666666664454)	(54.0, 9959.6666666669)	(55.0, 7987.999999997205)	(56.0, 5530.666666666107)	(57.0, 2744.166666666797)	(58.0, 793.8333333333537)	(59.0, 271.16666666666873)	(60.0, 157.83333333333346)	(61.0, 156.83333333333343)	(62.0, 568.4999999999949)	(63.0, 726.6666666666794)	(64.0, 287.66666666666777)	(65.0, 60.66666666666682)	(66.0, 24.99999999999998)	(67.0, 20.66666666666666)	(68.0, 19.0)	(69.0, 10.0)	(70.0, 3.0)	(71.0, 1.6666666666666665)	(72.0, 1.0)	(73.0, 0.0)	(74.0, 0.6666666666666666)	(75.0, 0.3333333333333333)	(76.0, 0.3333333333333333)	(77.0, 0.3333333333333333)	(78.0, 0.0)	(79.0, 0.0)	(80.0, 0.0)	(81.0, 0.0)	(82.0, 0.0)	(83.0, 0.0)	(84.0, 0.0)	(85.0, 0.0)	(86.0, 0.0)	(87.0, 0.0)	(88.0, 0.0)	(89.0, 0.0)	(90.0, 0.0)	(91.0, 0.0)	(92.0, 0.0)	(93.0, 0.0)	(94.0, 0.0)	(95.0, 0.0)	(96.0, 0.0)	(97.0, 0.0)	(98.0, 0.0)	(99.0, 0.0)	(100.0, 0.0)
SRR3667020_2	(0.0, 0.0)	(1.0, 0.0)	(2.0, 0.0)	(3.0, 0.0)	(4.0, 0.0)	(5.0, 0.0)	(6.0, 0.0)	(7.0, 0.0)	(8.0, 0.0)	(9.0, 0.0)	(10.0, 0.0)	(11.0, 0.0)	(12.0, 0.0)	(13.0, 0.0)	(14.0, 0.3333333333333333)	(15.0, 0.6666666666666666)	(16.0, 0.6666666666666666)	(17.0, 0.0)	(18.0, 0.0)	(19.0, 0.0)	(20.0, 0.3333333333333333)	(21.0, 0.6666666666666666)	(22.0, 1.0)	(23.0, 0.3333333333333333)	(24.0, 0.0)	(25.0, 1.3333333333333333)	(26.0, 0.3333333333333333)	(27.0, 0.3333333333333333)	(28.0, 1.6666666666666665)	(29.0, 1.3333333333333333)	(30.0, 1.3333333333333333)	(31.0, 1.3333333333333333)	(32.0, 1.0)	(33.0, 1.3333333333333333)	(34.0, 2.6666666666666665)	(35.0, 4.666666666666666)	(36.0, 4.0)	(37.0, 5.999999999999998)	(38.0, 5.666666666666665)	(39.0, 7.9999999999999964)	(40.0, 8.666666666666664)	(41.0, 12.000000000000004)	(42.0, 17.66666666666667)	(43.0, 95.66666666666639)	(44.0, 184.00000000000085)	(45.0, 398.66666666666146)	(46.0, 732.3333333333467)	(47.0, 3598.0000000005184)	(48.0, 5151.999999999784)	(49.0, 7184.499999997936)	(50.0, 9757.499999999867)	(51.0, 6803.333333331616)	(52.0, 4668.333333333558)	(53.0, 5194.999999999745)	(54.0, 3978.3333333340247)	(55.0, 1445.6666666666172)	(56.0, 2362.33333333329)	(57.0, 1716.3333333332223)	(58.0, 257.00000000000284)	(59.0, 162.6666666666669)	(60.0, 208.00000000000153)	(61.0, 486.16666666665645)	(62.0, 252.66666666666947)	(63.0, 180.50000000000077)	(64.0, 95.49999999999973)	(65.0, 28.166666666666632)	(66.0, 44.000000000000036)	(67.0, 323.99999999999903)	(68.0, 253.33333333333616)	(69.0, 19.999999999999996)	(70.0, 12.333333333333337)	(71.0, 27.666666666666636)	(72.0, 24.666666666666647)	(73.0, 1.6666666666666665)	(74.0, 1.0)	(75.0, 0.6666666666666666)	(76.0, 0.0)	(77.0, 1.0)	(78.0, 0.6666666666666666)	(79.0, 0.6666666666666666)	(80.0, 1.3333333333333333)	(81.0, 0.3333333333333333)	(82.0, 0.6666666666666666)	(83.0, 0.6666666666666666)	(84.0, 0.3333333333333333)	(85.0, 1.0)	(86.0, 0.0)	(87.0, 0.3333333333333333)	(88.0, 1.0)	(89.0, 0.6666666666666666)	(90.0, 0.3333333333333333)	(91.0, 0.3333333333333333)	(92.0, 0.3333333333333333)	(93.0, 0.0)	(94.0, 0.0)	(95.0, 0.0)	(96.0, 0.0)	(97.0, 0.0)	(98.0, 0.0)	(99.0, 0.3333333333333333)	(100.0, 1.0)
SRR3667021_1	(0.0, 0.0)	(1.0, 0.0)	(2.0, 0.0)	(3.0, 0.0)	(4.0, 0.0)	(5.0, 0.0)	(6.0, 0.0)	(7.0, 0.0)	(8.0, 0.0)	(9.0, 0.0)	(10.0, 0.0)	(11.0, 0.0)	(12.0, 0.0)	(13.0, 0.0)	(14.0, 0.0)	(15.0, 0.0)	(16.0, 0.0)	(17.0, 0.0)	(18.0, 0.0)	(19.0, 0.0)	(20.0, 0.0)	(21.0, 0.0)	(22.0, 0.0)	(23.0, 0.0)	(24.0, 0.0)	(25.0, 0.0)	(26.0, 0.0)	(27.0, 0.0)	(28.0, 0.0)	(29.0, 0.0)	(30.0, 0.0)	(31.0, 0.0)	(32.0, 0.0)	(33.0, 0.0)	(34.0, 0.3333333333333333)	(35.0, 0.0)	(36.0, 0.0)	(37.0, 1.0)	(38.0, 1.0)	(39.0, 1.3333333333333333)	(40.0, 3.666666666666667)	(41.0, 5.999999999999998)	(42.0, 4.666666666666666)	(43.0, 7.166666666666664)	(44.0, 21.499999999999993)	(45.0, 208.00000000000153)	(46.0, 487.6666666666564)	(47.0, 441.9999999999923)	(48.0, 721.6666666666788)	(49.0, 2347.333333333283)	(50.0, 4879.000000000033)	(51.0, 7011.333333331427)	(52.0, 8170.833333330373)	(53.0, 7463.333333331017)	(54.0, 13800.166666673886)	(55.0, 18164.16666667211)	(56.0, 10246.166666667423)	(57.0, 3313.000000000389)	(58.0, 2236.166666666566)	(59.0, 1504.4999999999375)	(60.0, 946.333333333371)	(61.0, 523.9999999999897)	(62.0, 407.33333333332763)	(63.0, 397.8333333333282)	(64.0, 305.16666666666674)	(65.0, 190.33333333333437)	(66.0, 85.66666666666653)	(67.0, 19.666666666666664)	(68.0, 10.0)	(69.0, 6.666666666666664)	(70.0, 1.6666666666666665)	(71.0, 0.3333333333333333)	(72.0, 0.0)	(73.0, 0.6666666666666666)	(74.0, 0.6666666666666666)	(75.0, 0.0)	(76.0, 0.3333333333333333)	(77.0, 0.3333333333333333)	(78.0, 0.0)	(79.0, 0.0)	(80.0, 0.0)	(81.0, 0.0)	(82.0, 0.0)	(83.0, 0.0)	(84.0, 0.0)	(85.0, 0.0)	(86.0, 0.0)	(87.0, 0.0)	(88.0, 0.0)	(89.0, 0.0)	(90.0, 0.0)	(91.0, 0.0)	(92.0, 0.0)	(93.0, 0.0)	(94.0, 0.0)	(95.0, 0.0)	(96.0, 0.0)	(97.0, 0.0)	(98.0, 0.0)	(99.0, 0.0)	(100.0, 0.0)
SRR3667021_2	(0.0, 0.0)	(1.0, 0.0)	(2.0, 0.0)	(3.0, 0.0)	(4.0, 0.0)	(5.0, 0.0)	(6.0, 0.0)	(7.0, 0.0)	(8.0, 0.0)	(9.0, 0.0)	(10.0, 0.0)	(11.0, 0.0)	(12.0, 0.0)	(13.0, 0.0)	(14.0, 0.0)	(15.0, 0.0)	(16.0, 0.0)	(17.0, 0.0)	(18.0, 0.0)	(19.0, 0.0)	(20.0, 0.0)	(21.0, 0.0)	(22.0, 0.3333333333333333)	(23.0, 0.6666666666666666)	(24.0, 0.0)	(25.0, 0.3333333333333333)	(26.0, 0.0)	(27.0, 0.0)	(28.0, 0.3333333333333333)	(29.0, 0.0)	(30.0, 0.0)	(31.0, 0.0)	(32.0, 0.0)	(33.0, 0.0)	(34.0, 0.0)	(35.0, 0.3333333333333333)	(36.0, 0.6666666666666666)	(37.0, 1.3333333333333333)	(38.0, 1.3333333333333333)	(39.0, 2.5)	(40.0, 5.499999999999999)	(41.0, 12.000000000000004)	(42.0, 25.999999999999975)	(43.0, 111.16666666666617)	(44.0, 135.83333333333283)	(45.0, 546.6666666666589)	(46.0, 1724.6666666665537)	(47.0, 4454.666666667085)	(48.0, 6918.999999998177)	(49.0, 3997.666666667367)	(50.0, 3235.6666666670203)	(51.0, 5269.83333333301)	(52.0, 5995.499999999018)	(53.0, 4740.333333333492)	(54.0, 6037.999999998979)	(55.0, 5043.833333333217)	(56.0, 16337.000000011834)	(57.0, 16685.500000010823)	(58.0, 1234.333333333332)	(59.0, 512.9999999999884)	(60.0, 197.50000000000122)	(61.0, 135.4999999999995)	(62.0, 222.66666666666862)	(63.0, 223.16666666666862)	(64.0, 65.83333333333348)	(65.0, 31.499999999999957)	(66.0, 28.8333333333333)	(67.0, 340.99999999999807)	(68.0, 358.66666666666373)	(69.0, 14.666666666666675)	(70.0, 4.0)	(71.0, 9.333333333333332)	(72.0, 7.666666666666663)	(73.0, 1.9999999999999998)	(74.0, 1.3333333333333333)	(75.0, 1.0)	(76.0, 0.3333333333333333)	(77.0, 0.3333333333333333)	(78.0, 0.3333333333333333)	(79.0, 0.6666666666666666)	(80.0, 0.0)	(81.0, 0.0)	(82.0, 0.3333333333333333)	(83.0, 0.3333333333333333)	(84.0, 0.0)	(85.0, 0.3333333333333333)	(86.0, 0.3333333333333333)	(87.0, 0.0)	(88.0, 0.0)	(89.0, 0.3333333333333333)	(90.0, 0.0)	(91.0, 0.3333333333333333)	(92.0, 0.3333333333333333)	(93.0, 0.0)	(94.0, 0.0)	(95.0, 0.3333333333333333)	(96.0, 0.3333333333333333)	(97.0, 0.0)	(98.0, 0.3333333333333333)	(99.0, 0.0)	(100.0, 1.5)
SRR3667022_1	(0.0, 0.0)	(1.0, 0.0)	(2.0, 0.0)	(3.0, 0.0)	(4.0, 0.0)	(5.0, 0.0)	(6.0, 0.0)	(7.0, 0.0)	(8.0, 0.0)	(9.0, 0.0)	(10.0, 0.0)	(11.0, 0.0)	(12.0, 0.0)	(13.0, 0.0)	(14.0, 0.0)	(15.0, 0.0)	(16.0, 0.0)	(17.0, 0.0)	(18.0, 0.0)	(19.0, 0.0)	(20.0, 0.0)	(21.0, 0.0)	(22.0, 0.0)	(23.0, 0.0)	(24.0, 0.0)	(25.0, 0.0)	(26.0, 0.0)	(27.0, 0.0)	(28.0, 0.0)	(29.0, 0.0)	(30.0, 0.0)	(31.0, 0.0)	(32.0, 0.0)	(33.0, 0.0)	(34.0, 0.0)	(35.0, 0.0)	(36.0, 0.3333333333333333)	(37.0, 1.0)	(38.0, 3.3333333333333335)	(39.0, 3.3333333333333335)	(40.0, 8.999999999999998)	(41.0, 12.333333333333337)	(42.0, 17.000000000000007)	(43.0, 29.66666666666663)	(44.0, 56.66666666666679)	(45.0, 440.33333333332575)	(46.0, 1008.0000000000447)	(47.0, 959.3333333333725)	(48.0, 1146.833333333352)	(49.0, 3788.3333333339383)	(50.0, 8114.833333330423)	(51.0, 11814.000000003607)	(52.0, 13626.000000006901)	(53.0, 11741.16666667014)	(54.0, 14822.166666675746)	(55.0, 17849.166666673256)	(56.0, 12538.500000004926)	(57.0, 6646.499999998426)	(58.0, 4212.8333333339715)	(59.0, 2686.333333333437)	(60.0, 1726.6666666665535)	(61.0, 900.3333333333657)	(62.0, 624.3333333333344)	(63.0, 625.6666666666679)	(64.0, 573.9999999999953)	(65.0, 455.4999999999916)	(66.0, 210.83333333333493)	(67.0, 34.3333333333333)	(68.0, 13.33333333333334)	(69.0, 6.999999999999997)	(70.0, 0.3333333333333333)	(71.0, 0.0)	(72.0, 0.0)	(73.0, 0.3333333333333333)	(74.0, 0.0)	(75.0, 0.0)	(76.0, 0.0)	(77.0, 0.0)	(78.0, 0.0)	(79.0, 0.0)	(80.0, 0.0)	(81.0, 0.0)	(82.0, 0.0)	(83.0, 0.0)	(84.0, 0.0)	(85.0, 0.0)	(86.0, 0.0)	(87.0, 0.0)	(88.0, 0.0)	(89.0, 0.0)	(90.0, 0.0)	(91.0, 0.0)	(92.0, 0.0)	(93.0, 0.0)	(94.0, 0.0)	(95.0, 0.0)	(96.0, 0.0)	(97.0, 0.3333333333333333)	(98.0, 0.0)	(99.0, 0.0)	(100.0, 0.0)
SRR3667022_2	(0.0, 0.0)	(1.0, 0.0)	(2.0, 0.0)	(3.0, 0.0)	(4.0, 0.0)	(5.0, 0.0)	(6.0, 0.0)	(7.0, 0.0)	(8.0, 0.0)	(9.0, 0.0)	(10.0, 0.0)	(11.0, 0.0)	(12.0, 0.0)	(13.0, 0.0)	(14.0, 0.0)	(15.0, 0.0)	(16.0, 0.0)	(17.0, 0.0)	(18.0, 0.0)	(19.0, 0.0)	(20.0, 0.0)	(21.0, 0.0)	(22.0, 0.0)	(23.0, 0.0)	(24.0, 0.0)	(25.0, 0.0)	(26.0, 0.0)	(27.0, 0.0)	(28.0, 0.0)	(29.0, 0.0)	(30.0, 0.0)	(31.0, 0.3333333333333333)	(32.0, 0.3333333333333333)	(33.0, 0.3333333333333333)	(34.0, 0.3333333333333333)	(35.0, 1.0)	(36.0, 0.6666666666666666)	(37.0, 1.9999999999999998)	(38.0, 2.6666666666666665)	(39.0, 5.999999999999998)	(40.0, 6.833333333333331)	(41.0, 10.500000000000002)	(42.0, 23.999999999999982)	(43.0, 141.99999999999966)	(44.0, 206.33333333333482)	(45.0, 681.6666666666742)	(46.0, 2770.3333333334754)	(47.0, 7642.666666664186)	(48.0, 11233.00000000255)	(49.0, 6114.666666665576)	(50.0, 7293.833333331169)	(51.0, 11230.83333333588)	(52.0, 11449.000000002943)	(53.0, 8460.166666664174)	(54.0, 9736.999999999829)	(55.0, 7694.666666664139)	(56.0, 13867.66666667401)	(57.0, 12983.666666672401)	(58.0, 1970.4999999998313)	(59.0, 977.1666666667078)	(60.0, 351.99999999999744)	(61.0, 283.8333333333347)	(62.0, 484.66666666665657)	(63.0, 608.9999999999993)	(64.0, 222.00000000000193)	(65.0, 49.33333333333341)	(66.0, 37.33333333333332)	(67.0, 479.99999999999017)	(68.0, 485.6666666666565)	(69.0, 26.66666666666664)	(70.0, 6.499999999999998)	(71.0, 11.16666666666667)	(72.0, 14.000000000000007)	(73.0, 3.3333333333333335)	(74.0, 1.6666666666666665)	(75.0, 1.6666666666666665)	(76.0, 1.0)	(77.0, 1.0)	(78.0, 0.6666666666666666)	(79.0, 0.6666666666666666)	(80.0, 0.3333333333333333)	(81.0, 0.3333333333333333)	(82.0, 0.0)	(83.0, 0.0)	(84.0, 0.3333333333333333)	(85.0, 0.3333333333333333)	(86.0, 0.0)	(87.0, 0.6666666666666666)	(88.0, 1.0)	(89.0, 0.0)	(90.0, 0.3333333333333333)	(91.0, 0.3333333333333333)	(92.0, 0.6666666666666666)	(93.0, 0.3333333333333333)	(94.0, 0.3333333333333333)	(95.0, 0.3333333333333333)	(96.0, 0.3333333333333333)	(97.0, 0.0)	(98.0, 0.3333333333333333)	(99.0, 0.3333333333333333)	(100.0, 0.5)
SRR3667023_1	(0.0, 0.0)	(1.0, 0.0)	(2.0, 0.0)	(3.0, 0.0)	(4.0, 0.0)	(5.0, 0.0)	(6.0, 0.0)	(7.0, 0.0)	(8.0, 0.0)	(9.0, 0.0)	(10.0, 0.0)	(11.0, 0.0)	(12.0, 0.0)	(13.0, 0.0)	(14.0, 0.0)	(15.0, 0.0)	(16.0, 0.0)	(17.0, 0.0)	(18.0, 0.0)	(19.0, 0.0)	(20.0, 0.0)	(21.0, 0.0)	(22.0, 0.0)	(23.0, 0.0)	(24.0, 0.0)	(25.0, 0.0)	(26.0, 0.0)	(27.0, 0.0)	(28.0, 0.0)	(29.0, 0.0)	(30.0, 0.0)	(31.0, 0.0)	(32.0, 0.0)	(33.0, 0.0)	(34.0, 0.6666666666666666)	(35.0, 1.6666666666666665)	(36.0, 3.0)	(37.0, 6.999999999999997)	(38.0, 11.66666666666667)	(39.0, 29.99999999999996)	(40.0, 56.66666666666679)	(41.0, 91.33333333333312)	(42.0, 126.99999999999928)	(43.0, 172.6666666666672)	(44.0, 229.00000000000213)	(45.0, 525.8333333333233)	(46.0, 1038.6666666667097)	(47.0, 1128.833333333356)	(48.0, 1762.3333333332118)	(49.0, 5131.333333333137)	(50.0, 7855.999999997325)	(51.0, 7572.999999997583)	(52.0, 9474.666666666019)	(53.0, 12455.833333338105)	(54.0, 15336.000000010012)	(55.0, 15988.5000000112)	(56.0, 13010.666666672452)	(57.0, 8703.49999999795)	(58.0, 5212.666666666395)	(59.0, 2886.1666666668616)	(60.0, 1693.8333333332275)	(61.0, 1080.6666666667004)	(62.0, 1487.1666666666079)	(63.0, 1656.333333333236)	(64.0, 1007.0000000000446)	(65.0, 445.9999999999921)	(66.0, 191.50000000000108)	(67.0, 35.99999999999998)	(68.0, 15.333333333333343)	(69.0, 7.166666666666664)	(70.0, 1.0)	(71.0, 0.3333333333333333)	(72.0, 0.3333333333333333)	(73.0, 0.3333333333333333)	(74.0, 0.0)	(75.0, 0.0)	(76.0, 0.0)	(77.0, 0.0)	(78.0, 0.0)	(79.0, 0.0)	(80.0, 0.0)	(81.0, 0.0)	(82.0, 0.0)	(83.0, 0.0)	(84.0, 0.0)	(85.0, 0.0)	(86.0, 0.0)	(87.0, 0.0)	(88.0, 0.0)	(89.0, 0.0)	(90.0, 0.0)	(91.0, 0.0)	(92.0, 0.0)	(93.0, 0.0)	(94.0, 0.0)	(95.0, 0.0)	(96.0, 0.0)	(97.0, 0.0)	(98.0, 0.0)	(99.0, 0.0)	(100.0, 0.0)
SRR3667023_2	(0.0, 0.0)	(1.0, 0.0)	(2.0, 0.0)	(3.0, 0.0)	(4.0, 0.0)	(5.0, 0.0)	(6.0, 0.0)	(7.0, 0.0)	(8.0, 0.0)	(9.0, 0.0)	(10.0, 0.0)	(11.0, 0.0)	(12.0, 0.0)	(13.0, 0.0)	(14.0, 0.0)	(15.0, 0.0)	(16.0, 0.0)	(17.0, 0.0)	(18.0, 0.0)	(19.0, 0.0)	(20.0, 0.0)	(21.0, 0.3333333333333333)	(22.0, 0.0)	(23.0, 0.0)	(24.0, 0.0)	(25.0, 0.0)	(26.0, 0.0)	(27.0, 0.0)	(28.0, 0.0)	(29.0, 0.3333333333333333)	(30.0, 0.6666666666666666)	(31.0, 0.3333333333333333)	(32.0, 0.3333333333333333)	(33.0, 0.6666666666666666)	(34.0, 0.6666666666666666)	(35.0, 1.3333333333333333)	(36.0, 0.6666666666666666)	(37.0, 1.9999999999999998)	(38.0, 4.0)	(39.0, 4.0)	(40.0, 6.666666666666664)	(41.0, 13.666666666666673)	(42.0, 27.666666666666636)	(43.0, 148.33333333333317)	(44.0, 252.00000000000279)	(45.0, 635.3333333333356)	(46.0, 2463.0000000000023)	(47.0, 6911.666666664851)	(48.0, 9892.000000000111)	(49.0, 8524.499999997624)	(50.0, 11212.833333335846)	(51.0, 12455.000000004773)	(52.0, 11925.50000000381)	(53.0, 10932.000000002003)	(54.0, 9680.833333333063)	(55.0, 5990.333333332354)	(56.0, 9497.166666666059)	(57.0, 7768.833333330738)	(58.0, 1822.6666666665315)	(59.0, 1201.5000000000061)	(60.0, 569.8333333333283)	(61.0, 756.1666666666827)	(62.0, 646.833333333337)	(63.0, 591.8333333333306)	(64.0, 377.999999999996)	(65.0, 155.16666666666669)	(66.0, 104.16666666666627)	(67.0, 993.000000000043)	(68.0, 1052.3333333333733)	(69.0, 54.500000000000114)	(70.0, 23.66666666666665)	(71.0, 14.000000000000007)	(72.0, 13.33333333333334)	(73.0, 1.3333333333333333)	(74.0, 1.0)	(75.0, 0.6666666666666666)	(76.0, 0.0)	(77.0, 1.0)	(78.0, 1.6666666666666665)	(79.0, 1.0)	(80.0, 0.6666666666666666)	(81.0, 0.0)	(82.0, 0.3333333333333333)	(83.0, 1.3333333333333333)	(84.0, 0.6666666666666666)	(85.0, 0.0)	(86.0, 0.6666666666666666)	(87.0, 0.3333333333333333)	(88.0, 0.3333333333333333)	(89.0, 0.3333333333333333)	(90.0, 0.3333333333333333)	(91.0, 0.3333333333333333)	(92.0, 0.0)	(93.0, 0.3333333333333333)	(94.0, 0.0)	(95.0, 0.0)	(96.0, 0.0)	(97.0, 0.6666666666666666)	(98.0, 0.6666666666666666)	(99.0, 1.0)	(100.0, 0.0)
SRR3667024_1	(0.0, 0.0)	(1.0, 0.0)	(2.0, 0.0)	(3.0, 0.0)	(4.0, 0.0)	(5.0, 0.0)	(6.0, 0.0)	(7.0, 0.0)	(8.0, 0.0)	(9.0, 0.0)	(10.0, 0.0)	(11.0, 0.0)	(12.0, 0.0)	(13.0, 0.0)	(14.0, 0.0)	(15.0, 0.0)	(16.0, 0.0)	(17.0, 0.0)	(18.0, 0.0)	(19.0, 0.0)	(20.0, 0.0)	(21.0, 0.0)	(22.0, 0.0)	(23.0, 0.3333333333333333)	(24.0, 0.6666666666666666)	(25.0, 0.6666666666666666)	(26.0, 0.3333333333333333)	(27.0, 0.3333333333333333)	(28.0, 0.3333333333333333)	(29.0, 1.0)	(30.0, 0.3333333333333333)	(31.0, 0.0)	(32.0, 0.3333333333333333)	(33.0, 0.6666666666666666)	(34.0, 1.0)	(35.0, 1.0)	(36.0, 0.0)	(37.0, 0.6666666666666666)	(38.0, 1.6666666666666665)	(39.0, 2.333333333333333)	(40.0, 3.0)	(41.0, 4.0)	(42.0, 4.666666666666666)	(43.0, 4.999999999999999)	(44.0, 18.333333333333336)	(45.0, 1654.999999999903)	(46.0, 5743.999999999246)	(47.0, 3814.33333333395)	(48.0, 741.0000000000143)	(49.0, 1193.1666666666747)	(50.0, 2979.3333333335704)	(51.0, 5193.499999999747)	(52.0, 5881.6666666657875)	(53.0, 7287.999999997842)	(54.0, 16416.16666667847)	(55.0, 18546.500000004053)	(56.0, 6259.166666665446)	(57.0, 529.9999999999906)	(58.0, 445.49999999999227)	(59.0, 571.3333333333285)	(60.0, 241.00000000000247)	(61.0, 73.16666666666671)	(62.0, 181.83333333333408)	(63.0, 220.50000000000188)	(64.0, 97.66666666666637)	(65.0, 43.833333333333364)	(66.0, 12.333333333333337)	(67.0, 1.3333333333333333)	(68.0, 1.1666666666666665)	(69.0, 1.1666666666666665)	(70.0, 0.0)	(71.0, 0.5)	(72.0, 0.5)	(73.0, 0.0)	(74.0, 0.0)	(75.0, 0.0)	(76.0, 0.0)	(77.0, 0.0)	(78.0, 0.0)	(79.0, 0.0)	(80.0, 0.0)	(81.0, 0.0)	(82.0, 0.0)	(83.0, 0.0)	(84.0, 0.0)	(85.0, 0.0)	(86.0, 0.0)	(87.0, 0.0)	(88.0, 0.0)	(89.0, 0.0)	(90.0, 0.0)	(91.0, 0.0)	(92.0, 0.0)	(93.0, 0.0)	(94.0, 0.0)	(95.0, 0.0)	(96.0, 0.0)	(97.0, 0.0)	(98.0, 0.0)	(99.0, 0.0)	(100.0, 0.0)
SRR3667024_2	(0.0, 0.0)	(1.0, 0.0)	(2.0, 0.0)	(3.0, 0.0)	(4.0, 0.0)	(5.0, 0.0)	(6.0, 0.0)	(7.0, 0.0)	(8.0, 0.0)	(9.0, 0.0)	(10.0, 0.0)	(11.0, 0.0)	(12.0, 0.0)	(13.0, 0.0)	(14.0, 0.0)	(15.0, 0.0)	(16.0, 0.0)	(17.0, 0.0)	(18.0, 0.3333333333333333)	(19.0, 0.3333333333333333)	(20.0, 0.3333333333333333)	(21.0, 0.6666666666666666)	(22.0, 0.3333333333333333)	(23.0, 0.0)	(24.0, 0.0)	(25.0, 0.3333333333333333)	(26.0, 0.3333333333333333)	(27.0, 0.0)	(28.0, 0.0)	(29.0, 0.6666666666666666)	(30.0, 0.3333333333333333)	(31.0, 0.3333333333333333)	(32.0, 1.6666666666666665)	(33.0, 1.3333333333333333)	(34.0, 1.6666666666666665)	(35.0, 1.6666666666666665)	(36.0, 1.3333333333333333)	(37.0, 3.666666666666667)	(38.0, 2.6666666666666665)	(39.0, 4.666666666666666)	(40.0, 4.666666666666666)	(41.0, 5.999999999999998)	(42.0, 81.33333333333326)	(43.0, 189.33333333333434)	(44.0, 46.66666666666672)	(45.0, 78.3333333333333)	(46.0, 359.999999999997)	(47.0, 9134.6666666654)	(48.0, 9228.666666665571)	(49.0, 2557.166666666712)	(50.0, 3337.6666666670667)	(51.0, 12166.833333337583)	(52.0, 5607.666666666037)	(53.0, 795.6666666666872)	(54.0, 631.5000000000018)	(55.0, 828.8333333333575)	(56.0, 18439.166666671106)	(57.0, 13331.333333339695)	(58.0, 416.83333333332723)	(59.0, 744.8333333333479)	(60.0, 471.833333333324)	(61.0, 42.33333333333335)	(62.0, 56.33333333333344)	(63.0, 134.66666666666612)	(64.0, 177.00000000000065)	(65.0, 38.33333333333333)	(66.0, 16.50000000000001)	(67.0, 114.49999999999946)	(68.0, 78.66666666666663)	(69.0, 6.499999999999998)	(70.0, 2.8333333333333335)	(71.0, 1.9999999999999998)	(72.0, 1.6666666666666665)	(73.0, 3.166666666666667)	(74.0, 2.5)	(75.0, 0.6666666666666666)	(76.0, 0.0)	(77.0, 0.3333333333333333)	(78.0, 0.6666666666666666)	(79.0, 0.6666666666666666)	(80.0, 0.0)	(81.0, 0.0)	(82.0, 0.3333333333333333)	(83.0, 0.0)	(84.0, 0.0)	(85.0, 0.0)	(86.0, 0.0)	(87.0, 0.3333333333333333)	(88.0, 0.0)	(89.0, 0.3333333333333333)	(90.0, 0.3333333333333333)	(91.0, 0.3333333333333333)	(92.0, 0.3333333333333333)	(93.0, 0.3333333333333333)	(94.0, 0.6666666666666666)	(95.0, 0.0)	(96.0, 0.0)	(97.0, 0.0)	(98.0, 0.0)	(99.0, 0.6666666666666666)	(100.0, 3.0)
SRR3667025_1	(0.0, 8.0)	(1.0, 4.0)	(2.0, 0.0)	(3.0, 0.0)	(4.0, 0.0)	(5.0, 0.0)	(6.0, 0.0)	(7.0, 0.0)	(8.0, 0.0)	(9.0, 0.0)	(10.0, 0.0)	(11.0, 0.0)	(12.0, 0.0)	(13.0, 0.0)	(14.0, 0.0)	(15.0, 0.0)	(16.0, 0.0)	(17.0, 0.0)	(18.0, 0.0)	(19.0, 0.3333333333333333)	(20.0, 0.3333333333333333)	(21.0, 0.3333333333333333)	(22.0, 0.6666666666666666)	(23.0, 1.0)	(24.0, 0.6666666666666666)	(25.0, 0.6666666666666666)	(26.0, 0.3333333333333333)	(27.0, 0.0)	(28.0, 0.3333333333333333)	(29.0, 1.3333333333333333)	(30.0, 1.3333333333333333)	(31.0, 1.0)	(32.0, 1.3333333333333333)	(33.0, 1.3333333333333333)	(34.0, 1.0)	(35.0, 3.0)	(36.0, 1.9999999999999998)	(37.0, 4.0)	(38.0, 5.166666666666666)	(39.0, 5.0)	(40.0, 3.5)	(41.0, 6.333333333333331)	(42.0, 5.666666666666665)	(43.0, 7.666666666666663)	(44.0, 43.333333333333364)	(45.0, 523.3333333333229)	(46.0, 1056.0000000000393)	(47.0, 1640.3333333332396)	(48.0, 3276.3333333337055)	(49.0, 8420.166666664101)	(50.0, 11829.500000003636)	(51.0, 7526.33333333096)	(52.0, 10793.666666668418)	(53.0, 13818.166666673917)	(54.0, 12571.833333338318)	(55.0, 12190.333333337625)	(56.0, 7902.166666663952)	(57.0, 5187.166666666422)	(58.0, 3412.166666667099)	(59.0, 1752.1666666665487)	(60.0, 1064.5000000000368)	(61.0, 594.8333333333312)	(62.0, 1082.8333333333665)	(63.0, 1438.8333333332855)	(64.0, 423.99999999999335)	(65.0, 17.500000000000007)	(66.0, 6.833333333333331)	(67.0, 9.833333333333334)	(68.0, 7.166666666666664)	(69.0, 3.0)	(70.0, 1.0)	(71.0, 0.3333333333333333)	(72.0, 0.0)	(73.0, 0.3333333333333333)	(74.0, 0.6666666666666666)	(75.0, 0.0)	(76.0, 0.3333333333333333)	(77.0, 0.0)	(78.0, 0.0)	(79.0, 0.0)	(80.0, 0.0)	(81.0, 0.0)	(82.0, 0.0)	(83.0, 0.0)	(84.0, 0.0)	(85.0, 0.0)	(86.0, 0.0)	(87.0, 0.0)	(88.0, 0.0)	(89.0, 0.0)	(90.0, 0.0)	(91.0, 0.0)	(92.0, 0.0)	(93.0, 0.0)	(94.0, 0.0)	(95.0, 0.0)	(96.0, 0.0)	(97.0, 0.0)	(98.0, 0.0)	(99.0, 0.0)	(100.0, 0.0)
SRR3667025_2	(0.0, 7.0)	(1.0, 3.5)	(2.0, 0.0)	(3.0, 0.0)	(4.0, 0.0)	(5.0, 0.0)	(6.0, 0.0)	(7.0, 0.0)	(8.0, 0.0)	(9.0, 0.0)	(10.0, 0.0)	(11.0, 0.0)	(12.0, 0.0)	(13.0, 0.0)	(14.0, 0.0)	(15.0, 0.0)	(16.0, 0.0)	(17.0, 0.0)	(18.0, 0.3333333333333333)	(19.0, 0.3333333333333333)	(20.0, 0.0)	(21.0, 0.3333333333333333)	(22.0, 0.6666666666666666)	(23.0, 0.3333333333333333)	(24.0, 0.6666666666666666)	(25.0, 0.6666666666666666)	(26.0, 0.6666666666666666)	(27.0, 1.0)	(28.0, 1.0)	(29.0, 0.6666666666666666)	(30.0, 0.3333333333333333)	(31.0, 0.3333333333333333)	(32.0, 0.3333333333333333)	(33.0, 1.9999999999999998)	(34.0, 2.6666666666666665)	(35.0, 2.6666666666666665)	(36.0, 3.0)	(37.0, 5.833333333333332)	(38.0, 5.499999999999999)	(39.0, 4.666666666666666)	(40.0, 5.666666666666665)	(41.0, 10.0)	(42.0, 14.333333333333341)	(43.0, 103.16666666666629)	(44.0, 114.49999999999946)	(45.0, 776.5000000000184)	(46.0, 1487.1666666666079)	(47.0, 13516.833333340039)	(48.0, 14739.333333342262)	(49.0, 3848.666666667299)	(50.0, 9196.999999998845)	(51.0, 14182.166666674579)	(52.0, 16509.666666678124)	(53.0, 11839.333333336986)	(54.0, 8305.999999997228)	(55.0, 4310.500000000549)	(56.0, 1290.8333333333194)	(57.0, 848.6666666666927)	(58.0, 1131.333333333355)	(59.0, 577.4999999999959)	(60.0, 112.83333333333286)	(61.0, 222.33333333333525)	(62.0, 188.3333333333343)	(63.0, 56.333333333333464)	(64.0, 209.66666666666825)	(65.0, 115.83333333333277)	(66.0, 112.66666666666616)	(67.0, 1491.666666666607)	(68.0, 1229.833333333333)	(69.0, 32.333333333333286)	(70.0, 10.666666666666668)	(71.0, 16.333333333333343)	(72.0, 13.666666666666673)	(73.0, 2.333333333333333)	(74.0, 1.6666666666666665)	(75.0, 2.333333333333333)	(76.0, 1.6666666666666665)	(77.0, 1.3333333333333333)	(78.0, 0.6666666666666666)	(79.0, 1.3333333333333333)	(80.0, 1.9999999999999998)	(81.0, 0.3333333333333333)	(82.0, 0.0)	(83.0, 0.6666666666666666)	(84.0, 0.6666666666666666)	(85.0, 0.0)	(86.0, 0.6666666666666666)	(87.0, 1.0)	(88.0, 0.6666666666666666)	(89.0, 0.3333333333333333)	(90.0, 0.0)	(91.0, 0.0)	(92.0, 0.6666666666666666)	(93.0, 0.6666666666666666)	(94.0, 0.3333333333333333)	(95.0, 0.0)	(96.0, 0.6666666666666666)	(97.0, 0.6666666666666666)	(98.0, 0.3333333333333333)	(99.0, 0.3333333333333333)	(100.0, 3.0)
SRR3667026_1	(0.0, 32.0)	(1.0, 16.0)	(2.0, 0.0)	(3.0, 0.0)	(4.0, 0.0)	(5.0, 0.0)	(6.0, 0.0)	(7.0, 0.0)	(8.0, 0.0)	(9.0, 0.0)	(10.0, 0.0)	(11.0, 0.0)	(12.0, 0.0)	(13.0, 0.0)	(14.0, 0.0)	(15.0, 0.0)	(16.0, 0.0)	(17.0, 0.0)	(18.0, 0.0)	(19.0, 0.0)	(20.0, 0.0)	(21.0, 0.0)	(22.0, 0.0)	(23.0, 0.3333333333333333)	(24.0, 0.6666666666666666)	(25.0, 0.6666666666666666)	(26.0, 0.6666666666666666)	(27.0, 0.3333333333333333)	(28.0, 0.6666666666666666)	(29.0, 0.3333333333333333)	(30.0, 0.0)	(31.0, 1.0)	(32.0, 1.3333333333333333)	(33.0, 1.3333333333333333)	(34.0, 2.5)	(35.0, 2.1666666666666665)	(36.0, 4.0)	(37.0, 5.666666666666665)	(38.0, 6.833333333333331)	(39.0, 6.333333333333332)	(40.0, 8.33333333333333)	(41.0, 10.166666666666666)	(42.0, 16.166666666666675)	(43.0, 17.666666666666675)	(44.0, 100.49999999999966)	(45.0, 1263.9999999999918)	(46.0, 2468.333333333338)	(47.0, 1315.166666666647)	(48.0, 3216.5000000003433)	(49.0, 7641.666666664192)	(50.0, 7070.999999998046)	(51.0, 6781.499999998312)	(52.0, 8412.666666664101)	(53.0, 6320.999999998736)	(54.0, 5836.666666665839)	(55.0, 7577.833333330944)	(56.0, 8413.66666666412)	(57.0, 5688.999999999305)	(58.0, 2196.9999999998854)	(59.0, 1199.3333333333396)	(60.0, 913.6666666666978)	(61.0, 546.1666666666595)	(62.0, 926.3333333333667)	(63.0, 969.0000000000385)	(64.0, 260.3333333333359)	(65.0, 30.3333333333333)	(66.0, 6.833333333333331)	(67.0, 4.0)	(68.0, 3.3333333333333335)	(69.0, 1.6666666666666665)	(70.0, 0.6666666666666666)	(71.0, 0.3333333333333333)	(72.0, 0.6666666666666666)	(73.0, 0.6666666666666666)	(74.0, 1.5)	(75.0, 0.8333333333333333)	(76.0, 0.0)	(77.0, 0.0)	(78.0, 0.0)	(79.0, 0.0)	(80.0, 0.0)	(81.0, 0.0)	(82.0, 0.0)	(83.0, 0.0)	(84.0, 0.0)	(85.0, 0.0)	(86.0, 0.0)	(87.0, 0.0)	(88.0, 0.0)	(89.0, 0.0)	(90.0, 0.0)	(91.0, 0.0)	(92.0, 0.0)	(93.0, 0.0)	(94.0, 0.0)	(95.0, 0.0)	(96.0, 0.0)	(97.0, 0.0)	(98.0, 0.0)	(99.0, 0.0)	(100.0, 0.0)
SRR3667026_2	(0.0, 11.0)	(1.0, 5.5)	(2.0, 0.0)	(3.0, 0.0)	(4.0, 0.0)	(5.0, 0.0)	(6.0, 0.0)	(7.0, 0.0)	(8.0, 0.0)	(9.0, 0.0)	(10.0, 0.0)	(11.0, 0.0)	(12.0, 0.0)	(13.0, 0.0)	(14.0, 0.0)	(15.0, 0.0)	(16.0, 0.0)	(17.0, 0.0)	(18.0, 0.0)	(19.0, 0.0)	(20.0, 0.3333333333333333)	(21.0, 0.3333333333333333)	(22.0, 0.0)	(23.0, 0.3333333333333333)	(24.0, 0.6666666666666666)	(25.0, 1.0)	(26.0, 0.3333333333333333)	(27.0, 0.3333333333333333)	(28.0, 1.6666666666666665)	(29.0, 1.6666666666666665)	(30.0, 1.0)	(31.0, 1.0)	(32.0, 2.333333333333333)	(33.0, 3.0)	(34.0, 2.1666666666666665)	(35.0, 3.666666666666667)	(36.0, 4.5)	(37.0, 4.333333333333333)	(38.0, 5.999999999999998)	(39.0, 7.33333333333333)	(40.0, 11.66666666666667)	(41.0, 12.333333333333337)	(42.0, 15.000000000000009)	(43.0, 34.666666666666636)	(44.0, 84.99999999999987)	(45.0, 2921.5000000002105)	(46.0, 7199.333333331258)	(47.0, 7081.833333331364)	(48.0, 5983.8333333323635)	(49.0, 7322.999999997815)	(50.0, 11358.166666669438)	(51.0, 6928.999999998177)	(52.0, 7651.499999997535)	(53.0, 5852.666666665821)	(54.0, 4760.166666666805)	(55.0, 4754.166666666812)	(56.0, 2851.8333333335067)	(57.0, 876.8333333333599)	(58.0, 652.3333333333374)	(59.0, 386.49999999999613)	(60.0, 218.0000000000013)	(61.0, 184.5000000000006)	(62.0, 143.66666666666643)	(63.0, 135.1666666666662)	(64.0, 273.83333333333513)	(65.0, 91.66666666666644)	(66.0, 65.83333333333348)	(67.0, 764.3333333333503)	(68.0, 727.3333333333461)	(69.0, 28.666666666666632)	(70.0, 5.333333333333332)	(71.0, 4.999999999999999)	(72.0, 6.166666666666665)	(73.0, 2.5)	(74.0, 1.0)	(75.0, 0.6666666666666666)	(76.0, 1.0)	(77.0, 0.3333333333333333)	(78.0, 0.0)	(79.0, 1.0)	(80.0, 1.6666666666666665)	(81.0, 1.3333333333333333)	(82.0, 0.3333333333333333)	(83.0, 0.0)	(84.0, 0.0)	(85.0, 0.3333333333333333)	(86.0, 1.3333333333333333)	(87.0, 1.3333333333333333)	(88.0, 0.3333333333333333)	(89.0, 0.0)	(90.0, 0.0)	(91.0, 0.0)	(92.0, 0.0)	(93.0, 0.3333333333333333)	(94.0, 0.6666666666666666)	(95.0, 1.0)	(96.0, 0.3333333333333333)	(97.0, 0.0)	(98.0, 0.0)	(99.0, 0.0)	(100.0, 0.5)
SRR3667027_1	(0.0, 0.0)	(1.0, 0.0)	(2.0, 0.0)	(3.0, 0.0)	(4.0, 0.0)	(5.0, 0.0)	(6.0, 0.0)	(7.0, 0.0)	(8.0, 0.0)	(9.0, 0.0)	(10.0, 0.0)	(11.0, 0.0)	(12.0, 0.0)	(13.0, 0.0)	(14.0, 0.0)	(15.0, 0.0)	(16.0, 0.0)	(17.0, 0.0)	(18.0, 0.0)	(19.0, 0.0)	(20.0, 0.0)	(21.0, 0.0)	(22.0, 0.0)	(23.0, 0.0)	(24.0, 0.0)	(25.0, 0.0)	(26.0, 0.0)	(27.0, 0.0)	(28.0, 0.0)	(29.0, 0.0)	(30.0, 0.0)	(31.0, 0.0)	(32.0, 0.3333333333333333)	(33.0, 0.6666666666666666)	(34.0, 0.3333333333333333)	(35.0, 0.6666666666666666)	(36.0, 1.0)	(37.0, 0.3333333333333333)	(38.0, 0.6666666666666666)	(39.0, 0.3333333333333333)	(40.0, 0.6666666666666666)	(41.0, 1.3333333333333333)	(42.0, 1.9999999999999998)	(43.0, 1.0)	(44.0, 3.0)	(45.0, 4.0)	(46.0, 4.666666666666666)	(47.0, 19.333333333333332)	(48.0, 232.00000000000222)	(49.0, 1375.666666666633)	(50.0, 2707.1666666667797)	(51.0, 3062.8333333336063)	(52.0, 4364.000000000501)	(53.0, 5629.333333332687)	(54.0, 6508.166666665221)	(55.0, 8608.166666664445)	(56.0, 6683.666666665061)	(57.0, 5202.666666666406)	(58.0, 4252.666666667269)	(59.0, 2347.1666666666165)	(60.0, 792.8333333333536)	(61.0, 286.0000000000012)	(62.0, 226.83333333333542)	(63.0, 282.00000000000136)	(64.0, 468.1666666666575)	(65.0, 293.6666666666674)	(66.0, 55.33333333333345)	(67.0, 4.333333333333333)	(68.0, 1.3333333333333333)	(69.0, 0.3333333333333333)	(70.0, 0.6666666666666666)	(71.0, 0.0)	(72.0, 0.0)	(73.0, 0.3333333333333333)	(74.0, 0.3333333333333333)	(75.0, 0.0)	(76.0, 0.0)	(77.0, 0.0)	(78.0, 0.0)	(79.0, 0.0)	(80.0, 0.0)	(81.0, 0.0)	(82.0, 0.0)	(83.0, 0.0)	(84.0, 0.0)	(85.0, 0.0)	(86.0, 0.0)	(87.0, 0.0)	(88.0, 0.0)	(89.0, 0.0)	(90.0, 0.0)	(91.0, 0.0)	(92.0, 0.0)	(93.0, 0.0)	(94.0, 0.0)	(95.0, 0.0)	(96.0, 0.0)	(97.0, 0.0)	(98.0, 0.0)	(99.0, 0.0)	(100.0, 0.0)
SRR3667027_2	(0.0, 0.0)	(1.0, 0.0)	(2.0, 0.0)	(3.0, 0.0)	(4.0, 0.0)	(5.0, 0.0)	(6.0, 0.0)	(7.0, 0.0)	(8.0, 0.0)	(9.0, 0.0)	(10.0, 0.0)	(11.0, 0.0)	(12.0, 0.0)	(13.0, 0.0)	(14.0, 0.0)	(15.0, 0.0)	(16.0, 0.0)	(17.0, 0.0)	(18.0, 0.0)	(19.0, 0.0)	(20.0, 0.0)	(21.0, 0.0)	(22.0, 0.0)	(23.0, 0.0)	(24.0, 0.0)	(25.0, 0.0)	(26.0, 0.0)	(27.0, 0.0)	(28.0, 0.3333333333333333)	(29.0, 0.3333333333333333)	(30.0, 0.3333333333333333)	(31.0, 0.3333333333333333)	(32.0, 0.3333333333333333)	(33.0, 0.0)	(34.0, 0.3333333333333333)	(35.0, 0.6666666666666666)	(36.0, 1.0)	(37.0, 1.0)	(38.0, 1.3333333333333333)	(39.0, 1.9999999999999998)	(40.0, 3.3333333333333335)	(41.0, 4.666666666666666)	(42.0, 10.0)	(43.0, 105.66666666666625)	(44.0, 133.99999999999943)	(45.0, 54.33333333333344)	(46.0, 151.33333333333326)	(47.0, 507.33333333332195)	(48.0, 1062.333333333371)	(49.0, 2005.3333333331566)	(50.0, 5655.999999999327)	(51.0, 10340.83333333426)	(52.0, 11614.833333336575)	(53.0, 6805.666666664949)	(54.0, 3678.3333333338874)	(55.0, 2294.3333333332585)	(56.0, 3020.3333333335845)	(57.0, 2440.166666666659)	(58.0, 1663.499999999901)	(59.0, 502.83333333332223)	(60.0, 68.83333333333344)	(61.0, 173.50000000000057)	(62.0, 559.9999999999937)	(63.0, 251.66666666666944)	(64.0, 67.1666666666668)	(65.0, 91.66666666666644)	(66.0, 41.000000000000014)	(67.0, 135.3333333333328)	(68.0, 114.99999999999945)	(69.0, 9.666666666666666)	(70.0, 3.0)	(71.0, 2.6666666666666665)	(72.0, 1.3333333333333333)	(73.0, 1.0)	(74.0, 1.0)	(75.0, 0.3333333333333333)	(76.0, 0.3333333333333333)	(77.0, 0.3333333333333333)	(78.0, 0.0)	(79.0, 0.3333333333333333)	(80.0, 0.3333333333333333)	(81.0, 0.3333333333333333)	(82.0, 0.3333333333333333)	(83.0, 0.0)	(84.0, 0.0)	(85.0, 0.0)	(86.0, 0.0)	(87.0, 0.3333333333333333)	(88.0, 0.3333333333333333)	(89.0, 0.0)	(90.0, 0.0)	(91.0, 0.0)	(92.0, 0.0)	(93.0, 0.0)	(94.0, 0.3333333333333333)	(95.0, 0.3333333333333333)	(96.0, 0.3333333333333333)	(97.0, 0.3333333333333333)	(98.0, 0.3333333333333333)	(99.0, 0.0)	(100.0, 1.0)
SRR3667028_1	(0.0, 0.0)	(1.0, 0.0)	(2.0, 0.0)	(3.0, 0.0)	(4.0, 0.0)	(5.0, 0.0)	(6.0, 0.0)	(7.0, 0.0)	(8.0, 0.0)	(9.0, 0.0)	(10.0, 0.0)	(11.0, 0.0)	(12.0, 0.0)	(13.0, 0.0)	(14.0, 0.0)	(15.0, 0.0)	(16.0, 0.0)	(17.0, 0.0)	(18.0, 0.0)	(19.0, 0.0)	(20.0, 0.0)	(21.0, 0.0)	(22.0, 0.3333333333333333)	(23.0, 0.0)	(24.0, 0.0)	(25.0, 0.0)	(26.0, 0.0)	(27.0, 0.0)	(28.0, 0.0)	(29.0, 0.0)	(30.0, 0.0)	(31.0, 0.0)	(32.0, 0.3333333333333333)	(33.0, 0.6666666666666666)	(34.0, 0.0)	(35.0, 0.0)	(36.0, 0.0)	(37.0, 0.3333333333333333)	(38.0, 0.6666666666666666)	(39.0, 0.8333333333333333)	(40.0, 1.1666666666666665)	(41.0, 1.0)	(42.0, 2.6666666666666665)	(43.0, 2.6666666666666665)	(44.0, 2.6666666666666665)	(45.0, 4.0)	(46.0, 6.666666666666664)	(47.0, 27.333333333333304)	(48.0, 305.0000000000001)	(49.0, 1881.4999999998515)	(50.0, 3457.5000000004547)	(51.0, 3555.833333333833)	(52.0, 5048.833333333211)	(53.0, 6424.999999998628)	(54.0, 6603.666666665132)	(55.0, 7028.333333331411)	(56.0, 4618.833333333603)	(57.0, 3032.00000000026)	(58.0, 2307.1666666665988)	(59.0, 1351.999999999972)	(60.0, 436.8333333333259)	(61.0, 138.3333333333329)	(62.0, 143.99999999999972)	(63.0, 163.00000000000026)	(64.0, 208.50000000000153)	(65.0, 132.9999999999994)	(66.0, 23.66666666666665)	(67.0, 1.3333333333333333)	(68.0, 0.0)	(69.0, 0.3333333333333333)	(70.0, 0.0)	(71.0, 0.0)	(72.0, 0.3333333333333333)	(73.0, 0.0)	(74.0, 0.0)	(75.0, 0.3333333333333333)	(76.0, 0.3333333333333333)	(77.0, 0.0)	(78.0, 0.0)	(79.0, 0.0)	(80.0, 0.0)	(81.0, 0.0)	(82.0, 0.0)	(83.0, 0.0)	(84.0, 0.0)	(85.0, 0.0)	(86.0, 0.0)	(87.0, 0.0)	(88.0, 0.0)	(89.0, 0.0)	(90.0, 0.0)	(91.0, 0.0)	(92.0, 0.0)	(93.0, 0.0)	(94.0, 0.0)	(95.0, 0.0)	(96.0, 0.0)	(97.0, 0.0)	(98.0, 0.0)	(99.0, 0.0)	(100.0, 0.0)
SRR3667028_2	(0.0, 0.0)	(1.0, 0.0)	(2.0, 0.0)	(3.0, 0.0)	(4.0, 0.0)	(5.0, 0.0)	(6.0, 0.0)	(7.0, 0.0)	(8.0, 0.0)	(9.0, 0.0)	(10.0, 0.0)	(11.0, 0.0)	(12.0, 0.0)	(13.0, 0.0)	(14.0, 0.0)	(15.0, 0.0)	(16.0, 0.0)	(17.0, 0.0)	(18.0, 0.0)	(19.0, 0.0)	(20.0, 0.0)	(21.0, 0.0)	(22.0, 0.0)	(23.0, 0.3333333333333333)	(24.0, 0.0)	(25.0, 0.0)	(26.0, 0.0)	(27.0, 0.0)	(28.0, 0.0)	(29.0, 0.0)	(30.0, 0.0)	(31.0, 0.0)	(32.0, 0.6666666666666666)	(33.0, 0.6666666666666666)	(34.0, 0.0)	(35.0, 0.6666666666666666)	(36.0, 0.6666666666666666)	(37.0, 1.9999999999999998)	(38.0, 1.3333333333333333)	(39.0, 2.5)	(40.0, 1.833333333333333)	(41.0, 2.6666666666666665)	(42.0, 6.666666666666664)	(43.0, 152.66666666666663)	(44.0, 191.66666666666774)	(45.0, 71.66666666666673)	(46.0, 199.33333333333462)	(47.0, 687.3333333333416)	(48.0, 1269.333333333324)	(49.0, 1415.8333333332907)	(50.0, 4320.166666667208)	(51.0, 8707.833333331291)	(52.0, 10558.500000001324)	(53.0, 6113.166666665577)	(54.0, 3255.5000000003624)	(55.0, 1757.666666666546)	(56.0, 3615.6666666671927)	(57.0, 3095.333333333622)	(58.0, 764.1666666666835)	(59.0, 230.5000000000022)	(60.0, 37.16666666666666)	(61.0, 76.5)	(62.0, 251.16666666666939)	(63.0, 132.83333333333275)	(64.0, 43.00000000000003)	(65.0, 62.3333333333335)	(66.0, 22.999999999999986)	(67.0, 99.66666666666633)	(68.0, 99.99999999999966)	(69.0, 12.333333333333337)	(70.0, 2.6666666666666665)	(71.0, 2.333333333333333)	(72.0, 1.0)	(73.0, 0.3333333333333333)	(74.0, 0.6666666666666666)	(75.0, 1.0)	(76.0, 0.6666666666666666)	(77.0, 0.3333333333333333)	(78.0, 0.3333333333333333)	(79.0, 0.3333333333333333)	(80.0, 0.0)	(81.0, 0.3333333333333333)	(82.0, 0.3333333333333333)	(83.0, 0.6666666666666666)	(84.0, 0.3333333333333333)	(85.0, 0.0)	(86.0, 0.0)	(87.0, 0.0)	(88.0, 0.0)	(89.0, 0.0)	(90.0, 0.0)	(91.0, 0.0)	(92.0, 0.0)	(93.0, 0.0)	(94.0, 0.0)	(95.0, 0.0)	(96.0, 0.3333333333333333)	(97.0, 0.0)	(98.0, 0.0)	(99.0, 0.0)	(100.0, 1.5)
SRR3667029_1	(0.0, 0.0)	(1.0, 0.0)	(2.0, 0.0)	(3.0, 0.0)	(4.0, 0.0)	(5.0, 0.0)	(6.0, 0.0)	(7.0, 0.0)	(8.0, 0.0)	(9.0, 0.0)	(10.0, 0.0)	(11.0, 0.0)	(12.0, 0.0)	(13.0, 0.0)	(14.0, 0.0)	(15.0, 0.0)	(16.0, 0.0)	(17.0, 0.0)	(18.0, 0.0)	(19.0, 0.0)	(20.0, 0.0)	(21.0, 0.0)	(22.0, 0.0)	(23.0, 0.0)	(24.0, 0.0)	(25.0, 0.0)	(26.0, 0.3333333333333333)	(27.0, 0.0)	(28.0, 0.3333333333333333)	(29.0, 0.3333333333333333)	(30.0, 0.0)	(31.0, 0.0)	(32.0, 0.3333333333333333)	(33.0, 0.3333333333333333)	(34.0, 0.0)	(35.0, 0.3333333333333333)	(36.0, 0.3333333333333333)	(37.0, 0.6666666666666666)	(38.0, 1.9999999999999998)	(39.0, 1.6666666666666665)	(40.0, 1.6666666666666665)	(41.0, 1.0)	(42.0, 2.333333333333333)	(43.0, 4.666666666666666)	(44.0, 54.66666666666678)	(45.0, 1094.3333333333637)	(46.0, 2430.3333333333208)	(47.0, 1301.1666666666501)	(48.0, 759.5000000000164)	(49.0, 3782.3333333339356)	(50.0, 8598.999999997759)	(51.0, 8130.333333330409)	(52.0, 8363.166666663998)	(53.0, 6810.8333333316095)	(54.0, 9872.666666666742)	(55.0, 11559.333333336477)	(56.0, 4642.000000000248)	(57.0, 1188.500000000009)	(58.0, 473.16666666665725)	(59.0, 229.00000000000213)	(60.0, 213.00000000000168)	(61.0, 135.66666666666615)	(62.0, 396.6666666666616)	(63.0, 561.4999999999939)	(64.0, 374.66666666666293)	(65.0, 295.5000000000007)	(66.0, 88.99999999999982)	(67.0, 1.6666666666666665)	(68.0, 0.3333333333333333)	(69.0, 0.3333333333333333)	(70.0, 0.3333333333333333)	(71.0, 0.3333333333333333)	(72.0, 0.6666666666666666)	(73.0, 0.0)	(74.0, 0.0)	(75.0, 0.3333333333333333)	(76.0, 0.3333333333333333)	(77.0, 0.0)	(78.0, 0.0)	(79.0, 0.0)	(80.0, 0.0)	(81.0, 0.0)	(82.0, 0.0)	(83.0, 0.0)	(84.0, 0.0)	(85.0, 0.0)	(86.0, 0.0)	(87.0, 0.0)	(88.0, 0.0)	(89.0, 0.0)	(90.0, 0.0)	(91.0, 0.0)	(92.0, 0.0)	(93.0, 0.0)	(94.0, 0.0)	(95.0, 0.0)	(96.0, 0.0)	(97.0, 0.0)	(98.0, 0.0)	(99.0, 0.0)	(100.0, 0.0)
SRR3667029_2	(0.0, 0.0)	(1.0, 0.0)	(2.0, 0.0)	(3.0, 0.0)	(4.0, 0.0)	(5.0, 0.0)	(6.0, 0.0)	(7.0, 0.0)	(8.0, 0.0)	(9.0, 0.0)	(10.0, 0.0)	(11.0, 0.0)	(12.0, 0.0)	(13.0, 0.0)	(14.0, 0.0)	(15.0, 0.0)	(16.0, 0.0)	(17.0, 0.0)	(18.0, 0.0)	(19.0, 0.0)	(20.0, 0.0)	(21.0, 0.0)	(22.0, 0.0)	(23.0, 0.0)	(24.0, 0.0)	(25.0, 0.0)	(26.0, 0.0)	(27.0, 0.3333333333333333)	(28.0, 0.0)	(29.0, 0.3333333333333333)	(30.0, 0.6666666666666666)	(31.0, 1.0)	(32.0, 1.0)	(33.0, 1.0)	(34.0, 1.0)	(35.0, 3.0)	(36.0, 2.6666666666666665)	(37.0, 4.333333333333333)	(38.0, 3.666666666666667)	(39.0, 3.3333333333333335)	(40.0, 3.666666666666667)	(41.0, 6.666666666666664)	(42.0, 7.666666666666663)	(43.0, 13.000000000000005)	(44.0, 32.99999999999996)	(45.0, 207.5000000000015)	(46.0, 1170.8333333333464)	(47.0, 11479.000000002998)	(48.0, 16704.333333344086)	(49.0, 5762.333333332563)	(50.0, 1498.4999999999386)	(51.0, 3355.166666667075)	(52.0, 4762.333333333472)	(53.0, 2645.666666666752)	(54.0, 3117.0000000002997)	(55.0, 2446.999999999995)	(56.0, 9604.333333332921)	(57.0, 6986.6666666647825)	(58.0, 245.83333333333593)	(59.0, 86.3333333333332)	(60.0, 40.66666666666667)	(61.0, 110.83333333333285)	(62.0, 226.33333333333536)	(63.0, 410.49999999999426)	(64.0, 135.49999999999946)	(65.0, 26.333333333333307)	(66.0, 26.333333333333307)	(67.0, 567.6666666666613)	(68.0, 448.6666666666586)	(69.0, 10.0)	(70.0, 2.6666666666666665)	(71.0, 2.6666666666666665)	(72.0, 1.3333333333333333)	(73.0, 0.6666666666666666)	(74.0, 1.0)	(75.0, 1.6666666666666665)	(76.0, 1.0)	(77.0, 0.6666666666666666)	(78.0, 1.0)	(79.0, 1.0)	(80.0, 0.0)	(81.0, 0.3333333333333333)	(82.0, 0.0)	(83.0, 0.3333333333333333)	(84.0, 0.0)	(85.0, 0.3333333333333333)	(86.0, 0.6666666666666666)	(87.0, 0.0)	(88.0, 0.0)	(89.0, 1.0)	(90.0, 0.6666666666666666)	(91.0, 0.0)	(92.0, 0.0)	(93.0, 0.0)	(94.0, 0.0)	(95.0, 0.0)	(96.0, 0.3333333333333333)	(97.0, 0.0)	(98.0, 0.0)	(99.0, 0.3333333333333333)	(100.0, 3.0)
SRR3667030_1	(0.0, 1.0)	(1.0, 0.5)	(2.0, 0.0)	(3.0, 0.0)	(4.0, 0.0)	(5.0, 0.0)	(6.0, 0.0)	(7.0, 0.0)	(8.0, 0.0)	(9.0, 0.0)	(10.0, 0.0)	(11.0, 0.0)	(12.0, 0.0)	(13.0, 0.0)	(14.0, 0.0)	(15.0, 0.0)	(16.0, 0.0)	(17.0, 0.0)	(18.0, 0.0)	(19.0, 0.0)	(20.0, 0.0)	(21.0, 0.0)	(22.0, 0.0)	(23.0, 0.0)	(24.0, 0.0)	(25.0, 0.0)	(26.0, 0.5)	(27.0, 0.5)	(28.0, 0.0)	(29.0, 0.0)	(30.0, 0.0)	(31.0, 0.0)	(32.0, 0.0)	(33.0, 0.0)	(34.0, 0.0)	(35.0, 0.5)	(36.0, 0.5)	(37.0, 1.5)	(38.0, 2.0)	(39.0, 1.75)	(40.0, 1.8333333333333333)	(41.0, 3.083333333333333)	(42.0, 5.0)	(43.0, 5.25)	(44.0, 14.0)	(45.0, 223.75)	(46.0, 849.25)	(47.0, 1890.6666666666667)	(48.0, 2793.1666666666674)	(49.0, 2477.166666666666)	(50.0, 5129.583333333332)	(51.0, 5775.999999999988)	(52.0, 3357.5833333333667)	(53.0, 3753.0833333333767)	(54.0, 6846.833333333314)	(55.0, 7382.833333333322)	(56.0, 3294.833333333343)	(57.0, 1992.333333333316)	(58.0, 777.6666666666714)	(59.0, 442.6666666666649)	(60.0, 632.1666666666675)	(61.0, 389.5833333333332)	(62.0, 96.33333333333331)	(63.0, 32.58333333333333)	(64.0, 61.916666666666664)	(65.0, 52.41666666666667)	(66.0, 273.83333333333337)	(67.0, 937.75)	(68.0, 291.25)	(69.0, 19.25)	(70.0, 3.25)	(71.0, 2.75)	(72.0, 0.5)	(73.0, 0.25)	(74.0, 0.0)	(75.0, 0.0)	(76.0, 0.0)	(77.0, 0.25)	(78.0, 0.25)	(79.0, 0.0)	(80.0, 0.0)	(81.0, 0.0)	(82.0, 0.0)	(83.0, 0.0)	(84.0, 0.0)	(85.0, 0.0)	(86.0, 0.0)	(87.0, 0.0)	(88.0, 0.0)	(89.0, 0.0)	(90.0, 0.0)	(91.0, 0.0)	(92.0, 0.0)	(93.0, 0.0)	(94.0, 0.0)	(95.0, 0.0)	(96.0, 0.0)	(97.0, 0.0)	(98.0, 0.0)	(99.0, 0.0)	(100.0, 0.0)
SRR3667030_2	(0.0, 1.0)	(1.0, 0.5)	(2.0, 0.0)	(3.0, 0.0)	(4.0, 0.0)	(5.0, 0.0)	(6.0, 0.0)	(7.0, 0.0)	(8.0, 0.0)	(9.0, 0.0)	(10.0, 0.0)	(11.0, 0.0)	(12.0, 0.0)	(13.0, 0.0)	(14.0, 0.0)	(15.0, 0.0)	(16.0, 0.0)	(17.0, 0.0)	(18.0, 0.0)	(19.0, 0.0)	(20.0, 0.0)	(21.0, 0.0)	(22.0, 0.0)	(23.0, 0.0)	(24.0, 0.0)	(25.0, 0.0)	(26.0, 0.0)	(27.0, 0.5)	(28.0, 0.5)	(29.0, 0.0)	(30.0, 0.0)	(31.0, 0.0)	(32.0, 0.0)	(33.0, 0.0)	(34.0, 0.0)	(35.0, 0.0)	(36.0, 0.0)	(37.0, 0.3333333333333333)	(38.0, 0.3333333333333333)	(39.0, 0.5833333333333333)	(40.0, 0.8333333333333333)	(41.0, 2.25)	(42.0, 5.833333333333332)	(43.0, 23.41666666666665)	(44.0, 47.75000000000006)	(45.0, 81.49999999999991)	(46.0, 402.33333333333246)	(47.0, 1391.8333333333242)	(48.0, 1906.8333333333064)	(49.0, 4822.999999999997)	(50.0, 5837.749999999926)	(51.0, 2665.5000000000305)	(52.0, 3718.0833333334467)	(53.0, 5693.749999999912)	(54.0, 5094.749999999969)	(55.0, 3771.9166666667847)	(56.0, 5334.9999999999145)	(57.0, 5272.083333333268)	(58.0, 2189.5833333333208)	(59.0, 1016.5833333333378)	(60.0, 379.9166666666664)	(61.0, 156.58333333333334)	(62.0, 92.58333333333329)	(63.0, 54.25000000000003)	(64.0, 47.66666666666668)	(65.0, 63.75000000000003)	(66.0, 96.58333333333323)	(67.0, 262.75000000000074)	(68.0, 536.8333333333317)	(69.0, 447.8333333333328)	(70.0, 236.9166666666668)	(71.0, 83.33333333333333)	(72.0, 31.166666666666664)	(73.0, 9.833333333333334)	(74.0, 3.583333333333333)	(75.0, 1.5)	(76.0, 1.25)	(77.0, 1.0)	(78.0, 0.25)	(79.0, 0.5)	(80.0, 0.25)	(81.0, 0.8333333333333333)	(82.0, 0.3333333333333333)	(83.0, 0.8333333333333333)	(84.0, 0.0)	(85.0, 0.0)	(86.0, 0.5)	(87.0, 0.5)	(88.0, 0.75)	(89.0, 0.5)	(90.0, 0.25)	(91.0, 0.25)	(92.0, 0.5)	(93.0, 0.25)	(94.0, 0.5)	(95.0, 0.75)	(96.0, 0.25)	(97.0, 0.5)	(98.0, 0.0)	(99.0, 0.0)	(100.0, 0.3333333333333333)
SRR3667031_1	(0.0, 0.0)	(1.0, 0.0)	(2.0, 0.0)	(3.0, 0.0)	(4.0, 0.0)	(5.0, 0.0)	(6.0, 0.0)	(7.0, 0.0)	(8.0, 0.0)	(9.0, 0.0)	(10.0, 0.0)	(11.0, 0.0)	(12.0, 0.0)	(13.0, 0.0)	(14.0, 0.0)	(15.0, 0.0)	(16.0, 0.0)	(17.0, 0.0)	(18.0, 0.0)	(19.0, 0.0)	(20.0, 0.0)	(21.0, 0.0)	(22.0, 0.3333333333333333)	(23.0, 0.3333333333333333)	(24.0, 0.0)	(25.0, 0.0)	(26.0, 0.0)	(27.0, 0.5)	(28.0, 1.833333333333333)	(29.0, 1.3333333333333333)	(30.0, 0.3333333333333333)	(31.0, 0.6666666666666666)	(32.0, 0.3333333333333333)	(33.0, 1.0)	(34.0, 1.0)	(35.0, 1.0)	(36.0, 1.0)	(37.0, 1.3333333333333333)	(38.0, 1.9999999999999998)	(39.0, 1.9999999999999998)	(40.0, 1.3333333333333333)	(41.0, 1.3333333333333333)	(42.0, 1.6666666666666665)	(43.0, 1.3333333333333333)	(44.0, 4.0)	(45.0, 19.0)	(46.0, 41.666666666666686)	(47.0, 147.6666666666665)	(48.0, 2162.6666666665324)	(49.0, 8285.166666663856)	(50.0, 8443.333333330811)	(51.0, 3759.6666666672586)	(52.0, 1951.9999999998354)	(53.0, 2577.166666666721)	(54.0, 7499.499999997651)	(55.0, 10071.000000000438)	(56.0, 9316.499999999067)	(57.0, 8053.999999997146)	(58.0, 3002.500000000248)	(59.0, 930.8333333333692)	(60.0, 630.5000000000017)	(61.0, 306.00000000000006)	(62.0, 188.16666666666765)	(63.0, 131.99999999999937)	(64.0, 57.6666666666668)	(65.0, 15.000000000000009)	(66.0, 2.6666666666666665)	(67.0, 1.3333333333333333)	(68.0, 1.3333333333333333)	(69.0, 0.6666666666666666)	(70.0, 0.3333333333333333)	(71.0, 0.3333333333333333)	(72.0, 0.0)	(73.0, 0.0)	(74.0, 0.3333333333333333)	(75.0, 0.3333333333333333)	(76.0, 0.3333333333333333)	(77.0, 0.0)	(78.0, 0.0)	(79.0, 0.3333333333333333)	(80.0, 0.3333333333333333)	(81.0, 0.0)	(82.0, 0.0)	(83.0, 0.0)	(84.0, 0.0)	(85.0, 0.0)	(86.0, 0.0)	(87.0, 0.0)	(88.0, 0.0)	(89.0, 0.0)	(90.0, 0.0)	(91.0, 0.0)	(92.0, 0.0)	(93.0, 0.0)	(94.0, 0.0)	(95.0, 0.0)	(96.0, 0.0)	(97.0, 0.0)	(98.0, 0.0)	(99.0, 0.0)	(100.0, 0.0)
SRR3667031_2	(0.0, 0.0)	(1.0, 0.0)	(2.0, 0.0)	(3.0, 0.0)	(4.0, 0.0)	(5.0, 0.0)	(6.0, 0.0)	(7.0, 0.0)	(8.0, 0.0)	(9.0, 0.0)	(10.0, 0.0)	(11.0, 0.0)	(12.0, 0.0)	(13.0, 0.0)	(14.0, 0.0)	(15.0, 0.0)	(16.0, 0.0)	(17.0, 0.0)	(18.0, 0.3333333333333333)	(19.0, 0.0)	(20.0, 0.3333333333333333)	(21.0, 0.0)	(22.0, 0.0)	(23.0, 0.0)	(24.0, 0.0)	(25.0, 0.0)	(26.0, 0.0)	(27.0, 0.0)	(28.0, 0.0)	(29.0, 0.3333333333333333)	(30.0, 0.3333333333333333)	(31.0, 1.0)	(32.0, 0.6666666666666666)	(33.0, 1.9999999999999998)	(34.0, 2.6666666666666665)	(35.0, 1.6666666666666665)	(36.0, 1.833333333333333)	(37.0, 2.1666666666666665)	(38.0, 3.666666666666667)	(39.0, 3.3333333333333335)	(40.0, 5.999999999999998)	(41.0, 9.333333333333332)	(42.0, 9.666666666666666)	(43.0, 85.66666666666653)	(44.0, 507.9999999999886)	(45.0, 1335.9999999999754)	(46.0, 1765.9999999998777)	(47.0, 10168.000000000613)	(48.0, 8294.333333330538)	(49.0, 1109.8333333333603)	(50.0, 4824.333333333415)	(51.0, 10807.000000001777)	(52.0, 4662.666666666895)	(53.0, 2531.833333333367)	(54.0, 1737.4999999998845)	(55.0, 1677.4999999998984)	(56.0, 9375.16666666584)	(57.0, 7620.666666664207)	(58.0, 503.16666666665554)	(59.0, 401.49999999999466)	(60.0, 201.666666666668)	(61.0, 76.16666666666667)	(62.0, 27.999999999999968)	(63.0, 23.66666666666665)	(64.0, 17.33333333333334)	(65.0, 16.333333333333343)	(66.0, 15.333333333333343)	(67.0, 89.66666666666647)	(68.0, 66.33333333333347)	(69.0, 7.666666666666663)	(70.0, 4.999999999999999)	(71.0, 2.333333333333333)	(72.0, 3.0)	(73.0, 1.9999999999999998)	(74.0, 2.333333333333333)	(75.0, 1.9999999999999998)	(76.0, 1.6666666666666665)	(77.0, 0.6666666666666666)	(78.0, 0.3333333333333333)	(79.0, 1.3333333333333333)	(80.0, 0.3333333333333333)	(81.0, 0.0)	(82.0, 0.3333333333333333)	(83.0, 0.0)	(84.0, 0.3333333333333333)	(85.0, 0.0)	(86.0, 0.0)	(87.0, 0.3333333333333333)	(88.0, 0.0)	(89.0, 0.0)	(90.0, 0.0)	(91.0, 0.0)	(92.0, 0.0)	(93.0, 0.0)	(94.0, 0.0)	(95.0, 0.0)	(96.0, 0.0)	(97.0, 0.0)	(98.0, 0.0)	(99.0, 0.0)	(100.0, 0.0)
SRR3667032_1	(0.0, 0.0)	(1.0, 0.0)	(2.0, 0.0)	(3.0, 0.0)	(4.0, 0.0)	(5.0, 0.0)	(6.0, 0.0)	(7.0, 0.0)	(8.0, 0.0)	(9.0, 0.0)	(10.0, 0.0)	(11.0, 0.0)	(12.0, 0.0)	(13.0, 0.0)	(14.0, 0.0)	(15.0, 0.0)	(16.0, 0.0)	(17.0, 0.0)	(18.0, 0.0)	(19.0, 0.0)	(20.0, 0.0)	(21.0, 0.0)	(22.0, 0.0)	(23.0, 0.0)	(24.0, 0.0)	(25.0, 0.0)	(26.0, 0.0)	(27.0, 0.0)	(28.0, 0.0)	(29.0, 0.0)	(30.0, 0.3333333333333333)	(31.0, 0.3333333333333333)	(32.0, 0.0)	(33.0, 0.0)	(34.0, 0.3333333333333333)	(35.0, 0.6666666666666666)	(36.0, 3.666666666666667)	(37.0, 9.333333333333332)	(38.0, 21.333333333333325)	(39.0, 36.999999999999986)	(40.0, 68.33333333333344)	(41.0, 110.66666666666617)	(42.0, 151.99999999999994)	(43.0, 198.00000000000125)	(44.0, 263.66666666666913)	(45.0, 545.9999999999922)	(46.0, 934.0000000000363)	(47.0, 1220.333333333335)	(48.0, 2031.9999999998172)	(49.0, 4438.000000000434)	(50.0, 6498.49999999856)	(51.0, 7597.666666664227)	(52.0, 11274.33333333596)	(53.0, 12995.000000005755)	(54.0, 12855.000000005499)	(55.0, 13276.333333339597)	(56.0, 11218.66666666919)	(57.0, 7871.833333330645)	(58.0, 5517.333333332786)	(59.0, 3667.00000000055)	(60.0, 1905.3333333331793)	(61.0, 875.0000000000296)	(62.0, 1120.1666666666913)	(63.0, 1367.666666666635)	(64.0, 817.5000000000231)	(65.0, 322.9999999999991)	(66.0, 109.33333333333286)	(67.0, 16.00000000000001)	(68.0, 8.999999999999998)	(69.0, 4.333333333333333)	(70.0, 0.3333333333333333)	(71.0, 0.0)	(72.0, 0.0)	(73.0, 0.0)	(74.0, 0.0)	(75.0, 0.0)	(76.0, 0.0)	(77.0, 0.3333333333333333)	(78.0, 0.6666666666666666)	(79.0, 0.6666666666666666)	(80.0, 0.0)	(81.0, 0.0)	(82.0, 0.0)	(83.0, 0.0)	(84.0, 0.0)	(85.0, 0.0)	(86.0, 0.0)	(87.0, 0.0)	(88.0, 0.0)	(89.0, 0.0)	(90.0, 0.0)	(91.0, 0.0)	(92.0, 0.0)	(93.0, 0.0)	(94.0, 0.0)	(95.0, 0.0)	(96.0, 0.0)	(97.0, 0.0)	(98.0, 0.0)	(99.0, 0.0)	(100.0, 0.0)
SRR3667032_2	(0.0, 0.0)	(1.0, 0.0)	(2.0, 0.0)	(3.0, 0.0)	(4.0, 0.0)	(5.0, 0.0)	(6.0, 0.0)	(7.0, 0.0)	(8.0, 0.0)	(9.0, 0.0)	(10.0, 0.0)	(11.0, 0.0)	(12.0, 0.0)	(13.0, 0.0)	(14.0, 0.0)	(15.0, 0.0)	(16.0, 0.0)	(17.0, 0.0)	(18.0, 0.0)	(19.0, 0.0)	(20.0, 0.0)	(21.0, 0.0)	(22.0, 0.0)	(23.0, 0.3333333333333333)	(24.0, 0.3333333333333333)	(25.0, 0.0)	(26.0, 0.0)	(27.0, 0.3333333333333333)	(28.0, 0.0)	(29.0, 0.0)	(30.0, 0.0)	(31.0, 0.3333333333333333)	(32.0, 0.0)	(33.0, 0.0)	(34.0, 0.6666666666666666)	(35.0, 1.0)	(36.0, 2.333333333333333)	(37.0, 3.0)	(38.0, 4.999999999999999)	(39.0, 3.3333333333333335)	(40.0, 6.666666666666664)	(41.0, 16.333333333333343)	(42.0, 46.00000000000005)	(43.0, 303.33333333333354)	(44.0, 372.3333333333296)	(45.0, 788.333333333353)	(46.0, 2593.6666666667284)	(47.0, 6650.333333331755)	(48.0, 8224.666666663745)	(49.0, 6402.333333331981)	(50.0, 8677.333333331235)	(51.0, 12425.333333338052)	(52.0, 14856.166666675808)	(53.0, 11135.833333335706)	(54.0, 8384.833333330704)	(55.0, 6099.16666666559)	(56.0, 9069.999999998616)	(57.0, 6267.166666665436)	(58.0, 1667.9999999999002)	(59.0, 1219.1666666666688)	(60.0, 517.3333333333223)	(61.0, 369.4999999999964)	(62.0, 390.4999999999952)	(63.0, 477.33333333332365)	(64.0, 337.6666666666649)	(65.0, 128.4999999999993)	(66.0, 108.49999999999955)	(67.0, 1081.3333333333667)	(68.0, 993.000000000043)	(69.0, 43.6666666666667)	(70.0, 19.0)	(71.0, 18.000000000000004)	(72.0, 12.666666666666671)	(73.0, 1.9999999999999998)	(74.0, 0.6666666666666666)	(75.0, 1.0)	(76.0, 1.9999999999999998)	(77.0, 1.6666666666666665)	(78.0, 1.3333333333333333)	(79.0, 0.3333333333333333)	(80.0, 0.6666666666666666)	(81.0, 0.6666666666666666)	(82.0, 0.3333333333333333)	(83.0, 0.6666666666666666)	(84.0, 0.3333333333333333)	(85.0, 0.0)	(86.0, 0.0)	(87.0, 0.0)	(88.0, 0.0)	(89.0, 0.0)	(90.0, 0.3333333333333333)	(91.0, 1.0)	(92.0, 1.0)	(93.0, 0.3333333333333333)	(94.0, 0.3333333333333333)	(95.0, 0.0)	(96.0, 0.0)	(97.0, 0.3333333333333333)	(98.0, 0.3333333333333333)	(99.0, 0.3333333333333333)	(100.0, 2.5)
SRR3667033_1	(0.0, 2.0)	(1.0, 1.0)	(2.0, 0.0)	(3.0, 0.0)	(4.0, 0.0)	(5.0, 0.0)	(6.0, 0.0)	(7.0, 0.0)	(8.0, 0.0)	(9.0, 0.0)	(10.0, 0.0)	(11.0, 0.0)	(12.0, 0.0)	(13.0, 0.0)	(14.0, 0.0)	(15.0, 0.0)	(16.0, 0.0)	(17.0, 0.0)	(18.0, 0.0)	(19.0, 0.0)	(20.0, 0.0)	(21.0, 0.0)	(22.0, 0.0)	(23.0, 0.3333333333333333)	(24.0, 0.6666666666666666)	(25.0, 0.3333333333333333)	(26.0, 0.0)	(27.0, 0.0)	(28.0, 0.6666666666666666)	(29.0, 0.3333333333333333)	(30.0, 1.3333333333333333)	(31.0, 1.6666666666666665)	(32.0, 2.6666666666666665)	(33.0, 3.0)	(34.0, 1.6666666666666665)	(35.0, 2.333333333333333)	(36.0, 1.3333333333333333)	(37.0, 0.3333333333333333)	(38.0, 0.6666666666666666)	(39.0, 1.3333333333333333)	(40.0, 2.1666666666666665)	(41.0, 3.833333333333334)	(42.0, 2.333333333333333)	(43.0, 1.6666666666666665)	(44.0, 3.0)	(45.0, 8.33333333333333)	(46.0, 19.83333333333333)	(47.0, 24.33333333333331)	(48.0, 208.66666666666822)	(49.0, 2375.6666666666297)	(50.0, 5276.833333333004)	(51.0, 4677.5000000002165)	(52.0, 3455.0000000004525)	(53.0, 3873.333333333976)	(54.0, 4545.666666667003)	(55.0, 7299.333333331166)	(56.0, 4733.833333333498)	(57.0, 2270.833333333248)	(58.0, 2116.999999999845)	(59.0, 669.8333333333396)	(60.0, 135.83333333333283)	(61.0, 82.4999999999999)	(62.0, 417.33333333332706)	(63.0, 580.3333333333294)	(64.0, 163.66666666666694)	(65.0, 13.000000000000005)	(66.0, 4.666666666666666)	(67.0, 1.3333333333333333)	(68.0, 0.3333333333333333)	(69.0, 0.3333333333333333)	(70.0, 0.3333333333333333)	(71.0, 0.3333333333333333)	(72.0, 0.0)	(73.0, 0.0)	(74.0, 0.0)	(75.0, 0.0)	(76.0, 0.0)	(77.0, 0.0)	(78.0, 0.0)	(79.0, 0.0)	(80.0, 0.0)	(81.0, 0.0)	(82.0, 0.0)	(83.0, 0.0)	(84.0, 0.0)	(85.0, 0.0)	(86.0, 0.0)	(87.0, 0.0)	(88.0, 0.0)	(89.0, 0.0)	(90.0, 0.0)	(91.0, 0.0)	(92.0, 0.0)	(93.0, 0.0)	(94.0, 0.0)	(95.0, 0.0)	(96.0, 0.0)	(97.0, 0.0)	(98.0, 0.0)	(99.0, 0.0)	(100.0, 0.0)
SRR3667033_2	(0.0, 2.0)	(1.0, 1.0)	(2.0, 0.0)	(3.0, 0.0)	(4.0, 0.0)	(5.0, 0.0)	(6.0, 0.0)	(7.0, 0.0)	(8.0, 0.0)	(9.0, 0.0)	(10.0, 0.0)	(11.0, 0.0)	(12.0, 0.3333333333333333)	(13.0, 0.0)	(14.0, 0.0)	(15.0, 0.0)	(16.0, 0.0)	(17.0, 0.0)	(18.0, 0.0)	(19.0, 0.3333333333333333)	(20.0, 0.3333333333333333)	(21.0, 0.0)	(22.0, 0.3333333333333333)	(23.0, 1.0)	(24.0, 0.3333333333333333)	(25.0, 0.6666666666666666)	(26.0, 1.6666666666666665)	(27.0, 0.3333333333333333)	(28.0, 0.0)	(29.0, 0.0)	(30.0, 0.6666666666666666)	(31.0, 0.6666666666666666)	(32.0, 0.6666666666666666)	(33.0, 2.333333333333333)	(34.0, 2.333333333333333)	(35.0, 2.333333333333333)	(36.0, 1.3333333333333333)	(37.0, 3.0)	(38.0, 2.333333333333333)	(39.0, 3.0)	(40.0, 1.9999999999999998)	(41.0, 1.0)	(42.0, 3.3333333333333335)	(43.0, 7.666666666666663)	(44.0, 8.999999999999998)	(45.0, 76.16666666666667)	(46.0, 210.66666666666828)	(47.0, 341.3333333333314)	(48.0, 298.3333333333338)	(49.0, 217.00000000000173)	(50.0, 2342.166666666614)	(51.0, 7606.4999999975535)	(52.0, 9739.499999999834)	(53.0, 5776.499999999218)	(54.0, 4246.333333333941)	(55.0, 3802.0000000006103)	(56.0, 5697.833333332622)	(57.0, 646.1666666666702)	(58.0, 279.1666666666683)	(59.0, 160.16666666666683)	(60.0, 74.1666666666667)	(61.0, 29.999999999999964)	(62.0, 44.00000000000004)	(63.0, 70.00000000000009)	(64.0, 15.666666666666677)	(65.0, 7.33333333333333)	(66.0, 42.00000000000002)	(67.0, 642.0000000000031)	(68.0, 427.6666666666598)	(69.0, 14.333333333333341)	(70.0, 3.666666666666667)	(71.0, 2.333333333333333)	(72.0, 2.333333333333333)	(73.0, 1.3333333333333333)	(74.0, 1.3333333333333333)	(75.0, 1.0)	(76.0, 0.3333333333333333)	(77.0, 1.0)	(78.0, 0.3333333333333333)	(79.0, 0.3333333333333333)	(80.0, 0.0)	(81.0, 0.3333333333333333)	(82.0, 0.3333333333333333)	(83.0, 0.6666666666666666)	(84.0, 0.0)	(85.0, 0.0)	(86.0, 0.6666666666666666)	(87.0, 1.0)	(88.0, 0.6666666666666666)	(89.0, 0.3333333333333333)	(90.0, 0.0)	(91.0, 0.0)	(92.0, 0.0)	(93.0, 0.0)	(94.0, 0.0)	(95.0, 0.0)	(96.0, 0.0)	(97.0, 0.0)	(98.0, 0.0)	(99.0, 0.0)	(100.0, 0.5)
SRR3667034_1	(0.0, 9.0)	(1.0, 4.5)	(2.0, 0.0)	(3.0, 0.0)	(4.0, 0.0)	(5.0, 0.0)	(6.0, 0.0)	(7.0, 0.0)	(8.0, 0.0)	(9.0, 0.0)	(10.0, 0.0)	(11.0, 0.0)	(12.0, 0.0)	(13.0, 0.0)	(14.0, 0.0)	(15.0, 0.0)	(16.0, 0.0)	(17.0, 0.0)	(18.0, 0.0)	(19.0, 0.3333333333333333)	(20.0, 0.3333333333333333)	(21.0, 0.6666666666666666)	(22.0, 0.6666666666666666)	(23.0, 0.6666666666666666)	(24.0, 1.6666666666666665)	(25.0, 1.3333333333333333)	(26.0, 3.0)	(27.0, 3.3333333333333335)	(28.0, 4.0)	(29.0, 2.6666666666666665)	(30.0, 4.999999999999999)	(31.0, 8.999999999999998)	(32.0, 11.500000000000002)	(33.0, 18.999999999999996)	(34.0, 21.83333333333332)	(35.0, 22.999999999999986)	(36.0, 33.499999999999964)	(37.0, 41.000000000000014)	(38.0, 41.33333333333336)	(39.0, 44.50000000000004)	(40.0, 50.00000000000008)	(41.0, 46.83333333333339)	(42.0, 49.33333333333341)	(43.0, 57.00000000000013)	(44.0, 55.33333333333344)	(45.0, 63.33333333333349)	(46.0, 96.33333333333306)	(47.0, 109.33333333333289)	(48.0, 421.4999999999935)	(49.0, 2802.0000000001564)	(50.0, 5676.999999999307)	(51.0, 4762.833333333472)	(52.0, 3763.66666666726)	(53.0, 5216.166666666395)	(54.0, 5963.333333332382)	(55.0, 8388.999999997382)	(56.0, 4850.833333333393)	(57.0, 2495.33333333335)	(58.0, 2558.333333333378)	(59.0, 947.8333333333708)	(60.0, 348.4999999999979)	(61.0, 228.50000000000202)	(62.0, 501.4999999999893)	(63.0, 584.1666666666631)	(64.0, 177.333333333334)	(65.0, 62.8333333333335)	(66.0, 40.16666666666668)	(67.0, 41.00000000000002)	(68.0, 35.999999999999986)	(69.0, 32.33333333333329)	(70.0, 25.833333333333314)	(71.0, 18.166666666666668)	(72.0, 13.000000000000005)	(73.0, 8.33333333333333)	(74.0, 8.666666666666664)	(75.0, 5.833333333333332)	(76.0, 4.5)	(77.0, 1.9999999999999998)	(78.0, 1.6666666666666665)	(79.0, 0.6666666666666666)	(80.0, 0.3333333333333333)	(81.0, 0.3333333333333333)	(82.0, 0.0)	(83.0, 0.3333333333333333)	(84.0, 0.0)	(85.0, 0.0)	(86.0, 0.0)	(87.0, 0.0)	(88.0, 0.0)	(89.0, 0.0)	(90.0, 0.0)	(91.0, 0.0)	(92.0, 0.0)	(93.0, 0.0)	(94.0, 0.0)	(95.0, 0.0)	(96.0, 0.0)	(97.0, 0.0)	(98.0, 0.0)	(99.0, 0.0)	(100.0, 0.0)
SRR3667034_2	(0.0, 6.0)	(1.0, 3.0)	(2.0, 0.0)	(3.0, 0.0)	(4.0, 0.0)	(5.0, 0.0)	(6.0, 0.0)	(7.0, 0.0)	(8.0, 0.0)	(9.0, 0.0)	(10.0, 0.0)	(11.0, 0.0)	(12.0, 0.3333333333333333)	(13.0, 0.0)	(14.0, 0.0)	(15.0, 0.0)	(16.0, 0.0)	(17.0, 0.3333333333333333)	(18.0, 0.6666666666666666)	(19.0, 0.3333333333333333)	(20.0, 0.0)	(21.0, 0.0)	(22.0, 1.0)	(23.0, 0.3333333333333333)	(24.0, 0.0)	(25.0, 1.0)	(26.0, 3.0)	(27.0, 2.6666666666666665)	(28.0, 4.666666666666666)	(29.0, 5.333333333333332)	(30.0, 4.166666666666667)	(31.0, 10.500000000000002)	(32.0, 13.833333333333341)	(33.0, 13.166666666666673)	(34.0, 16.333333333333343)	(35.0, 17.000000000000007)	(36.0, 26.99999999999997)	(37.0, 34.99999999999997)	(38.0, 41.000000000000014)	(39.0, 45.50000000000005)	(40.0, 45.833333333333385)	(41.0, 50.833333333333414)	(42.0, 59.000000000000135)	(43.0, 64.50000000000017)	(44.0, 65.16666666666683)	(45.0, 280.16666666666816)	(46.0, 704.5000000000102)	(47.0, 525.8333333333234)	(48.0, 491.9999999999896)	(49.0, 491.4999999999897)	(50.0, 2770.3333333334745)	(51.0, 8058.333333330477)	(52.0, 10721.666666668287)	(53.0, 6815.999999998275)	(54.0, 4973.666666666613)	(55.0, 3833.16666666729)	(56.0, 6387.333333331993)	(57.0, 1588.9999999999177)	(58.0, 463.6666666666579)	(59.0, 306.8333333333334)	(60.0, 183.33333333333405)	(61.0, 95.49999999999976)	(62.0, 145.6666666666664)	(63.0, 165.0000000000003)	(64.0, 63.33333333333349)	(65.0, 49.8333333333334)	(66.0, 71.66666666666671)	(67.0, 550.6666666666594)	(68.0, 432.6666666666596)	(69.0, 36.16666666666666)	(70.0, 29.8333333333333)	(71.0, 24.66666666666665)	(72.0, 20.999999999999996)	(73.0, 11.166666666666668)	(74.0, 6.333333333333331)	(75.0, 6.333333333333331)	(76.0, 4.666666666666666)	(77.0, 5.999999999999998)	(78.0, 4.666666666666666)	(79.0, 1.3333333333333333)	(80.0, 0.6666666666666666)	(81.0, 1.6666666666666665)	(82.0, 1.0)	(83.0, 1.0)	(84.0, 0.3333333333333333)	(85.0, 0.6666666666666666)	(86.0, 0.6666666666666666)	(87.0, 0.6666666666666666)	(88.0, 0.0)	(89.0, 0.0)	(90.0, 0.0)	(91.0, 0.0)	(92.0, 0.0)	(93.0, 0.0)	(94.0, 0.0)	(95.0, 0.3333333333333333)	(96.0, 0.3333333333333333)	(97.0, 0.0)	(98.0, 0.0)	(99.0, 0.3333333333333333)	(100.0, 1.5)
SRR3667035_1	(0.0, 0.0)	(1.0, 0.0)	(2.0, 0.0)	(3.0, 0.0)	(4.0, 0.0)	(5.0, 0.0)	(6.0, 0.0)	(7.0, 0.0)	(8.0, 0.0)	(9.0, 0.0)	(10.0, 0.0)	(11.0, 0.0)	(12.0, 0.0)	(13.0, 0.0)	(14.0, 0.0)	(15.0, 0.0)	(16.0, 0.0)	(17.0, 0.3333333333333333)	(18.0, 0.6666666666666666)	(19.0, 1.0)	(20.0, 1.6666666666666665)	(21.0, 1.3333333333333333)	(22.0, 1.0)	(23.0, 1.6666666666666665)	(24.0, 1.3333333333333333)	(25.0, 3.3333333333333335)	(26.0, 2.333333333333333)	(27.0, 1.6666666666666665)	(28.0, 1.9999999999999998)	(29.0, 1.6666666666666665)	(30.0, 1.9999999999999998)	(31.0, 4.0)	(32.0, 3.0)	(33.0, 4.333333333333333)	(34.0, 3.3333333333333335)	(35.0, 5.833333333333332)	(36.0, 3.5000000000000004)	(37.0, 5.666666666666665)	(38.0, 8.166666666666664)	(39.0, 6.999999999999998)	(40.0, 8.33333333333333)	(41.0, 8.833333333333332)	(42.0, 5.333333333333332)	(43.0, 5.666666666666665)	(44.0, 74.00000000000003)	(45.0, 925.0000000000352)	(46.0, 1476.8333333332769)	(47.0, 587.8333333333303)	(48.0, 358.4999999999971)	(49.0, 1038.0000000000432)	(50.0, 1145.1666666666856)	(51.0, 1275.6666666666558)	(52.0, 1909.999999999845)	(53.0, 2456.9999999999995)	(54.0, 10241.166666667412)	(55.0, 14108.166666674446)	(56.0, 5271.999999999675)	(57.0, 1003.1666666667107)	(58.0, 651.8333333333377)	(59.0, 605.6666666666657)	(60.0, 495.4999999999893)	(61.0, 227.16666666666876)	(62.0, 91.99999999999977)	(63.0, 69.0000000000001)	(64.0, 17.833333333333336)	(65.0, 3.0)	(66.0, 3.166666666666667)	(67.0, 0.3333333333333333)	(68.0, 0.3333333333333333)	(69.0, 0.6666666666666666)	(70.0, 0.0)	(71.0, 0.0)	(72.0, 0.0)	(73.0, 0.3333333333333333)	(74.0, 0.0)	(75.0, 0.0)	(76.0, 0.0)	(77.0, 0.0)	(78.0, 0.0)	(79.0, 0.0)	(80.0, 0.0)	(81.0, 0.0)	(82.0, 0.0)	(83.0, 0.0)	(84.0, 0.0)	(85.0, 0.0)	(86.0, 0.0)	(87.0, 0.0)	(88.0, 0.0)	(89.0, 0.0)	(90.0, 0.0)	(91.0, 0.0)	(92.0, 0.0)	(93.0, 0.0)	(94.0, 0.0)	(95.0, 0.0)	(96.0, 0.0)	(97.0, 0.0)	(98.0, 0.0)	(99.0, 0.0)	(100.0, 0.0)
SRR3667035_2	(0.0, 0.0)	(1.0, 0.3333333333333333)	(2.0, 0.3333333333333333)	(3.0, 0.0)	(4.0, 0.3333333333333333)	(5.0, 0.3333333333333333)	(6.0, 0.0)	(7.0, 0.0)	(8.0, 0.0)	(9.0, 0.0)	(10.0, 0.0)	(11.0, 0.0)	(12.0, 0.3333333333333333)	(13.0, 0.0)	(14.0, 0.0)	(15.0, 0.0)	(16.0, 0.0)	(17.0, 0.0)	(18.0, 0.3333333333333333)	(19.0, 0.6666666666666666)	(20.0, 0.6666666666666666)	(21.0, 1.3333333333333333)	(22.0, 2.333333333333333)	(23.0, 1.833333333333333)	(24.0, 3.166666666666667)	(25.0, 2.333333333333333)	(26.0, 2.6666666666666665)	(27.0, 1.6666666666666665)	(28.0, 1.0)	(29.0, 1.9999999999999998)	(30.0, 2.333333333333333)	(31.0, 1.9999999999999998)	(32.0, 1.3333333333333333)	(33.0, 4.333333333333333)	(34.0, 5.666666666666665)	(35.0, 7.33333333333333)	(36.0, 3.0)	(37.0, 5.499999999999999)	(38.0, 5.833333333333332)	(39.0, 6.833333333333331)	(40.0, 9.833333333333334)	(41.0, 8.666666666666664)	(42.0, 24.333333333333314)	(43.0, 57.833333333333464)	(44.0, 99.16666666666634)	(45.0, 398.99999999999477)	(46.0, 1572.9999999999216)	(47.0, 3955.0000000006808)	(48.0, 2822.0000000001655)	(49.0, 424.33333333332666)	(50.0, 643.16666666667)	(51.0, 1651.833333333237)	(52.0, 1534.666666666597)	(53.0, 1803.999999999869)	(54.0, 1516.4999999999345)	(55.0, 1719.166666666555)	(56.0, 16160.66666667818)	(57.0, 10496.333333334545)	(58.0, 274.5000000000018)	(59.0, 56.50000000000013)	(60.0, 28.999999999999964)	(61.0, 135.66666666666615)	(62.0, 96.33333333333304)	(63.0, 14.000000000000007)	(64.0, 20.33333333333333)	(65.0, 47.00000000000006)	(66.0, 14.833333333333343)	(67.0, 19.166666666666668)	(68.0, 15.000000000000009)	(69.0, 9.666666666666666)	(70.0, 13.33333333333334)	(71.0, 7.666666666666663)	(72.0, 2.333333333333333)	(73.0, 1.3333333333333333)	(74.0, 0.3333333333333333)	(75.0, 1.3333333333333333)	(76.0, 1.0)	(77.0, 1.0)	(78.0, 0.6666666666666666)	(79.0, 0.0)	(80.0, 0.0)	(81.0, 0.3333333333333333)	(82.0, 0.3333333333333333)	(83.0, 0.0)	(84.0, 0.0)	(85.0, 0.0)	(86.0, 0.0)	(87.0, 0.0)	(88.0, 0.0)	(89.0, 0.0)	(90.0, 0.3333333333333333)	(91.0, 0.3333333333333333)	(92.0, 0.0)	(93.0, 0.0)	(94.0, 0.0)	(95.0, 0.0)	(96.0, 0.0)	(97.0, 0.3333333333333333)	(98.0, 0.3333333333333333)	(99.0, 0.0)	(100.0, 1.0)
SRR3667036_1	(0.0, 0.0)	(1.0, 0.0)	(2.0, 0.0)	(3.0, 0.0)	(4.0, 0.0)	(5.0, 0.0)	(6.0, 0.0)	(7.0, 0.0)	(8.0, 0.0)	(9.0, 0.0)	(10.0, 0.0)	(11.0, 0.0)	(12.0, 0.0)	(13.0, 0.0)	(14.0, 0.0)	(15.0, 0.0)	(16.0, 0.3333333333333333)	(17.0, 0.0)	(18.0, 0.0)	(19.0, 0.0)	(20.0, 0.0)	(21.0, 0.0)	(22.0, 0.0)	(23.0, 0.0)	(24.0, 0.0)	(25.0, 0.6666666666666666)	(26.0, 1.0)	(27.0, 1.3333333333333333)	(28.0, 0.6666666666666666)	(29.0, 1.3333333333333333)	(30.0, 1.3333333333333333)	(31.0, 1.9999999999999998)	(32.0, 0.3333333333333333)	(33.0, 1.9999999999999998)	(34.0, 2.6666666666666665)	(35.0, 2.6666666666666665)	(36.0, 2.6666666666666665)	(37.0, 3.3333333333333335)	(38.0, 3.666666666666667)	(39.0, 3.0)	(40.0, 2.6666666666666665)	(41.0, 3.3333333333333335)	(42.0, 5.666666666666665)	(43.0, 6.999999999999997)	(44.0, 11.500000000000004)	(45.0, 251.83333333333613)	(46.0, 822.0000000000235)	(47.0, 688.666666666675)	(48.0, 1772.166666666543)	(49.0, 7137.499999997978)	(50.0, 8977.666666665114)	(51.0, 7329.3333333311375)	(52.0, 10164.500000000608)	(53.0, 10486.666666667861)	(54.0, 7556.333333330931)	(55.0, 4580.500000000304)	(56.0, 4508.333333333703)	(57.0, 4173.833333334007)	(58.0, 1783.1666666665403)	(59.0, 680.1666666666741)	(60.0, 445.6666666666588)	(61.0, 188.66666666666765)	(62.0, 58.000000000000135)	(63.0, 46.50000000000006)	(64.0, 21.666666666666657)	(65.0, 7.33333333333333)	(66.0, 2.333333333333333)	(67.0, 0.3333333333333333)	(68.0, 0.3333333333333333)	(69.0, 1.3333333333333333)	(70.0, 0.3333333333333333)	(71.0, 0.6666666666666666)	(72.0, 0.3333333333333333)	(73.0, 0.0)	(74.0, 0.0)	(75.0, 0.0)	(76.0, 0.0)	(77.0, 0.3333333333333333)	(78.0, 0.3333333333333333)	(79.0, 0.0)	(80.0, 0.0)	(81.0, 0.0)	(82.0, 0.0)	(83.0, 0.0)	(84.0, 0.0)	(85.0, 0.0)	(86.0, 0.0)	(87.0, 0.0)	(88.0, 0.0)	(89.0, 0.0)	(90.0, 0.0)	(91.0, 0.0)	(92.0, 0.0)	(93.0, 0.0)	(94.0, 0.0)	(95.0, 0.0)	(96.0, 0.0)	(97.0, 0.0)	(98.0, 0.0)	(99.0, 0.0)	(100.0, 0.0)
SRR3667036_2	(0.0, 0.0)	(1.0, 0.0)	(2.0, 0.0)	(3.0, 0.0)	(4.0, 0.0)	(5.0, 0.0)	(6.0, 0.0)	(7.0, 0.3333333333333333)	(8.0, 0.0)	(9.0, 0.0)	(10.0, 0.0)	(11.0, 0.0)	(12.0, 0.0)	(13.0, 0.0)	(14.0, 0.0)	(15.0, 0.0)	(16.0, 0.0)	(17.0, 0.0)	(18.0, 0.0)	(19.0, 0.0)	(20.0, 0.3333333333333333)	(21.0, 0.6666666666666666)	(22.0, 0.6666666666666666)	(23.0, 1.0)	(24.0, 0.3333333333333333)	(25.0, 0.0)	(26.0, 0.3333333333333333)	(27.0, 0.6666666666666666)	(28.0, 0.6666666666666666)	(29.0, 1.0)	(30.0, 1.0)	(31.0, 1.3333333333333333)	(32.0, 1.0)	(33.0, 1.9999999999999998)	(34.0, 2.333333333333333)	(35.0, 1.0)	(36.0, 1.6666666666666665)	(37.0, 2.6666666666666665)	(38.0, 3.3333333333333335)	(39.0, 3.666666666666667)	(40.0, 4.666666666666666)	(41.0, 6.333333333333331)	(42.0, 16.666666666666675)	(43.0, 124.66666666666598)	(44.0, 141.16666666666632)	(45.0, 911.5000000000338)	(46.0, 2746.000000000131)	(47.0, 8407.333333330744)	(48.0, 10028.000000000358)	(49.0, 7355.666666664447)	(50.0, 7068.666666664708)	(51.0, 7391.333333331081)	(52.0, 5464.166666666167)	(53.0, 8128.333333330412)	(54.0, 7481.999999997665)	(55.0, 3330.83333333373)	(56.0, 1686.6666666665626)	(57.0, 682.5000000000078)	(58.0, 473.1666666666572)	(59.0, 134.16666666666612)	(60.0, 36.66666666666665)	(61.0, 34.666666666666636)	(62.0, 20.33333333333333)	(63.0, 8.166666666666664)	(64.0, 6.999999999999997)	(65.0, 6.333333333333331)	(66.0, 17.000000000000007)	(67.0, 38.33333333333333)	(68.0, 26.99999999999997)	(69.0, 6.333333333333331)	(70.0, 3.0)	(71.0, 2.6666666666666665)	(72.0, 1.0)	(73.0, 1.3333333333333333)	(74.0, 1.0)	(75.0, 0.0)	(76.0, 0.3333333333333333)	(77.0, 0.0)	(78.0, 0.0)	(79.0, 0.3333333333333333)	(80.0, 0.3333333333333333)	(81.0, 0.0)	(82.0, 0.0)	(83.0, 0.3333333333333333)	(84.0, 0.6666666666666666)	(85.0, 0.3333333333333333)	(86.0, 0.3333333333333333)	(87.0, 0.6666666666666666)	(88.0, 0.6666666666666666)	(89.0, 0.0)	(90.0, 0.0)	(91.0, 0.0)	(92.0, 0.0)	(93.0, 0.0)	(94.0, 0.6666666666666666)	(95.0, 0.0)	(96.0, 0.0)	(97.0, 0.0)	(98.0, 0.0)	(99.0, 0.6666666666666666)	(100.0, 0.5)
SRR3667037_1	(0.0, 0.0)	(1.0, 0.0)	(2.0, 0.0)	(3.0, 0.0)	(4.0, 0.0)	(5.0, 0.0)	(6.0, 0.0)	(7.0, 0.0)	(8.0, 0.0)	(9.0, 0.0)	(10.0, 0.0)	(11.0, 0.0)	(12.0, 0.0)	(13.0, 0.0)	(14.0, 0.0)	(15.0, 0.0)	(16.0, 0.0)	(17.0, 0.0)	(18.0, 0.0)	(19.0, 0.0)	(20.0, 0.0)	(21.0, 0.0)	(22.0, 0.3333333333333333)	(23.0, 0.3333333333333333)	(24.0, 0.0)	(25.0, 0.0)	(26.0, 0.3333333333333333)	(27.0, 0.0)	(28.0, 0.3333333333333333)	(29.0, 0.0)	(30.0, 1.3333333333333333)	(31.0, 1.3333333333333333)	(32.0, 1.6666666666666665)	(33.0, 1.0)	(34.0, 1.0)	(35.0, 2.6666666666666665)	(36.0, 3.0)	(37.0, 1.3333333333333333)	(38.0, 2.6666666666666665)	(39.0, 3.666666666666667)	(40.0, 1.3333333333333333)	(41.0, 1.6666666666666665)	(42.0, 3.0)	(43.0, 4.833333333333333)	(44.0, 14.166666666666673)	(45.0, 685.6666666666747)	(46.0, 2200.333333333216)	(47.0, 1478.6666666666097)	(48.0, 901.833333333366)	(49.0, 4656.1666666669025)	(50.0, 11374.33333333614)	(51.0, 10825.000000001808)	(52.0, 11103.333333335648)	(53.0, 8060.999999997139)	(54.0, 6220.666666665479)	(55.0, 5729.333333332593)	(56.0, 2741.333333333462)	(57.0, 1205.166666666672)	(58.0, 464.8333333333244)	(59.0, 170.50000000000048)	(60.0, 138.99999999999957)	(61.0, 131.49999999999937)	(62.0, 419.66666666666026)	(63.0, 600.666666666665)	(64.0, 400.66666666666134)	(65.0, 296.66666666666725)	(66.0, 99.66666666666633)	(67.0, 2.5)	(68.0, 2.1666666666666665)	(69.0, 1.0)	(70.0, 0.6666666666666666)	(71.0, 0.0)	(72.0, 0.0)	(73.0, 0.0)	(74.0, 0.3333333333333333)	(75.0, 0.0)	(76.0, 0.0)	(77.0, 0.0)	(78.0, 0.0)	(79.0, 0.0)	(80.0, 0.0)	(81.0, 0.0)	(82.0, 0.0)	(83.0, 0.0)	(84.0, 0.0)	(85.0, 0.0)	(86.0, 0.0)	(87.0, 0.0)	(88.0, 0.0)	(89.0, 0.0)	(90.0, 0.0)	(91.0, 0.0)	(92.0, 0.0)	(93.0, 0.0)	(94.0, 0.0)	(95.0, 0.0)	(96.0, 0.0)	(97.0, 0.0)	(98.0, 0.0)	(99.0, 0.0)	(100.0, 0.0)
SRR3667037_2	(0.0, 0.0)	(1.0, 0.0)	(2.0, 0.0)	(3.0, 0.0)	(4.0, 0.0)	(5.0, 0.0)	(6.0, 0.0)	(7.0, 0.0)	(8.0, 0.0)	(9.0, 0.0)	(10.0, 0.0)	(11.0, 0.0)	(12.0, 0.0)	(13.0, 0.0)	(14.0, 0.0)	(15.0, 0.3333333333333333)	(16.0, 0.3333333333333333)	(17.0, 0.0)	(18.0, 0.0)	(19.0, 0.3333333333333333)	(20.0, 0.0)	(21.0, 0.0)	(22.0, 0.0)	(23.0, 0.3333333333333333)	(24.0, 0.6666666666666666)	(25.0, 0.6666666666666666)	(26.0, 0.3333333333333333)	(27.0, 0.0)	(28.0, 1.3333333333333333)	(29.0, 1.0)	(30.0, 0.0)	(31.0, 0.3333333333333333)	(32.0, 0.6666666666666666)	(33.0, 1.0)	(34.0, 1.9999999999999998)	(35.0, 2.6666666666666665)	(36.0, 3.0)	(37.0, 4.0)	(38.0, 3.0)	(39.0, 7.166666666666664)	(40.0, 7.166666666666664)	(41.0, 8.33333333333333)	(42.0, 14.666666666666675)	(43.0, 30.333333333333293)	(44.0, 51.16666666666675)	(45.0, 284.5000000000013)	(46.0, 854.0000000000272)	(47.0, 12766.333333338673)	(48.0, 21581.16666665968)	(49.0, 8422.999999997439)	(50.0, 1866.499999999855)	(51.0, 4090.000000000742)	(52.0, 5790.999999999203)	(53.0, 2532.333333333367)	(54.0, 2449.666666666663)	(55.0, 1651.6666666665703)	(56.0, 3006.666666666916)	(57.0, 2277.8333333332516)	(58.0, 129.99999999999932)	(59.0, 71.8333333333334)	(60.0, 35.16666666666664)	(61.0, 36.16666666666665)	(62.0, 155.8333333333334)	(63.0, 434.16666666665947)	(64.0, 165.0000000000003)	(65.0, 26.99999999999997)	(66.0, 33.66666666666663)	(67.0, 582.9999999999964)	(68.0, 462.99999999999113)	(69.0, 13.000000000000005)	(70.0, 3.0)	(71.0, 1.9999999999999998)	(72.0, 1.9999999999999998)	(73.0, 0.6666666666666666)	(74.0, 1.0)	(75.0, 1.6666666666666665)	(76.0, 0.6666666666666666)	(77.0, 0.6666666666666666)	(78.0, 0.6666666666666666)	(79.0, 1.3333333333333333)	(80.0, 1.6666666666666665)	(81.0, 0.6666666666666666)	(82.0, 0.0)	(83.0, 0.3333333333333333)	(84.0, 0.3333333333333333)	(85.0, 0.0)	(86.0, 1.0)	(87.0, 0.6666666666666666)	(88.0, 0.0)	(89.0, 0.3333333333333333)	(90.0, 0.6666666666666666)	(91.0, 0.3333333333333333)	(92.0, 0.3333333333333333)	(93.0, 0.3333333333333333)	(94.0, 0.0)	(95.0, 0.0)	(96.0, 0.3333333333333333)	(97.0, 0.0)	(98.0, 0.0)	(99.0, 0.0)	(100.0, 0.5)
SRR3667038_1	(0.0, 0.0)	(1.0, 0.0)	(2.0, 0.0)	(3.0, 0.0)	(4.0, 0.0)	(5.0, 0.0)	(6.0, 0.0)	(7.0, 0.0)	(8.0, 0.0)	(9.0, 0.0)	(10.0, 0.0)	(11.0, 0.0)	(12.0, 0.0)	(13.0, 0.0)	(14.0, 0.0)	(15.0, 0.0)	(16.0, 0.0)	(17.0, 0.0)	(18.0, 0.0)	(19.0, 0.0)	(20.0, 0.0)	(21.0, 0.0)	(22.0, 0.0)	(23.0, 0.0)	(24.0, 0.0)	(25.0, 0.3333333333333333)	(26.0, 1.3333333333333333)	(27.0, 1.0)	(28.0, 0.0)	(29.0, 0.3333333333333333)	(30.0, 1.0)	(31.0, 0.6666666666666666)	(32.0, 0.3333333333333333)	(33.0, 0.6666666666666666)	(34.0, 1.3333333333333333)	(35.0, 1.9999999999999998)	(36.0, 0.6666666666666666)	(37.0, 0.6666666666666666)	(38.0, 1.3333333333333333)	(39.0, 1.4999999999999998)	(40.0, 2.5)	(41.0, 3.0)	(42.0, 1.6666666666666665)	(43.0, 4.666666666666666)	(44.0, 26.333333333333307)	(45.0, 1936.9999999998388)	(46.0, 6734.333333331679)	(47.0, 4517.500000000362)	(48.0, 900.1666666666991)	(49.0, 1497.9999999999386)	(50.0, 2924.3333333335454)	(51.0, 3950.1666666673455)	(52.0, 4134.166666667377)	(53.0, 5281.333333333)	(54.0, 14077.666666674391)	(55.0, 16972.666666676443)	(56.0, 6160.333333332201)	(57.0, 708.333333333344)	(58.0, 315.33333333333286)	(59.0, 321.3333333333325)	(60.0, 145.83333333333312)	(61.0, 65.66666666666681)	(62.0, 192.50000000000108)	(63.0, 220.83333333333525)	(64.0, 81.99999999999993)	(65.0, 25.83333333333331)	(66.0, 12.333333333333337)	(67.0, 0.3333333333333333)	(68.0, 0.0)	(69.0, 0.0)	(70.0, 0.0)	(71.0, 0.3333333333333333)	(72.0, 0.3333333333333333)	(73.0, 0.3333333333333333)	(74.0, 0.3333333333333333)	(75.0, 0.0)	(76.0, 0.0)	(77.0, 0.0)	(78.0, 0.0)	(79.0, 0.0)	(80.0, 0.0)	(81.0, 0.0)	(82.0, 0.0)	(83.0, 0.0)	(84.0, 0.0)	(85.0, 0.0)	(86.0, 0.0)	(87.0, 0.0)	(88.0, 0.0)	(89.0, 0.0)	(90.0, 0.0)	(91.0, 0.0)	(92.0, 0.0)	(93.0, 0.0)	(94.0, 0.0)	(95.0, 0.0)	(96.0, 0.0)	(97.0, 0.0)	(98.0, 0.0)	(99.0, 0.0)	(100.0, 0.0)
SRR3667038_2	(0.0, 0.0)	(1.0, 0.0)	(2.0, 0.0)	(3.0, 0.0)	(4.0, 0.0)	(5.0, 0.0)	(6.0, 0.0)	(7.0, 0.0)	(8.0, 0.0)	(9.0, 0.0)	(10.0, 0.0)	(11.0, 0.0)	(12.0, 0.0)	(13.0, 0.0)	(14.0, 0.0)	(15.0, 0.0)	(16.0, 0.0)	(17.0, 0.0)	(18.0, 0.0)	(19.0, 0.3333333333333333)	(20.0, 0.3333333333333333)	(21.0, 0.0)	(22.0, 0.0)	(23.0, 0.0)	(24.0, 0.0)	(25.0, 0.3333333333333333)	(26.0, 0.3333333333333333)	(27.0, 0.3333333333333333)	(28.0, 1.0)	(29.0, 1.0)	(30.0, 0.3333333333333333)	(31.0, 0.0)	(32.0, 0.0)	(33.0, 0.3333333333333333)	(34.0, 1.0)	(35.0, 0.6666666666666666)	(36.0, 1.6666666666666665)	(37.0, 2.6666666666666665)	(38.0, 3.666666666666667)	(39.0, 4.166666666666667)	(40.0, 7.499999999999997)	(41.0, 5.666666666666665)	(42.0, 83.66666666666656)	(43.0, 250.6666666666694)	(44.0, 73.16666666666671)	(45.0, 95.1666666666664)	(46.0, 452.9999999999917)	(47.0, 10281.166666667486)	(48.0, 11527.166666669753)	(49.0, 3276.833333333706)	(50.0, 2382.499999999966)	(51.0, 8106.333333330431)	(52.0, 4554.166666666995)	(53.0, 681.1666666666742)	(54.0, 509.66666666665515)	(55.0, 679.666666666674)	(56.0, 14989.333333342716)	(57.0, 11863.33333333703)	(58.0, 326.99999999999886)	(59.0, 410.33333333332746)	(60.0, 281.6666666666681)	(61.0, 31.999999999999954)	(62.0, 40.500000000000014)	(63.0, 125.16666666666598)	(64.0, 208.66666666666822)	(65.0, 41.000000000000014)	(66.0, 14.000000000000007)	(67.0, 104.33333333333293)	(68.0, 76.66666666666666)	(69.0, 4.0)	(70.0, 1.0)	(71.0, 1.3333333333333333)	(72.0, 1.9999999999999998)	(73.0, 1.0)	(74.0, 0.6666666666666666)	(75.0, 1.0)	(76.0, 1.0)	(77.0, 1.0)	(78.0, 0.3333333333333333)	(79.0, 0.6666666666666666)	(80.0, 0.0)	(81.0, 0.0)	(82.0, 0.3333333333333333)	(83.0, 0.6666666666666666)	(84.0, 0.3333333333333333)	(85.0, 0.3333333333333333)	(86.0, 0.6666666666666666)	(87.0, 0.0)	(88.0, 0.0)	(89.0, 0.0)	(90.0, 0.6666666666666666)	(91.0, 0.6666666666666666)	(92.0, 0.6666666666666666)	(93.0, 0.3333333333333333)	(94.0, 0.0)	(95.0, 0.6666666666666666)	(96.0, 0.6666666666666666)	(97.0, 0.0)	(98.0, 0.0)	(99.0, 0.0)	(100.0, 1.0)
SRR3667039_1	(0.0, 0.0)	(1.0, 0.0)	(2.0, 0.0)	(3.0, 0.0)	(4.0, 0.0)	(5.0, 0.0)	(6.0, 0.0)	(7.0, 0.0)	(8.0, 0.0)	(9.0, 0.0)	(10.0, 0.0)	(11.0, 0.0)	(12.0, 0.0)	(13.0, 0.0)	(14.0, 0.0)	(15.0, 0.0)	(16.0, 0.0)	(17.0, 0.0)	(18.0, 0.0)	(19.0, 0.0)	(20.0, 0.0)	(21.0, 0.0)	(22.0, 0.0)	(23.0, 0.0)	(24.0, 0.3333333333333333)	(25.0, 0.0)	(26.0, 0.3333333333333333)	(27.0, 0.6666666666666666)	(28.0, 0.6666666666666666)	(29.0, 0.3333333333333333)	(30.0, 0.6666666666666666)	(31.0, 0.6666666666666666)	(32.0, 0.0)	(33.0, 0.3333333333333333)	(34.0, 1.0)	(35.0, 0.3333333333333333)	(36.0, 0.6666666666666666)	(37.0, 1.0)	(38.0, 1.6666666666666665)	(39.0, 0.3333333333333333)	(40.0, 1.6666666666666665)	(41.0, 1.6666666666666665)	(42.0, 2.333333333333333)	(43.0, 2.8333333333333335)	(44.0, 4.166666666666667)	(45.0, 12.000000000000004)	(46.0, 113.8333333333328)	(47.0, 265.166666666669)	(48.0, 1158.000000000016)	(49.0, 4009.1666666673723)	(50.0, 4594.000000000292)	(51.0, 2840.8333333335077)	(52.0, 2727.333333333456)	(53.0, 3496.0000000004716)	(54.0, 5007.166666666583)	(55.0, 7982.333333330545)	(56.0, 7178.833333331275)	(57.0, 2979.5000000002374)	(58.0, 573.8333333333287)	(59.0, 152.3333333333333)	(60.0, 175.16666666666728)	(61.0, 166.3333333333337)	(62.0, 238.33333333333573)	(63.0, 211.16666666666828)	(64.0, 76.99999999999999)	(65.0, 15.000000000000009)	(66.0, 4.666666666666666)	(67.0, 1.9999999999999998)	(68.0, 3.666666666666667)	(69.0, 1.0)	(70.0, 0.0)	(71.0, 0.3333333333333333)	(72.0, 0.8333333333333333)	(73.0, 0.5)	(74.0, 0.0)	(75.0, 0.0)	(76.0, 0.3333333333333333)	(77.0, 0.0)	(78.0, 0.0)	(79.0, 0.0)	(80.0, 0.0)	(81.0, 0.0)	(82.0, 0.0)	(83.0, 0.0)	(84.0, 0.0)	(85.0, 0.0)	(86.0, 0.0)	(87.0, 0.0)	(88.0, 0.0)	(89.0, 0.0)	(90.0, 0.0)	(91.0, 0.0)	(92.0, 0.0)	(93.0, 0.0)	(94.0, 0.0)	(95.0, 0.0)	(96.0, 0.0)	(97.0, 0.0)	(98.0, 0.0)	(99.0, 0.0)	(100.0, 0.0)
SRR3667039_2	(0.0, 0.0)	(1.0, 0.0)	(2.0, 0.0)	(3.0, 0.0)	(4.0, 0.0)	(5.0, 0.0)	(6.0, 0.0)	(7.0, 0.0)	(8.0, 0.0)	(9.0, 0.0)	(10.0, 0.0)	(11.0, 0.0)	(12.0, 0.0)	(13.0, 0.0)	(14.0, 0.0)	(15.0, 0.0)	(16.0, 0.0)	(17.0, 0.0)	(18.0, 0.0)	(19.0, 0.0)	(20.0, 0.0)	(21.0, 0.0)	(22.0, 0.0)	(23.0, 0.0)	(24.0, 0.0)	(25.0, 0.0)	(26.0, 0.3333333333333333)	(27.0, 0.3333333333333333)	(28.0, 0.3333333333333333)	(29.0, 0.6666666666666666)	(30.0, 1.3333333333333333)	(31.0, 0.3333333333333333)	(32.0, 1.0)	(33.0, 1.6666666666666665)	(34.0, 1.3333333333333333)	(35.0, 1.9999999999999998)	(36.0, 1.6666666666666665)	(37.0, 3.3333333333333335)	(38.0, 2.6666666666666665)	(39.0, 1.6666666666666665)	(40.0, 4.666666666666666)	(41.0, 6.999999999999997)	(42.0, 16.666666666666675)	(43.0, 324.66666666666566)	(44.0, 334.6666666666651)	(45.0, 124.16666666666599)	(46.0, 682.5000000000077)	(47.0, 5762.666666665896)	(48.0, 5680.999999999303)	(49.0, 1161.5000000000152)	(50.0, 2032.3333333331504)	(51.0, 2986.166666666907)	(52.0, 9196.83333333218)	(53.0, 8163.333333330378)	(54.0, 2626.666666666743)	(55.0, 1336.3333333333092)	(56.0, 1673.1666666665658)	(57.0, 1288.4999999999864)	(58.0, 96.49999999999972)	(59.0, 46.66666666666672)	(60.0, 24.833333333333314)	(61.0, 26.833333333333307)	(62.0, 72.00000000000006)	(63.0, 168.33333333333374)	(64.0, 59.33333333333348)	(65.0, 17.000000000000007)	(66.0, 10.666666666666668)	(67.0, 141.99999999999966)	(68.0, 125.66666666666596)	(69.0, 8.499999999999998)	(70.0, 2.8333333333333335)	(71.0, 5.333333333333332)	(72.0, 3.3333333333333335)	(73.0, 0.6666666666666666)	(74.0, 1.3333333333333333)	(75.0, 0.3333333333333333)	(76.0, 0.0)	(77.0, 0.0)	(78.0, 0.0)	(79.0, 0.0)	(80.0, 0.3333333333333333)	(81.0, 0.3333333333333333)	(82.0, 0.3333333333333333)	(83.0, 0.6666666666666666)	(84.0, 0.0)	(85.0, 0.0)	(86.0, 0.0)	(87.0, 0.0)	(88.0, 0.0)	(89.0, 0.0)	(90.0, 0.0)	(91.0, 0.0)	(92.0, 0.0)	(93.0, 0.0)	(94.0, 0.0)	(95.0, 0.0)	(96.0, 0.0)	(97.0, 0.3333333333333333)	(98.0, 0.0)	(99.0, 0.3333333333333333)	(100.0, 0.0)
SRR3667040_1	(0.0, 0.0)	(1.0, 0.0)	(2.0, 0.0)	(3.0, 0.0)	(4.0, 0.0)	(5.0, 0.0)	(6.0, 0.0)	(7.0, 0.0)	(8.0, 0.0)	(9.0, 0.0)	(10.0, 0.0)	(11.0, 0.0)	(12.0, 0.0)	(13.0, 0.0)	(14.0, 0.0)	(15.0, 0.0)	(16.0, 0.0)	(17.0, 0.0)	(18.0, 0.0)	(19.0, 0.0)	(20.0, 0.0)	(21.0, 0.0)	(22.0, 0.0)	(23.0, 0.0)	(24.0, 0.0)	(25.0, 0.0)	(26.0, 0.0)	(27.0, 0.0)	(28.0, 0.0)	(29.0, 0.0)	(30.0, 0.0)	(31.0, 0.3333333333333333)	(32.0, 0.3333333333333333)	(33.0, 0.3333333333333333)	(34.0, 0.0)	(35.0, 0.0)	(36.0, 1.3333333333333333)	(37.0, 5.999999999999998)	(38.0, 12.666666666666671)	(39.0, 21.333333333333325)	(40.0, 37.33333333333332)	(41.0, 69.66666666666676)	(42.0, 106.99999999999956)	(43.0, 168.0000000000004)	(44.0, 230.8333333333355)	(45.0, 440.4999999999924)	(46.0, 759.0000000000164)	(47.0, 1065.3333333333703)	(48.0, 1805.333333333202)	(49.0, 3743.6666666672513)	(50.0, 5287.166666666329)	(51.0, 6495.499999998563)	(52.0, 10446.000000001119)	(53.0, 12265.333333337761)	(54.0, 11267.833333335948)	(55.0, 11332.166666669396)	(56.0, 10277.00000000081)	(57.0, 7515.166666664307)	(58.0, 5362.4999999995935)	(59.0, 3679.833333333889)	(60.0, 2092.8333333331675)	(61.0, 1013.0000000000452)	(62.0, 1123.0000000000239)	(63.0, 1241.6666666666636)	(64.0, 682.0000000000076)	(65.0, 222.66666666666862)	(66.0, 80.33333333333327)	(67.0, 18.000000000000004)	(68.0, 16.50000000000001)	(69.0, 8.666666666666664)	(70.0, 3.1666666666666665)	(71.0, 1.3333333333333333)	(72.0, 0.3333333333333333)	(73.0, 0.3333333333333333)	(74.0, 0.3333333333333333)	(75.0, 0.0)	(76.0, 0.3333333333333333)	(77.0, 0.3333333333333333)	(78.0, 0.3333333333333333)	(79.0, 0.3333333333333333)	(80.0, 0.3333333333333333)	(81.0, 0.0)	(82.0, 0.0)	(83.0, 0.0)	(84.0, 0.0)	(85.0, 0.0)	(86.0, 0.0)	(87.0, 0.0)	(88.0, 0.0)	(89.0, 0.0)	(90.0, 0.0)	(91.0, 0.0)	(92.0, 0.0)	(93.0, 0.0)	(94.0, 0.0)	(95.0, 0.0)	(96.0, 0.0)	(97.0, 0.0)	(98.0, 0.0)	(99.0, 0.0)	(100.0, 0.0)
SRR3667040_2	(0.0, 0.0)	(1.0, 0.0)	(2.0, 0.0)	(3.0, 0.0)	(4.0, 0.0)	(5.0, 0.0)	(6.0, 0.0)	(7.0, 0.0)	(8.0, 0.0)	(9.0, 0.0)	(10.0, 0.0)	(11.0, 0.0)	(12.0, 0.0)	(13.0, 0.0)	(14.0, 0.0)	(15.0, 0.0)	(16.0, 0.0)	(17.0, 0.0)	(18.0, 0.0)	(19.0, 0.0)	(20.0, 0.3333333333333333)	(21.0, 0.3333333333333333)	(22.0, 0.3333333333333333)	(23.0, 0.3333333333333333)	(24.0, 0.0)	(25.0, 0.0)	(26.0, 0.0)	(27.0, 0.3333333333333333)	(28.0, 0.3333333333333333)	(29.0, 0.0)	(30.0, 0.6666666666666666)	(31.0, 0.6666666666666666)	(32.0, 0.3333333333333333)	(33.0, 0.3333333333333333)	(34.0, 0.0)	(35.0, 0.6666666666666666)	(36.0, 1.3333333333333333)	(37.0, 1.6666666666666665)	(38.0, 3.0)	(39.0, 5.999999999999998)	(40.0, 11.333333333333336)	(41.0, 22.33333333333332)	(42.0, 46.333333333333385)	(43.0, 244.66666666666924)	(44.0, 309.6666666666665)	(45.0, 579.6666666666626)	(46.0, 1979.3333333331625)	(47.0, 5489.333333332811)	(48.0, 6752.499999998328)	(49.0, 5981.833333332363)	(50.0, 8562.333333331026)	(51.0, 11683.333333336703)	(52.0, 14229.500000008)	(53.0, 10516.166666667912)	(54.0, 7532.499999997621)	(55.0, 5525.333333332778)	(56.0, 7794.333333330715)	(57.0, 4987.4999999999345)	(58.0, 1621.8333333332444)	(59.0, 1170.6666666666797)	(60.0, 508.6666666666553)	(61.0, 450.3333333333253)	(62.0, 369.6666666666631)	(63.0, 391.16666666666185)	(64.0, 340.66666666666475)	(65.0, 173.33333333333388)	(66.0, 104.83333333333293)	(67.0, 915.8333333333675)	(68.0, 814.1666666666893)	(69.0, 42.000000000000014)	(70.0, 20.499999999999996)	(71.0, 30.666666666666625)	(72.0, 21.333333333333325)	(73.0, 4.333333333333333)	(74.0, 2.6666666666666665)	(75.0, 2.6666666666666665)	(76.0, 0.6666666666666666)	(77.0, 0.6666666666666666)	(78.0, 0.6666666666666666)	(79.0, 1.0)	(80.0, 1.0)	(81.0, 1.3333333333333333)	(82.0, 1.6666666666666665)	(83.0, 0.3333333333333333)	(84.0, 1.0)	(85.0, 0.3333333333333333)	(86.0, 0.6666666666666666)	(87.0, 0.6666666666666666)	(88.0, 1.0)	(89.0, 1.0)	(90.0, 0.0)	(91.0, 0.0)	(92.0, 0.0)	(93.0, 0.0)	(94.0, 0.0)	(95.0, 0.3333333333333333)	(96.0, 0.0)	(97.0, 0.0)	(98.0, 0.0)	(99.0, 1.0)	(100.0, 2.0)
SRR3667041_1	(0.0, 0.0)	(1.0, 0.0)	(2.0, 0.0)	(3.0, 0.0)	(4.0, 0.0)	(5.0, 0.0)	(6.0, 0.0)	(7.0, 0.0)	(8.0, 0.0)	(9.0, 0.0)	(10.0, 0.0)	(11.0, 0.0)	(12.0, 0.0)	(13.0, 0.0)	(14.0, 0.0)	(15.0, 0.0)	(16.0, 0.0)	(17.0, 0.0)	(18.0, 0.0)	(19.0, 0.0)	(20.0, 0.0)	(21.0, 0.0)	(22.0, 0.0)	(23.0, 0.0)	(24.0, 0.0)	(25.0, 0.0)	(26.0, 0.0)	(27.0, 0.0)	(28.0, 0.0)	(29.0, 0.0)	(30.0, 0.25)	(31.0, 0.0)	(32.0, 0.0)	(33.0, 0.0)	(34.0, 0.25)	(35.0, 0.25)	(36.0, 0.5)	(37.0, 0.25)	(38.0, 1.0)	(39.0, 3.6666666666666665)	(40.0, 2.75)	(41.0, 4.25)	(42.0, 6.916666666666666)	(43.0, 5.666666666666667)	(44.0, 10.25)	(45.0, 130.0)	(46.0, 569.25)	(47.0, 1865.6666666666667)	(48.0, 3445.9166666666674)	(49.0, 3512.7500000000027)	(50.0, 4346.500000000004)	(51.0, 4991.666666666663)	(52.0, 5293.583333333308)	(53.0, 7408.0833333332375)	(54.0, 9936.583333333358)	(55.0, 9358.916666666666)	(56.0, 5330.249999999986)	(57.0, 4336.500000000016)	(58.0, 2659.0833333333435)	(59.0, 1844.6666666666513)	(60.0, 2697.9166666666765)	(61.0, 1675.0833333333287)	(62.0, 491.9166666666664)	(63.0, 274.2500000000001)	(64.0, 234.8333333333334)	(65.0, 242.33333333333337)	(66.0, 611.25)	(67.0, 1739.25)	(68.0, 792.0)	(69.0, 62.0)	(70.0, 13.583333333333332)	(71.0, 10.75)	(72.0, 3.75)	(73.0, 0.25)	(74.0, 0.25)	(75.0, 0.0)	(76.0, 0.0)	(77.0, 0.0)	(78.0, 0.0)	(79.0, 0.0)	(80.0, 0.0)	(81.0, 0.0)	(82.0, 0.25)	(83.0, 0.25)	(84.0, 0.0)	(85.0, 0.0)	(86.0, 0.0)	(87.0, 0.0)	(88.0, 0.0)	(89.0, 0.0)	(90.0, 0.0)	(91.0, 0.0)	(92.0, 0.0)	(93.0, 0.0)	(94.0, 0.0)	(95.0, 0.0)	(96.0, 0.0)	(97.0, 0.0)	(98.0, 0.0)	(99.0, 0.25)	(100.0, 0.0)
SRR3667041_2	(0.0, 0.0)	(1.0, 0.0)	(2.0, 0.0)	(3.0, 0.0)	(4.0, 0.0)	(5.0, 0.0)	(6.0, 0.0)	(7.0, 0.0)	(8.0, 0.0)	(9.0, 0.0)	(10.0, 0.0)	(11.0, 0.0)	(12.0, 0.0)	(13.0, 0.0)	(14.0, 0.0)	(15.0, 0.0)	(16.0, 0.0)	(17.0, 0.0)	(18.0, 0.0)	(19.0, 0.0)	(20.0, 0.0)	(21.0, 0.0)	(22.0, 0.0)	(23.0, 0.0)	(24.0, 0.0)	(25.0, 0.0)	(26.0, 0.0)	(27.0, 0.0)	(28.0, 0.0)	(29.0, 0.0)	(30.0, 0.0)	(31.0, 0.0)	(32.0, 0.0)	(33.0, 0.0)	(34.0, 0.0)	(35.0, 0.0)	(36.0, 0.3333333333333333)	(37.0, 0.3333333333333333)	(38.0, 0.5)	(39.0, 2.1666666666666665)	(40.0, 2.5833333333333335)	(41.0, 1.8333333333333333)	(42.0, 2.8333333333333335)	(43.0, 18.333333333333336)	(44.0, 34.41666666666664)	(45.0, 44.58333333333335)	(46.0, 262.4166666666675)	(47.0, 819.5000000000073)	(48.0, 1785.9999999999793)	(49.0, 5411.999999999952)	(50.0, 6262.333333333154)	(51.0, 4209.333333333514)	(52.0, 5921.583333333153)	(53.0, 10015.583333333389)	(54.0, 9413.833333333127)	(55.0, 6800.083333333034)	(56.0, 6361.166666666461)	(57.0, 5469.333333333258)	(58.0, 3750.333333333395)	(59.0, 3598.083333333381)	(60.0, 1625.6666666666622)	(61.0, 595.5833333333331)	(62.0, 294.91666666666674)	(63.0, 259.4166666666673)	(64.0, 223.2500000000004)	(65.0, 205.00000000000017)	(66.0, 238.75000000000034)	(67.0, 688.4166666666695)	(68.0, 1240.0833333333337)	(69.0, 991.0833333333353)	(70.0, 487.9166666666662)	(71.0, 177.16666666666669)	(72.0, 54.41666666666667)	(73.0, 19.25)	(74.0, 8.333333333333334)	(75.0, 4.25)	(76.0, 3.5)	(77.0, 2.6666666666666665)	(78.0, 1.9166666666666665)	(79.0, 1.25)	(80.0, 0.5)	(81.0, 1.0)	(82.0, 0.25)	(83.0, 0.25)	(84.0, 0.5)	(85.0, 0.5)	(86.0, 0.0)	(87.0, 0.25)	(88.0, 0.0)	(89.0, 0.0)	(90.0, 0.0)	(91.0, 0.25)	(92.0, 0.25)	(93.0, 0.0)	(94.0, 0.0)	(95.0, 0.25)	(96.0, 0.25)	(97.0, 0.0)	(98.0, 0.0)	(99.0, 0.25)	(100.0, 0.6666666666666666)
SRR3667042_1	(0.0, 0.0)	(1.0, 0.0)	(2.0, 0.0)	(3.0, 0.0)	(4.0, 0.0)	(5.0, 0.0)	(6.0, 0.0)	(7.0, 0.0)	(8.0, 0.0)	(9.0, 0.0)	(10.0, 0.0)	(11.0, 0.0)	(12.0, 0.0)	(13.0, 0.0)	(14.0, 0.0)	(15.0, 0.0)	(16.0, 0.0)	(17.0, 0.0)	(18.0, 0.0)	(19.0, 0.0)	(20.0, 0.0)	(21.0, 0.0)	(22.0, 0.0)	(23.0, 0.0)	(24.0, 0.0)	(25.0, 0.0)	(26.0, 0.0)	(27.0, 0.0)	(28.0, 0.0)	(29.0, 0.0)	(30.0, 0.3333333333333333)	(31.0, 0.3333333333333333)	(32.0, 0.0)	(33.0, 0.0)	(34.0, 0.3333333333333333)	(35.0, 0.0)	(36.0, 0.3333333333333333)	(37.0, 1.0)	(38.0, 1.6666666666666665)	(39.0, 3.666666666666667)	(40.0, 4.999999999999999)	(41.0, 7.9999999999999964)	(42.0, 8.666666666666664)	(43.0, 15.666666666666677)	(44.0, 42.33333333333336)	(45.0, 489.33333333332297)	(46.0, 1167.0000000000139)	(47.0, 1048.500000000041)	(48.0, 1481.9999999999422)	(49.0, 4866.66666666671)	(50.0, 8841.499999998201)	(51.0, 10985.666666668767)	(52.0, 14539.666666675232)	(53.0, 14591.333333341992)	(54.0, 14967.833333342674)	(55.0, 15509.166666676994)	(56.0, 11986.333333337254)	(57.0, 8123.333333330415)	(58.0, 5913.999999999091)	(59.0, 3752.3333333339215)	(60.0, 2340.999999999947)	(61.0, 1254.9999999999939)	(62.0, 1138.0000000000205)	(63.0, 1229.6666666666663)	(64.0, 784.5000000000193)	(65.0, 418.1666666666603)	(66.0, 180.00000000000074)	(67.0, 19.999999999999996)	(68.0, 6.166666666666665)	(69.0, 2.333333333333333)	(70.0, 1.1666666666666665)	(71.0, 0.6666666666666666)	(72.0, 1.0)	(73.0, 0.3333333333333333)	(74.0, 0.0)	(75.0, 0.0)	(76.0, 0.0)	(77.0, 0.0)	(78.0, 0.0)	(79.0, 0.0)	(80.0, 0.0)	(81.0, 0.0)	(82.0, 0.0)	(83.0, 0.0)	(84.0, 0.0)	(85.0, 0.0)	(86.0, 0.0)	(87.0, 0.0)	(88.0, 0.0)	(89.0, 0.0)	(90.0, 0.0)	(91.0, 0.0)	(92.0, 0.0)	(93.0, 0.0)	(94.0, 0.0)	(95.0, 0.0)	(96.0, 0.0)	(97.0, 0.0)	(98.0, 0.0)	(99.0, 0.0)	(100.0, 0.0)
SRR3667042_2	(0.0, 0.0)	(1.0, 0.0)	(2.0, 0.0)	(3.0, 0.0)	(4.0, 0.0)	(5.0, 0.0)	(6.0, 0.0)	(7.0, 0.0)	(8.0, 0.0)	(9.0, 0.0)	(10.0, 0.0)	(11.0, 0.0)	(12.0, 0.0)	(13.0, 0.0)	(14.0, 0.0)	(15.0, 0.0)	(16.0, 0.0)	(17.0, 0.0)	(18.0, 0.0)	(19.0, 0.0)	(20.0, 0.0)	(21.0, 0.0)	(22.0, 0.0)	(23.0, 0.0)	(24.0, 0.0)	(25.0, 0.0)	(26.0, 0.0)	(27.0, 0.3333333333333333)	(28.0, 0.3333333333333333)	(29.0, 0.6666666666666666)	(30.0, 0.3333333333333333)	(31.0, 0.3333333333333333)	(32.0, 1.0)	(33.0, 1.3333333333333333)	(34.0, 1.6666666666666665)	(35.0, 2.333333333333333)	(36.0, 3.0)	(37.0, 2.333333333333333)	(38.0, 5.333333333333332)	(39.0, 5.666666666666665)	(40.0, 11.333333333333336)	(41.0, 20.66666666666666)	(42.0, 75.00000000000001)	(43.0, 308.33333333333326)	(44.0, 328.66666666666544)	(45.0, 860.6666666666946)	(46.0, 3094.666666666956)	(47.0, 9140.333333332079)	(48.0, 13331.833333339704)	(49.0, 8014.4999999971815)	(50.0, 7903.3333333306155)	(51.0, 12486.00000000483)	(52.0, 15367.500000010072)	(53.0, 11597.500000003214)	(54.0, 9451.166666665977)	(55.0, 6711.6666666650335)	(56.0, 10771.833333335046)	(57.0, 8653.999999997859)	(58.0, 2394.833333333305)	(59.0, 1284.9999999999873)	(60.0, 560.6666666666605)	(61.0, 418.333333333327)	(62.0, 481.8333333333234)	(63.0, 633.1666666666687)	(64.0, 343.49999999999795)	(65.0, 150.66666666666657)	(66.0, 94.6666666666664)	(67.0, 729.000000000013)	(68.0, 702.0000000000099)	(69.0, 48.3333333333334)	(70.0, 14.000000000000007)	(71.0, 5.666666666666665)	(72.0, 3.666666666666667)	(73.0, 3.0)	(74.0, 1.3333333333333333)	(75.0, 1.9999999999999998)	(76.0, 1.0)	(77.0, 0.3333333333333333)	(78.0, 0.6666666666666666)	(79.0, 1.3333333333333333)	(80.0, 1.0)	(81.0, 0.3333333333333333)	(82.0, 0.6666666666666666)	(83.0, 1.0)	(84.0, 0.0)	(85.0, 0.6666666666666666)	(86.0, 0.0)	(87.0, 0.0)	(88.0, 0.0)	(89.0, 0.3333333333333333)	(90.0, 0.6666666666666666)	(91.0, 1.0)	(92.0, 1.0)	(93.0, 0.0)	(94.0, 0.3333333333333333)	(95.0, 0.3333333333333333)	(96.0, 0.3333333333333333)	(97.0, 0.0)	(98.0, 0.3333333333333333)	(99.0, 1.0)	(100.0, 6.5)
SRR3667043_1	(0.0, 39.0)	(1.0, 19.5)	(2.0, 0.5)	(3.0, 0.5)	(4.0, 0.0)	(5.0, 0.0)	(6.0, 0.0)	(7.0, 0.0)	(8.0, 0.0)	(9.0, 0.3333333333333333)	(10.0, 0.3333333333333333)	(11.0, 0.0)	(12.0, 0.0)	(13.0, 0.0)	(14.0, 0.0)	(15.0, 0.5)	(16.0, 1.0)	(17.0, 0.5)	(18.0, 0.5)	(19.0, 0.5)	(20.0, 0.0)	(21.0, 0.3333333333333333)	(22.0, 0.3333333333333333)	(23.0, 3.3333333333333335)	(24.0, 6.5)	(25.0, 6.166666666666667)	(26.0, 5.833333333333334)	(27.0, 14.666666666666671)	(28.0, 24.166666666666657)	(29.0, 32.99999999999998)	(30.0, 43.66666666666669)	(31.0, 54.50000000000007)	(32.0, 51.66666666666672)	(33.0, 45.66666666666671)	(34.0, 52.500000000000036)	(35.0, 56.33333333333338)	(36.0, 47.83333333333337)	(37.0, 53.00000000000008)	(38.0, 54.50000000000004)	(39.0, 56.6666666666667)	(40.0, 58.333333333333385)	(41.0, 52.16666666666671)	(42.0, 55.33333333333338)	(43.0, 58.66666666666675)	(44.0, 131.49999999999955)	(45.0, 1222.8333333333344)	(46.0, 2221.4999999998945)	(47.0, 1086.5000000000312)	(48.0, 3103.166666666956)	(49.0, 6411.999999998647)	(50.0, 4108.000000000726)	(51.0, 2842.000000000172)	(52.0, 5314.666666666308)	(53.0, 6071.833333332289)	(54.0, 4955.666666666633)	(55.0, 4665.500000000223)	(56.0, 2645.0000000000823)	(57.0, 892.5000000000306)	(58.0, 537.8333333333253)	(59.0, 373.99999999999665)	(60.0, 258.33333333333576)	(61.0, 195.6666666666677)	(62.0, 349.49999999999784)	(63.0, 478.4999999999909)	(64.0, 180.33333333333402)	(65.0, 60.6666666666668)	(66.0, 24.666666666666654)	(67.0, 12.166666666666668)	(68.0, 7.666666666666665)	(69.0, 5.833333333333333)	(70.0, 3.6666666666666665)	(71.0, 1.833333333333333)	(72.0, 2.333333333333333)	(73.0, 2.333333333333333)	(74.0, 1.833333333333333)	(75.0, 0.3333333333333333)	(76.0, 1.4999999999999998)	(77.0, 1.4999999999999998)	(78.0, 0.3333333333333333)	(79.0, 0.0)	(80.0, 0.0)	(81.0, 0.0)	(82.0, 0.0)	(83.0, 0.0)	(84.0, 0.0)	(85.0, 0.0)	(86.0, 0.0)	(87.0, 0.0)	(88.0, 0.0)	(89.0, 0.0)	(90.0, 0.0)	(91.0, 0.0)	(92.0, 0.0)	(93.0, 0.0)	(94.0, 0.0)	(95.0, 0.0)	(96.0, 0.0)	(97.0, 0.0)	(98.0, 0.0)	(99.0, 0.0)	(100.0, 0.0)
SRR3667043_2	(0.0, 24.0)	(1.0, 12.0)	(2.0, 0.0)	(3.0, 0.0)	(4.0, 0.3333333333333333)	(5.0, 0.3333333333333333)	(6.0, 0.0)	(7.0, 0.0)	(8.0, 0.0)	(9.0, 0.0)	(10.0, 0.0)	(11.0, 0.0)	(12.0, 0.3333333333333333)	(13.0, 0.3333333333333333)	(14.0, 0.0)	(15.0, 0.8333333333333333)	(16.0, 1.3333333333333333)	(17.0, 0.5)	(18.0, 0.5)	(19.0, 1.8333333333333333)	(20.0, 2.3333333333333335)	(21.0, 1.8333333333333333)	(22.0, 2.6666666666666665)	(23.0, 3.5)	(24.0, 6.166666666666666)	(25.0, 9.5)	(26.0, 11.833333333333332)	(27.0, 13.833333333333334)	(28.0, 24.166666666666657)	(29.0, 33.16666666666664)	(30.0, 44.833333333333364)	(31.0, 46.666666666666686)	(32.0, 45.000000000000036)	(33.0, 43.500000000000036)	(34.0, 46.83333333333336)	(35.0, 45.666666666666686)	(36.0, 52.50000000000005)	(37.0, 56.3333333333334)	(38.0, 47.33333333333335)	(39.0, 53.16666666666671)	(40.0, 54.333333333333385)	(41.0, 52.333333333333364)	(42.0, 76.33333333333331)	(43.0, 189.33333333333414)	(44.0, 261.0000000000023)	(45.0, 1774.4999999998781)	(46.0, 5648.1666666659985)	(47.0, 5961.999999999049)	(48.0, 4786.1666666667825)	(49.0, 1932.8333333331764)	(50.0, 3934.166666667333)	(51.0, 6766.166666664989)	(52.0, 5950.999999999067)	(53.0, 3879.3333333339738)	(54.0, 2591.500000000059)	(55.0, 1195.166666666675)	(56.0, 651.333333333337)	(57.0, 500.9999999999895)	(58.0, 365.49999999999693)	(59.0, 88.83333333333324)	(60.0, 68.33333333333341)	(61.0, 84.83333333333323)	(62.0, 89.99999999999987)	(63.0, 107.33333333333299)	(64.0, 134.8333333333329)	(65.0, 43.666666666666686)	(66.0, 46.66666666666671)	(67.0, 458.33333333332484)	(68.0, 363.9999999999968)	(69.0, 13.333333333333337)	(70.0, 6.333333333333332)	(71.0, 7.166666666666664)	(72.0, 3.5000000000000004)	(73.0, 4.5)	(74.0, 3.333333333333334)	(75.0, 0.6666666666666666)	(76.0, 0.0)	(77.0, 1.3333333333333333)	(78.0, 1.0)	(79.0, 1.3333333333333333)	(80.0, 0.3333333333333333)	(81.0, 0.3333333333333333)	(82.0, 0.6666666666666666)	(83.0, 0.6666666666666666)	(84.0, 0.0)	(85.0, 0.0)	(86.0, 0.0)	(87.0, 0.3333333333333333)	(88.0, 0.0)	(89.0, 0.3333333333333333)	(90.0, 0.0)	(91.0, 0.0)	(92.0, 0.3333333333333333)	(93.0, 0.3333333333333333)	(94.0, 0.3333333333333333)	(95.0, 0.6666666666666666)	(96.0, 1.0)	(97.0, 0.3333333333333333)	(98.0, 0.0)	(99.0, 0.0)	(100.0, 0.0)
SRR3667044_1	(0.0, 2.0)	(1.0, 1.0)	(2.0, 0.0)	(3.0, 0.0)	(4.0, 0.0)	(5.0, 0.0)	(6.0, 0.0)	(7.0, 0.0)	(8.0, 0.0)	(9.0, 0.0)	(10.0, 0.0)	(11.0, 0.0)	(12.0, 0.0)	(13.0, 0.0)	(14.0, 0.0)	(15.0, 0.0)	(16.0, 0.0)	(17.0, 0.0)	(18.0, 0.0)	(19.0, 0.0)	(20.0, 0.0)	(21.0, 0.3333333333333333)	(22.0, 0.3333333333333333)	(23.0, 0.0)	(24.0, 0.6666666666666666)	(25.0, 0.0)	(26.0, 0.0)	(27.0, 0.3333333333333333)	(28.0, 0.3333333333333333)	(29.0, 0.3333333333333333)	(30.0, 0.0)	(31.0, 0.3333333333333333)	(32.0, 0.0)	(33.0, 0.6666666666666666)	(34.0, 1.3333333333333333)	(35.0, 1.9999999999999998)	(36.0, 1.6666666666666665)	(37.0, 0.6666666666666666)	(38.0, 1.4999999999999998)	(39.0, 4.166666666666667)	(40.0, 3.1666666666666665)	(41.0, 3.5)	(42.0, 4.333333333333333)	(43.0, 3.3333333333333335)	(44.0, 5.333333333333332)	(45.0, 5.499999999999999)	(46.0, 10.666666666666668)	(47.0, 55.166666666666785)	(48.0, 836.0000000000251)	(49.0, 5068.99999999986)	(50.0, 6803.16666666495)	(51.0, 3957.5000000006808)	(52.0, 8084.666666663787)	(53.0, 12117.166666670824)	(54.0, 9071.666666665289)	(55.0, 6408.666666665314)	(56.0, 4997.166666666592)	(57.0, 5006.999999999916)	(58.0, 4550.500000000331)	(59.0, 2026.833333333152)	(60.0, 500.4999999999891)	(61.0, 451.83333333332513)	(62.0, 564.666666666661)	(63.0, 479.4999999999902)	(64.0, 245.66666666666924)	(65.0, 83.83333333333323)	(66.0, 25.33333333333331)	(67.0, 2.5)	(68.0, 2.1666666666666665)	(69.0, 1.3333333333333333)	(70.0, 0.6666666666666666)	(71.0, 0.6666666666666666)	(72.0, 0.3333333333333333)	(73.0, 0.3333333333333333)	(74.0, 0.0)	(75.0, 0.0)	(76.0, 0.0)	(77.0, 0.0)	(78.0, 0.0)	(79.0, 0.0)	(80.0, 0.0)	(81.0, 0.0)	(82.0, 0.0)	(83.0, 0.0)	(84.0, 0.0)	(85.0, 0.0)	(86.0, 0.0)	(87.0, 0.0)	(88.0, 0.0)	(89.0, 0.0)	(90.0, 0.0)	(91.0, 0.0)	(92.0, 0.0)	(93.0, 0.0)	(94.0, 0.0)	(95.0, 0.0)	(96.0, 0.0)	(97.0, 0.0)	(98.0, 0.0)	(99.0, 0.3333333333333333)	(100.0, 0.5)
SRR3667044_2	(0.0, 0.0)	(1.0, 0.0)	(2.0, 0.0)	(3.0, 0.0)	(4.0, 0.0)	(5.0, 0.0)	(6.0, 0.0)	(7.0, 0.0)	(8.0, 0.0)	(9.0, 0.0)	(10.0, 0.0)	(11.0, 0.0)	(12.0, 0.0)	(13.0, 0.3333333333333333)	(14.0, 0.3333333333333333)	(15.0, 0.0)	(16.0, 0.0)	(17.0, 0.0)	(18.0, 0.0)	(19.0, 0.0)	(20.0, 0.0)	(21.0, 0.0)	(22.0, 0.6666666666666666)	(23.0, 0.3333333333333333)	(24.0, 0.0)	(25.0, 0.0)	(26.0, 0.3333333333333333)	(27.0, 1.0)	(28.0, 0.6666666666666666)	(29.0, 0.0)	(30.0, 1.3333333333333333)	(31.0, 1.6666666666666665)	(32.0, 0.3333333333333333)	(33.0, 0.3333333333333333)	(34.0, 1.3333333333333333)	(35.0, 1.3333333333333333)	(36.0, 1.0)	(37.0, 1.6666666666666665)	(38.0, 3.0)	(39.0, 2.6666666666666665)	(40.0, 5.666666666666665)	(41.0, 8.33333333333333)	(42.0, 13.166666666666671)	(43.0, 135.4999999999995)	(44.0, 175.66666666666728)	(45.0, 404.1666666666612)	(46.0, 723.3333333333456)	(47.0, 7450.8333333310275)	(48.0, 7552.333333330935)	(49.0, 3444.666666667115)	(50.0, 5217.999999999724)	(51.0, 2476.000000000008)	(52.0, 2725.500000000122)	(53.0, 3560.500000000501)	(54.0, 3160.1666666669857)	(55.0, 7054.83333333139)	(56.0, 19650.1666666667)	(57.0, 5952.499999999058)	(58.0, 703.5000000000099)	(59.0, 556.1666666666603)	(60.0, 109.16666666666622)	(61.0, 55.33333333333345)	(62.0, 80.49999999999994)	(63.0, 81.1666666666666)	(64.0, 36.99999999999998)	(65.0, 21.499999999999993)	(66.0, 28.666666666666632)	(67.0, 365.66666666666333)	(68.0, 287.50000000000114)	(69.0, 9.5)	(70.0, 4.999999999999999)	(71.0, 2.6666666666666665)	(72.0, 2.6666666666666665)	(73.0, 2.6666666666666665)	(74.0, 1.6666666666666665)	(75.0, 1.6666666666666665)	(76.0, 0.3333333333333333)	(77.0, 0.0)	(78.0, 0.3333333333333333)	(79.0, 0.3333333333333333)	(80.0, 0.3333333333333333)	(81.0, 0.6666666666666666)	(82.0, 0.3333333333333333)	(83.0, 0.3333333333333333)	(84.0, 0.3333333333333333)	(85.0, 0.0)	(86.0, 0.0)	(87.0, 0.3333333333333333)	(88.0, 0.6666666666666666)	(89.0, 0.0)	(90.0, 0.0)	(91.0, 0.3333333333333333)	(92.0, 0.3333333333333333)	(93.0, 0.3333333333333333)	(94.0, 0.6666666666666666)	(95.0, 0.0)	(96.0, 0.0)	(97.0, 0.0)	(98.0, 0.0)	(99.0, 0.3333333333333333)	(100.0, 1.0)
SRR3667045_1	(0.0, 3.0)	(1.0, 1.5)	(2.0, 0.0)	(3.0, 0.0)	(4.0, 0.0)	(5.0, 0.0)	(6.0, 0.0)	(7.0, 0.0)	(8.0, 0.0)	(9.0, 0.0)	(10.0, 0.0)	(11.0, 0.0)	(12.0, 0.0)	(13.0, 0.0)	(14.0, 0.0)	(15.0, 0.0)	(16.0, 0.0)	(17.0, 0.3333333333333333)	(18.0, 0.0)	(19.0, 0.0)	(20.0, 0.0)	(21.0, 0.0)	(22.0, 0.0)	(23.0, 0.0)	(24.0, 0.3333333333333333)	(25.0, 0.3333333333333333)	(26.0, 0.3333333333333333)	(27.0, 0.3333333333333333)	(28.0, 0.3333333333333333)	(29.0, 0.6666666666666666)	(30.0, 1.0)	(31.0, 0.3333333333333333)	(32.0, 0.6666666666666666)	(33.0, 0.3333333333333333)	(34.0, 0.3333333333333333)	(35.0, 1.3333333333333333)	(36.0, 3.0)	(37.0, 1.9999999999999998)	(38.0, 2.6666666666666665)	(39.0, 4.0)	(40.0, 1.9999999999999998)	(41.0, 2.6666666666666665)	(42.0, 2.333333333333333)	(43.0, 3.0)	(44.0, 4.333333333333333)	(45.0, 9.666666666666666)	(46.0, 23.333333333333318)	(47.0, 83.66666666666656)	(48.0, 1453.6666666666154)	(49.0, 8872.99999999826)	(50.0, 12546.50000000494)	(51.0, 7753.999999997418)	(52.0, 13159.666666672723)	(53.0, 19261.666666668116)	(54.0, 14774.000000008993)	(55.0, 10328.500000000906)	(56.0, 7386.499999997751)	(57.0, 6640.999999998429)	(58.0, 6689.33333333172)	(59.0, 3306.0000000003856)	(60.0, 964.5000000000398)	(61.0, 898.8333333333657)	(62.0, 1098.0000000000296)	(63.0, 930.3333333333692)	(64.0, 405.83333333332774)	(65.0, 142.4999999999997)	(66.0, 56.16666666666679)	(67.0, 2.6666666666666665)	(68.0, 1.6666666666666665)	(69.0, 0.0)	(70.0, 0.3333333333333333)	(71.0, 0.6666666666666666)	(72.0, 1.6666666666666665)	(73.0, 2.6666666666666665)	(74.0, 0.6666666666666666)	(75.0, 0.6666666666666666)	(76.0, 3.3333333333333335)	(77.0, 4.999999999999999)	(78.0, 3.666666666666667)	(79.0, 0.6666666666666666)	(80.0, 0.0)	(81.0, 0.0)	(82.0, 0.3333333333333333)	(83.0, 0.0)	(84.0, 0.0)	(85.0, 0.0)	(86.0, 0.0)	(87.0, 0.0)	(88.0, 0.0)	(89.0, 0.0)	(90.0, 0.0)	(91.0, 0.0)	(92.0, 0.0)	(93.0, 0.0)	(94.0, 0.0)	(95.0, 0.0)	(96.0, 0.0)	(97.0, 0.0)	(98.0, 0.0)	(99.0, 0.0)	(100.0, 0.0)
SRR3667045_2	(0.0, 3.0)	(1.0, 1.5)	(2.0, 0.0)	(3.0, 0.0)	(4.0, 0.0)	(5.0, 0.0)	(6.0, 0.0)	(7.0, 0.0)	(8.0, 0.0)	(9.0, 0.0)	(10.0, 0.0)	(11.0, 0.0)	(12.0, 0.0)	(13.0, 0.0)	(14.0, 0.0)	(15.0, 0.0)	(16.0, 0.3333333333333333)	(17.0, 0.3333333333333333)	(18.0, 0.0)	(19.0, 0.0)	(20.0, 0.0)	(21.0, 0.0)	(22.0, 0.3333333333333333)	(23.0, 0.0)	(24.0, 0.0)	(25.0, 0.3333333333333333)	(26.0, 0.0)	(27.0, 0.0)	(28.0, 0.3333333333333333)	(29.0, 0.6666666666666666)	(30.0, 0.3333333333333333)	(31.0, 1.0)	(32.0, 1.0)	(33.0, 0.0)	(34.0, 1.6666666666666665)	(35.0, 1.6666666666666665)	(36.0, 3.0)	(37.0, 1.3333333333333333)	(38.0, 2.333333333333333)	(39.0, 2.6666666666666665)	(40.0, 4.666666666666666)	(41.0, 16.333333333333343)	(42.0, 18.000000000000004)	(43.0, 183.00000000000082)	(44.0, 455.6666666666582)	(45.0, 1162.000000000015)	(46.0, 1832.333333333196)	(47.0, 11723.500000003443)	(48.0, 14544.833333341909)	(49.0, 4260.333333333929)	(50.0, 6798.3333333316195)	(51.0, 4245.166666667276)	(52.0, 5039.666666666553)	(53.0, 5253.499999999693)	(54.0, 4326.166666667202)	(55.0, 7952.833333330572)	(56.0, 30307.3333332946)	(57.0, 13939.16666667414)	(58.0, 1303.8333333333162)	(59.0, 2267.3333333332466)	(60.0, 651.8333333333376)	(61.0, 78.49999999999997)	(62.0, 142.333333333333)	(63.0, 143.66666666666637)	(64.0, 44.1666666666667)	(65.0, 28.666666666666636)	(66.0, 34.166666666666636)	(67.0, 591.9999999999974)	(68.0, 617.666666666667)	(69.0, 38.666666666666664)	(70.0, 12.666666666666671)	(71.0, 7.9999999999999964)	(72.0, 7.666666666666663)	(73.0, 3.666666666666667)	(74.0, 1.9999999999999998)	(75.0, 2.6666666666666665)	(76.0, 3.666666666666667)	(77.0, 4.0)	(78.0, 1.9999999999999998)	(79.0, 1.0)	(80.0, 1.3333333333333333)	(81.0, 0.6666666666666666)	(82.0, 0.6666666666666666)	(83.0, 0.3333333333333333)	(84.0, 0.0)	(85.0, 0.3333333333333333)	(86.0, 0.6666666666666666)	(87.0, 1.0)	(88.0, 0.3333333333333333)	(89.0, 0.0)	(90.0, 0.3333333333333333)	(91.0, 0.0)	(92.0, 0.3333333333333333)	(93.0, 0.0)	(94.0, 0.0)	(95.0, 0.0)	(96.0, 0.3333333333333333)	(97.0, 0.6666666666666666)	(98.0, 0.6666666666666666)	(99.0, 0.6666666666666666)	(100.0, 2.5)
