Sample	0	1	2	3	4	5	6	7	8	9	10	11	12	13	14	15	16	17	18	19	20	21	22	23	24	25	26	27	28	29	30	31	32	33	34	35	36	37	38	39	40	41	42	43	44	45	46	47	48	49	50	51	52	53	54	55	56	57	58	59	60	61	62	63	64	65	66	67	68	69	70	71	72	73	74	75	76	77	78	79	80	81	82	83	84	85	86	87	88	89	90	91	92	93	94	95	96	97	98	99	100
SRR3666996_1	(0.0, 0.0)	(1.0, 0.0)	(2.0, 0.0)	(3.0, 0.0)	(4.0, 0.0)	(5.0, 0.0)	(6.0, 0.0)	(7.0, 0.0)	(8.0, 0.0)	(9.0, 0.0)	(10.0, 0.0)	(11.0, 0.0)	(12.0, 0.0)	(13.0, 0.0)	(14.0, 0.0)	(15.0, 0.0)	(16.0, 0.0)	(17.0, 0.0)	(18.0, 0.0)	(19.0, 0.0)	(20.0, 0.0)	(21.0, 0.0)	(22.0, 0.0)	(23.0, 0.0)	(24.0, 0.0)	(25.0, 0.0)	(26.0, 0.0)	(27.0, 0.0)	(28.0, 0.0)	(29.0, 0.0)	(30.0, 0.0)	(31.0, 0.0)	(32.0, 0.0)	(33.0, 0.0)	(34.0, 0.0006510077600124992)	(35.0, 0.0)	(36.0, 0.0013020155200249984)	(37.0, 0.0013020155200249984)	(38.0, 0.0013020155200249984)	(39.0, 0.004123049146745828)	(40.0, 0.004557054320087494)	(41.0, 0.004774056906758327)	(42.0, 0.006510077600124993)	(43.0, 0.005208062080099994)	(44.0, 0.015624186240299981)	(45.0, 0.0891880631217124)	(46.0, 0.5446764925437911)	(47.0, 3.0425932677117506)	(48.0, 5.016448796069647)	(49.0, 5.208496085273334)	(50.0, 4.461139176778984)	(51.0, 4.44442997760532)	(52.0, 7.265029599152845)	(53.0, 11.531734458274777)	(54.0, 14.467996458517751)	(55.0, 12.174062114820412)	(56.0, 6.814966234397517)	(57.0, 6.995295383920978)	(58.0, 4.156901550266473)	(59.0, 2.7850111973334766)	(60.0, 3.733312501085004)	(61.0, 1.9005086540631575)	(62.0, 0.6143343228651286)	(63.0, 0.33418398347308287)	(64.0, 0.30423762651250796)	(65.0, 0.3385240352064996)	(66.0, 0.8456590802562366)	(67.0, 2.15158064684131)	(68.0, 0.6750950471329618)	(69.0, 0.04426852768084995)	(70.0, 0.00846310088016249)	(71.0, 0.0032550388000624963)	(72.0, 0.0006510077600124992)	(73.0, 0.0006510077600124992)	(74.0, 0.0)	(75.0, 0.0006510077600124992)	(76.0, 0.0006510077600124992)	(77.0, 0.0)	(78.0, 0.0)	(79.0, 0.0006510077600124992)	(80.0, 0.0)	(81.0, 0.0)	(82.0, 0.0)	(83.0, 0.0)	(84.0, 0.0)	(85.0, 0.0)	(86.0, 0.0)	(87.0, 0.0)	(88.0, 0.0)	(89.0, 0.0)	(90.0, 0.0)	(91.0, 0.0)	(92.0, 0.0)	(93.0, 0.0)	(94.0, 0.0)	(95.0, 0.0)	(96.0, 0.0)	(97.0, 0.0)	(98.0, 0.0)	(99.0, 0.0)	(100.0, 0.0)
SRR3666996_2	(0.0, 0.0)	(1.0, 0.0)	(2.0, 0.0)	(3.0, 0.0)	(4.0, 0.0)	(5.0, 0.0)	(6.0, 0.0)	(7.0, 0.0)	(8.0, 0.0)	(9.0, 0.0)	(10.0, 0.0)	(11.0, 0.0)	(12.0, 0.0)	(13.0, 0.0)	(14.0, 0.0)	(15.0, 0.0)	(16.0, 0.0)	(17.0, 0.0)	(18.0, 0.0)	(19.0, 0.0)	(20.0, 0.0)	(21.0, 0.0)	(22.0, 0.0)	(23.0, 0.0)	(24.0, 0.0)	(25.0, 0.0)	(26.0, 0.0)	(27.0, 0.0)	(28.0, 0.0)	(29.0, 0.0)	(30.0, 0.0)	(31.0, 0.0)	(32.0, 0.0)	(33.0, 0.0)	(34.0, 0.0)	(35.0, 0.0)	(36.0, 0.0012359742670157625)	(37.0, 0.0018539614005236439)	(38.0, 0.0018539614005236439)	(39.0, 0.0018539614005236439)	(40.0, 0.000823982844677175)	(41.0, 0.000823982844677175)	(42.0, 0.003913918512216581)	(43.0, 0.014007708359511971)	(44.0, 0.02698543816317749)	(45.0, 0.0496449663917998)	(46.0, 0.21073361252618739)	(47.0, 0.6832877739485491)	(48.0, 2.765080431025437)	(49.0, 6.9572991490317735)	(50.0, 6.83143576950737)	(51.0, 5.292853802783739)	(52.0, 7.629669150288443)	(53.0, 13.585829143036904)	(54.0, 13.383747350379775)	(55.0, 9.930641244049616)	(56.0, 8.185033587600833)	(57.0, 6.506786528704509)	(58.0, 4.8878662346249575)	(59.0, 4.327557900244496)	(60.0, 2.0033082911213853)	(61.0, 0.7745438739965443)	(62.0, 0.4342389591448715)	(63.0, 0.3913918512216583)	(64.0, 0.3127014895549878)	(65.0, 0.26161455318500293)	(66.0, 0.3306231164267161)	(67.0, 0.8884595022731621)	(68.0, 1.4382620553840066)	(69.0, 1.0928072477531021)	(70.0, 0.5090154022993248)	(71.0, 0.1843661614965179)	(72.0, 0.053970876326354965)	(73.0, 0.01586166976003562)	(74.0, 0.007209849890925282)	(75.0, 0.002471948534031525)	(76.0, 0.004325909934555169)	(77.0, 0.0012359742670157625)	(78.0, 0.002471948534031525)	(79.0, 0.0012359742670157625)	(80.0, 0.0)	(81.0, 0.000823982844677175)	(82.0, 0.000823982844677175)	(83.0, 0.0020599571116929373)	(84.0, 0.0020599571116929373)	(85.0, 0.0014419699781850562)	(86.0, 0.0)	(87.0, 0.0006179871335078813)	(88.0, 0.0)	(89.0, 0.0)	(90.0, 0.0006179871335078813)	(91.0, 0.0)	(92.0, 0.0)	(93.0, 0.0)	(94.0, 0.0006179871335078813)	(95.0, 0.0)	(96.0, 0.0)	(97.0, 0.0)	(98.0, 0.0)	(99.0, 0.0)	(100.0, 0.0)
SRR3666997_1	(0.0, 0.0)	(1.0, 0.0)	(2.0, 0.0)	(3.0, 0.0)	(4.0, 0.0)	(5.0, 0.0)	(6.0, 0.0)	(7.0, 0.0)	(8.0, 0.0)	(9.0, 0.0)	(10.0, 0.0)	(11.0, 0.0)	(12.0, 0.0)	(13.0, 0.0)	(14.0, 0.0)	(15.0, 0.0)	(16.0, 0.0)	(17.0, 0.0)	(18.0, 0.0)	(19.0, 0.0)	(20.0, 0.0)	(21.0, 0.0)	(22.0, 0.0)	(23.0, 0.0)	(24.0, 0.0)	(25.0, 0.0)	(26.0, 0.0)	(27.0, 0.0)	(28.0, 0.0)	(29.0, 0.0)	(30.0, 0.0015580045078263764)	(31.0, 0.0)	(32.0, 0.0015580045078263764)	(33.0, 0.0015580045078263764)	(34.0, 0.0015580045078263764)	(35.0, 0.0015580045078263764)	(36.0, 0.0015580045078263764)	(37.0, 0.0)	(38.0, 0.0015580045078263764)	(39.0, 0.004674013523479129)	(40.0, 0.003116009015652753)	(41.0, 0.0)	(42.0, 0.006232018031305506)	(43.0, 0.010906031554784635)	(44.0, 0.03116009015652753)	(45.0, 0.3427609917218028)	(46.0, 1.6930315651713288)	(47.0, 3.1658651599031966)	(48.0, 6.171775190336219)	(49.0, 6.588801063597748)	(50.0, 4.532235113266929)	(51.0, 5.802528121981374)	(52.0, 7.23641160401758)	(53.0, 9.410347227271291)	(54.0, 11.030671915410736)	(55.0, 9.30907693426259)	(56.0, 6.441309970190192)	(57.0, 6.6625466103015345)	(58.0, 4.615328687017673)	(59.0, 3.088484269347814)	(60.0, 4.524964425563746)	(61.0, 3.004352025925193)	(62.0, 0.8444384432418959)	(63.0, 0.47571070972298685)	(64.0, 0.43831860153515384)	(65.0, 0.33185496016701815)	(66.0, 0.7229140916314386)	(67.0, 2.296498644536079)	(68.0, 1.0874871464628109)	(69.0, 0.09659627948523533)	(70.0, 0.010906031554784635)	(71.0, 0.003116009015652753)	(72.0, 0.0)	(73.0, 0.0)	(74.0, 0.0015580045078263764)	(75.0, 0.0015580045078263764)	(76.0, 0.0)	(77.0, 0.0)	(78.0, 0.0)	(79.0, 0.0)	(80.0, 0.0)	(81.0, 0.0)	(82.0, 0.0)	(83.0, 0.0)	(84.0, 0.0015580045078263764)	(85.0, 0.0)	(86.0, 0.0)	(87.0, 0.0)	(88.0, 0.0)	(89.0, 0.0)	(90.0, 0.0)	(91.0, 0.0)	(92.0, 0.0)	(93.0, 0.0)	(94.0, 0.0)	(95.0, 0.0)	(96.0, 0.0)	(97.0, 0.0)	(98.0, 0.0)	(99.0, 0.0)	(100.0, 0.0)
SRR3666997_2	(0.0, 0.0)	(1.0, 0.0)	(2.0, 0.0)	(3.0, 0.0)	(4.0, 0.0)	(5.0, 0.0)	(6.0, 0.0)	(7.0, 0.0)	(8.0, 0.0)	(9.0, 0.0)	(10.0, 0.0)	(11.0, 0.0)	(12.0, 0.0)	(13.0, 0.0)	(14.0, 0.0)	(15.0, 0.0)	(16.0, 0.0)	(17.0, 0.0)	(18.0, 0.0)	(19.0, 0.0)	(20.0, 0.0)	(21.0, 0.0)	(22.0, 0.0)	(23.0, 0.0)	(24.0, 0.0)	(25.0, 0.0)	(26.0, 0.0)	(27.0, 0.0)	(28.0, 0.0)	(29.0, 0.0)	(30.0, 0.0)	(31.0, 0.0)	(32.0, 0.0)	(33.0, 0.0)	(34.0, 0.0)	(35.0, 0.0)	(36.0, 0.0)	(37.0, 0.0)	(38.0, 0.002964192553948317)	(39.0, 0.004446288830922475)	(40.0, 0.001976128369298878)	(41.0, 0.0)	(42.0, 0.006916449292546073)	(43.0, 0.012844834400442708)	(44.0, 0.021737412062287662)	(45.0, 0.05582562643269332)	(46.0, 0.763773614734013)	(47.0, 1.2997984349063438)	(48.0, 2.609477511659157)	(49.0, 8.204390957236582)	(50.0, 9.29521381708954)	(51.0, 5.979270413406138)	(52.0, 8.046794719784982)	(53.0, 12.67538139277515)	(54.0, 11.203659789739769)	(55.0, 7.613528574816248)	(56.0, 6.680795984507198)	(57.0, 5.941229942297106)	(58.0, 4.896352067030314)	(59.0, 5.035175084973556)	(60.0, 2.187080072721531)	(61.0, 0.6832463836850867)	(62.0, 0.3670658445972668)	(63.0, 0.3389060153347577)	(64.0, 0.26529523357837437)	(65.0, 0.27566990751719356)	(66.0, 0.44611097936922167)	(67.0, 1.0690854477906944)	(68.0, 1.7844439174768876)	(69.0, 1.2938700497984412)	(70.0, 0.5908623824203646)	(71.0, 0.19662477274523835)	(72.0, 0.06471820409453827)	(73.0, 0.033100150185756204)	(74.0, 0.013338866492767427)	(75.0, 0.005928385107896634)	(76.0, 0.002964192553948317)	(77.0, 0.005928385107896634)	(78.0, 0.005928385107896634)	(79.0, 0.0014820962769741585)	(80.0, 0.0014820962769741585)	(81.0, 0.002964192553948317)	(82.0, 0.0)	(83.0, 0.001976128369298878)	(84.0, 0.0014820962769741585)	(85.0, 0.0)	(86.0, 0.002964192553948317)	(87.0, 0.0014820962769741585)	(88.0, 0.0014820962769741585)	(89.0, 0.0)	(90.0, 0.0)	(91.0, 0.0)	(92.0, 0.0014820962769741585)	(93.0, 0.0014820962769741585)	(94.0, 0.0)	(95.0, 0.0)	(96.0, 0.0)	(97.0, 0.0)	(98.0, 0.0)	(99.0, 0.0)	(100.0, 0.0)
SRR3666998_1	(0.0, 0.0)	(1.0, 0.0)	(2.0, 0.0)	(3.0, 0.0)	(4.0, 0.0)	(5.0, 0.0)	(6.0, 0.0)	(7.0, 0.0)	(8.0, 0.0)	(9.0, 0.0)	(10.0, 0.0)	(11.0, 0.0)	(12.0, 0.0)	(13.0, 0.0)	(14.0, 0.0)	(15.0, 0.0)	(16.0, 0.0)	(17.0, 0.0)	(18.0, 0.0)	(19.0, 0.0)	(20.0, 0.0)	(21.0, 0.0)	(22.0, 0.0)	(23.0, 0.0)	(24.0, 0.0)	(25.0, 0.0)	(26.0, 0.0)	(27.0, 0.0)	(28.0, 0.0)	(29.0, 0.0)	(30.0, 0.0)	(31.0, 0.0)	(32.0, 0.0)	(33.0, 0.0)	(34.0, 0.0)	(35.0, 0.0)	(36.0, 0.0005206746902634778)	(37.0, 0.0010413493805269557)	(38.0, 0.0026033734513173892)	(39.0, 0.005987758938029992)	(40.0, 0.0106738311504013)	(41.0, 0.0174426021238265)	(42.0, 0.0195253008848804)	(43.0, 0.028376770619359528)	(44.0, 0.05128645699095268)	(45.0, 0.2492730079636395)	(46.0, 0.6119229297321672)	(47.0, 0.8762955037134521)	(48.0, 1.6367408888431139)	(49.0, 3.945412465471406)	(50.0, 5.715185737675357)	(51.0, 6.913258199971936)	(52.0, 10.926748881202691)	(53.0, 12.461307362084515)	(54.0, 11.824261878545991)	(55.0, 12.302761918898998)	(56.0, 10.710018041380124)	(57.0, 7.532470575368904)	(58.0, 5.083867675731465)	(59.0, 3.3317973429964556)	(60.0, 1.8595896562759835)	(61.0, 0.8546875040675226)	(62.0, 0.9353920810583434)	(63.0, 1.0921151628276144)	(64.0, 0.6724513624753035)	(65.0, 0.24211373097251707)	(66.0, 0.07549783008820406)	(67.0, 0.0072894456636886885)	(68.0, 0.0013016867256586944)	(69.0, 0.0002603373451317389)	(70.0, 0.0002603373451317389)	(71.0, 0.0)	(72.0, 0.0002603373451317389)	(73.0, 0.0)	(74.0, 0.0)	(75.0, 0.0)	(76.0, 0.0)	(77.0, 0.0)	(78.0, 0.0)	(79.0, 0.0)	(80.0, 0.0)	(81.0, 0.0)	(82.0, 0.0)	(83.0, 0.0)	(84.0, 0.0)	(85.0, 0.0)	(86.0, 0.0)	(87.0, 0.0)	(88.0, 0.0)	(89.0, 0.0)	(90.0, 0.0)	(91.0, 0.0)	(92.0, 0.0)	(93.0, 0.0)	(94.0, 0.0)	(95.0, 0.0)	(96.0, 0.0)	(97.0, 0.0)	(98.0, 0.0)	(99.0, 0.0)	(100.0, 0.0)
SRR3666998_2	(0.0, 0.0)	(1.0, 0.0)	(2.0, 0.0)	(3.0, 0.0)	(4.0, 0.0)	(5.0, 0.0)	(6.0, 0.0)	(7.0, 0.0)	(8.0, 0.0)	(9.0, 0.0)	(10.0, 0.0)	(11.0, 0.0)	(12.0, 0.0)	(13.0, 0.0)	(14.0, 0.0)	(15.0, 0.00025903179097167624)	(16.0, 0.0005180635819433525)	(17.0, 0.00025903179097167624)	(18.0, 0.0)	(19.0, 0.0)	(20.0, 0.0)	(21.0, 0.0)	(22.0, 0.00025903179097167624)	(23.0, 0.00025903179097167624)	(24.0, 0.0)	(25.0, 0.0005180635819433525)	(26.0, 0.0005180635819433525)	(27.0, 0.0005180635819433525)	(28.0, 0.0007770953729150286)	(29.0, 0.0007770953729150286)	(30.0, 0.001295158954858381)	(31.0, 0.001036127163886705)	(32.0, 0.001036127163886705)	(33.0, 0.001036127163886705)	(34.0, 0.00025903179097167624)	(35.0, 0.0005180635819433525)	(36.0, 0.0018132225368017335)	(37.0, 0.003626445073603467)	(38.0, 0.004921604028461847)	(39.0, 0.00466257223749017)	(40.0, 0.007770953729150288)	(41.0, 0.010879335220810407)	(42.0, 0.030824783125629474)	(43.0, 0.2955552734986793)	(44.0, 0.3354461693083152)	(45.0, 0.6302243474341056)	(46.0, 2.2483959456343032)	(47.0, 5.980007926370153)	(48.0, 7.8213354124946095)	(49.0, 5.654145933328081)	(50.0, 8.035166155942115)	(51.0, 12.213348944322853)	(52.0, 14.275889579930153)	(53.0, 10.236677347414398)	(54.0, 7.472549105950614)	(55.0, 5.174937120030917)	(56.0, 7.899303981577225)	(57.0, 5.6011739320744205)	(58.0, 1.3277969605207274)	(59.0, 1.0666929152213371)	(60.0, 0.44903160964939753)	(61.0, 0.3101905696885782)	(62.0, 0.297368496035481)	(63.0, 0.3732648107901778)	(64.0, 0.29115173305216113)	(65.0, 0.11423301981850907)	(66.0, 0.07149277430818246)	(67.0, 0.8346004305107682)	(68.0, 0.8535097512516961)	(69.0, 0.030824783125629474)	(70.0, 0.00673482656526358)	(71.0, 0.00466257223749017)	(72.0, 0.0023312861187450864)	(73.0, 0.0018132225368017335)	(74.0, 0.001295158954858381)	(75.0, 0.0015541907458300572)	(76.0, 0.0015541907458300572)	(77.0, 0.0007770953729150286)	(78.0, 0.0)	(79.0, 0.0007770953729150286)	(80.0, 0.0007770953729150286)	(81.0, 0.0015541907458300572)	(82.0, 0.0)	(83.0, 0.0005180635819433525)	(84.0, 0.0005180635819433525)	(85.0, 0.00025903179097167624)	(86.0, 0.00025903179097167624)	(87.0, 0.00025903179097167624)	(88.0, 0.00025903179097167624)	(89.0, 0.0007770953729150286)	(90.0, 0.0)	(91.0, 0.0005180635819433525)	(92.0, 0.0007770953729150286)	(93.0, 0.00025903179097167624)	(94.0, 0.0)	(95.0, 0.0)	(96.0, 0.0007770953729150286)	(97.0, 0.00025903179097167624)	(98.0, 0.0)	(99.0, 0.0005180635819433525)	(100.0, 0.0015541907458300572)
SRR3666999_1	(0.0, 0.0)	(1.0, 0.0)	(2.0, 0.0)	(3.0, 0.0)	(4.0, 0.0)	(5.0, 0.0)	(6.0, 0.0)	(7.0, 0.0)	(8.0, 0.0)	(9.0, 0.0)	(10.0, 0.0)	(11.0, 0.0)	(12.0, 0.0)	(13.0, 0.0)	(14.0, 0.0)	(15.0, 0.0)	(16.0, 0.0)	(17.0, 0.0)	(18.0, 0.0)	(19.0, 0.0)	(20.0, 0.0)	(21.0, 0.0)	(22.0, 0.0)	(23.0, 0.0)	(24.0, 0.0)	(25.0, 0.0)	(26.0, 0.000412279327489987)	(27.0, 0.000412279327489987)	(28.0, 0.000824558654979974)	(29.0, 0.000412279327489987)	(30.0, 0.000824558654979974)	(31.0, 0.001236837982469961)	(32.0, 0.001649117309959948)	(33.0, 0.001236837982469961)	(34.0, 0.002061396637449935)	(35.0, 0.000412279327489987)	(36.0, 0.0014429776462149542)	(37.0, 0.0014429776462149542)	(38.0, 0.003298234619919896)	(39.0, 0.00535963125736983)	(40.0, 0.001649117309959948)	(41.0, 0.0037105139474098827)	(42.0, 0.004535072602389857)	(43.0, 0.004947351929879844)	(44.0, 0.004535072602389857)	(45.0, 0.06761380970835801)	(46.0, 0.3955820147266417)	(47.0, 1.2038556362708124)	(48.0, 1.928848833661811)	(49.0, 3.016647839244224)	(50.0, 4.998886845816982)	(51.0, 7.636031564104378)	(52.0, 12.988860212573552)	(53.0, 13.793423320171724)	(54.0, 8.86709763598836)	(55.0, 6.589460491271998)	(56.0, 9.676608095514219)	(57.0, 10.185154645972801)	(58.0, 7.277142409524674)	(59.0, 4.547647121878985)	(60.0, 3.3417300889702255)	(61.0, 1.8756648004156156)	(62.0, 0.6924231305194257)	(63.0, 0.3166305235123135)	(64.0, 0.24097726691789884)	(65.0, 0.11956100497209589)	(66.0, 0.09544266431393197)	(67.0, 0.07503483760317783)	(68.0, 0.020201687047009375)	(69.0, 0.001236837982469961)	(70.0, 0.001236837982469961)	(71.0, 0.001236837982469961)	(72.0, 0.000412279327489987)	(73.0, 0.0)	(74.0, 0.000412279327489987)	(75.0, 0.0014429776462149542)	(76.0, 0.0014429776462149542)	(77.0, 0.000412279327489987)	(78.0, 0.000412279327489987)	(79.0, 0.0)	(80.0, 0.0)	(81.0, 0.0)	(82.0, 0.000412279327489987)	(83.0, 0.000412279327489987)	(84.0, 0.0)	(85.0, 0.0)	(86.0, 0.0)	(87.0, 0.0)	(88.0, 0.0)	(89.0, 0.0)	(90.0, 0.0)	(91.0, 0.0)	(92.0, 0.0)	(93.0, 0.0)	(94.0, 0.0)	(95.0, 0.0)	(96.0, 0.0)	(97.0, 0.0)	(98.0, 0.0)	(99.0, 0.0)	(100.0, 0.0)
SRR3666999_2	(0.0, 0.0)	(1.0, 0.0)	(2.0, 0.0)	(3.0, 0.0)	(4.0, 0.0)	(5.0, 0.0)	(6.0, 0.0)	(7.0, 0.0)	(8.0, 0.0)	(9.0, 0.0)	(10.0, 0.0)	(11.0, 0.0)	(12.0, 0.0)	(13.0, 0.0)	(14.0, 0.0)	(15.0, 0.0)	(16.0, 0.0)	(17.0, 0.0)	(18.0, 0.0)	(19.0, 0.0)	(20.0, 0.0)	(21.0, 0.0)	(22.0, 0.00041103463583360745)	(23.0, 0.00041103463583360745)	(24.0, 0.00041103463583360745)	(25.0, 0.0)	(26.0, 0.00041103463583360745)	(27.0, 0.0008220692716672149)	(28.0, 0.00041103463583360745)	(29.0, 0.00041103463583360745)	(30.0, 0.00041103463583360745)	(31.0, 0.0016441385433344298)	(32.0, 0.0016441385433344298)	(33.0, 0.0014386212254176261)	(34.0, 0.0014386212254176261)	(35.0, 0.0020551731791680376)	(36.0, 0.003904829040419272)	(37.0, 0.005548967583753702)	(38.0, 0.0026717251329184486)	(39.0, 0.004726898312086487)	(40.0, 0.004110346358336075)	(41.0, 0.00780965808083854)	(42.0, 0.04274760212669514)	(43.0, 0.19729662520013183)	(44.0, 0.8709823933314271)	(45.0, 3.8489283299462724)	(46.0, 5.0629191268813685)	(47.0, 8.456626597638461)	(48.0, 5.724273855937042)	(49.0, 2.91320798147064)	(50.0, 9.384948322667821)	(51.0, 23.416848720761543)	(52.0, 10.529885300782462)	(53.0, 6.621356948643073)	(54.0, 6.193880927376511)	(55.0, 6.385012033038967)	(56.0, 5.9546587693215685)	(57.0, 2.275076709338846)	(58.0, 0.731025099830068)	(59.0, 0.4024029084811004)	(60.0, 0.3152635656843804)	(61.0, 0.14530074376717958)	(62.0, 0.08364554839213925)	(63.0, 0.12248832147841465)	(64.0, 0.10419728018381937)	(65.0, 0.015619316161677091)	(66.0, 0.05158484679711777)	(67.0, 0.059600022195873174)	(68.0, 0.026922768647101275)	(69.0, 0.0034937944045856637)	(70.0, 0.004110346358336075)	(71.0, 0.0032882770866688596)	(72.0, 0.0016441385433344298)	(73.0, 0.0012331039075008227)	(74.0, 0.0008220692716672149)	(75.0, 0.0008220692716672149)	(76.0, 0.00041103463583360745)	(77.0, 0.00041103463583360745)	(78.0, 0.00041103463583360745)	(79.0, 0.0)	(80.0, 0.0)	(81.0, 0.0)	(82.0, 0.00041103463583360745)	(83.0, 0.00041103463583360745)	(84.0, 0.0)	(85.0, 0.0)	(86.0, 0.0)	(87.0, 0.0)	(88.0, 0.0008220692716672149)	(89.0, 0.0008220692716672149)	(90.0, 0.0)	(91.0, 0.0)	(92.0, 0.0)	(93.0, 0.0)	(94.0, 0.0)	(95.0, 0.0)	(96.0, 0.0)	(97.0, 0.0)	(98.0, 0.00041103463583360745)	(99.0, 0.0012331039075008227)	(100.0, 0.001849655861251234)
SRR3667000_1	(0.0, 0.0027085794253289826)	(1.0, 0.0013542897126644913)	(2.0, 0.0)	(3.0, 0.0)	(4.0, 0.0)	(5.0, 0.0)	(6.0, 0.0)	(7.0, 0.0)	(8.0, 0.0)	(9.0, 0.0)	(10.0, 0.0)	(11.0, 0.0)	(12.0, 0.0)	(13.0, 0.0)	(14.0, 0.0)	(15.0, 0.0)	(16.0, 0.0)	(17.0, 0.0)	(18.0, 0.0)	(19.0, 0.0)	(20.0, 0.0)	(21.0, 0.0)	(22.0, 0.000300953269480998)	(23.0, 0.0)	(24.0, 0.0)	(25.0, 0.0)	(26.0, 0.0)	(27.0, 0.000300953269480998)	(28.0, 0.000601906538961996)	(29.0, 0.000300953269480998)	(30.0, 0.0009028598084429942)	(31.0, 0.0009028598084429942)	(32.0, 0.001805719616885988)	(33.0, 0.001203813077923992)	(34.0, 0.000300953269480998)	(35.0, 0.001203813077923992)	(36.0, 0.0030095326948099805)	(37.0, 0.0027085794253289826)	(38.0, 0.002106672886366986)	(39.0, 0.002407626155847984)	(40.0, 0.0025581027905884836)	(41.0, 0.0034609625990314782)	(42.0, 0.0048152523116959675)	(43.0, 0.003761915868512476)	(44.0, 0.0046647756769554695)	(45.0, 0.016552429821454894)	(46.0, 0.10713936393523474)	(47.0, 0.4303631753578185)	(48.0, 2.2305151567584223)	(49.0, 8.309319770369326)	(50.0, 10.593705562368996)	(51.0, 6.344245397292446)	(52.0, 8.72899910466134)	(53.0, 12.620324879057723)	(54.0, 14.649953728441265)	(55.0, 14.750773073717586)	(56.0, 8.832827982632473)	(57.0, 4.720903461713418)	(58.0, 2.4965578469797456)	(59.0, 1.8380720933550299)	(60.0, 1.319529610039388)	(61.0, 0.37513825040805854)	(62.0, 0.3531686617359469)	(63.0, 0.4290088856451541)	(64.0, 0.3336066992196832)	(65.0, 0.3308981197943544)	(66.0, 0.09495075652125451)	(67.0, 0.027537224157511284)	(68.0, 0.015499093378271406)	(69.0, 0.003912392503252974)	(70.0, 0.001805719616885988)	(71.0, 0.000300953269480998)	(72.0, 0.000601906538961996)	(73.0, 0.00150476634740499)	(74.0, 0.0009028598084429942)	(75.0, 0.0)	(76.0, 0.0)	(77.0, 0.0)	(78.0, 0.0)	(79.0, 0.0)	(80.0, 0.0)	(81.0, 0.0)	(82.0, 0.0)	(83.0, 0.0)	(84.0, 0.0)	(85.0, 0.0)	(86.0, 0.0)	(87.0, 0.0)	(88.0, 0.0)	(89.0, 0.0)	(90.0, 0.0)	(91.0, 0.0)	(92.0, 0.0)	(93.0, 0.0)	(94.0, 0.0)	(95.0, 0.0)	(96.0, 0.0)	(97.0, 0.0)	(98.0, 0.0)	(99.0, 0.0)	(100.0, 0.0)
SRR3667000_2	(0.0, 0.0027060995483812406)	(1.0, 0.0013530497741906203)	(2.0, 0.0)	(3.0, 0.0)	(4.0, 0.0)	(5.0, 0.0)	(6.0, 0.0)	(7.0, 0.0)	(8.0, 0.0)	(9.0, 0.0)	(10.0, 0.0)	(11.0, 0.0)	(12.0, 0.0)	(13.0, 0.00030067772759791563)	(14.0, 0.0)	(15.0, 0.0)	(16.0, 0.0)	(17.0, 0.0)	(18.0, 0.00030067772759791563)	(19.0, 0.0)	(20.0, 0.00030067772759791563)	(21.0, 0.00030067772759791563)	(22.0, 0.00030067772759791563)	(23.0, 0.0)	(24.0, 0.0)	(25.0, 0.00030067772759791563)	(26.0, 0.00030067772759791563)	(27.0, 0.0009020331827937469)	(28.0, 0.0015033886379895779)	(29.0, 0.0012027109103916625)	(30.0, 0.0006013554551958313)	(31.0, 0.0018040663655874934)	(32.0, 0.0018040663655874934)	(33.0, 0.0015033886379895779)	(34.0, 0.002255082956984367)	(35.0, 0.002555760684582283)	(36.0, 0.0018040663655874934)	(37.0, 0.0036081327311749877)	(38.0, 0.0036081327311749877)	(39.0, 0.0037584715949739453)	(40.0, 0.0073666043261489305)	(41.0, 0.0096216872831333)	(42.0, 0.018642019111070763)	(43.0, 0.20416017703898656)	(44.0, 0.21588660841530563)	(45.0, 0.20175475521820316)	(46.0, 1.1269401230369835)	(47.0, 9.092193804833778)	(48.0, 15.14228070070426)	(49.0, 4.619161590222809)	(50.0, 8.302914769887815)	(51.0, 15.520232604293465)	(52.0, 14.289558665237005)	(53.0, 11.566470825241527)	(54.0, 7.992314677278603)	(55.0, 3.009333036664099)	(56.0, 2.268312776998699)	(57.0, 1.0637978002414357)	(58.0, 1.8667576717915)	(59.0, 1.3762019592155987)	(60.0, 0.19213306793506962)	(61.0, 0.18957730725048721)	(62.0, 0.38486749132532594)	(63.0, 0.34232159287022323)	(64.0, 0.04434996482069262)	(65.0, 0.022099812978446785)	(66.0, 0.02330252388883844)	(67.0, 0.38321376382353745)	(68.0, 0.3863708799633154)	(69.0, 0.022851507297441568)	(70.0, 0.006013554551958311)	(71.0, 0.023152185025039483)	(72.0, 0.026760317756214454)	(73.0, 0.004209488186370818)	(74.0, 0.002104744093185409)	(75.0, 0.002104744093185409)	(76.0, 0.0015033886379895779)	(77.0, 0.0018040663655874934)	(78.0, 0.0012027109103916625)	(79.0, 0.0012027109103916625)	(80.0, 0.0012027109103916625)	(81.0, 0.0015033886379895779)	(82.0, 0.0006013554551958313)	(83.0, 0.0006013554551958313)	(84.0, 0.00030067772759791563)	(85.0, 0.00030067772759791563)	(86.0, 0.0009020331827937469)	(87.0, 0.0012027109103916625)	(88.0, 0.0)	(89.0, 0.0)	(90.0, 0.0006013554551958313)	(91.0, 0.0006013554551958313)	(92.0, 0.00030067772759791563)	(93.0, 0.0)	(94.0, 0.0)	(95.0, 0.0)	(96.0, 0.00030067772759791563)	(97.0, 0.0)	(98.0, 0.00030067772759791563)	(99.0, 0.0009020331827937469)	(100.0, 0.002255082956984367)
SRR3667001_1	(0.0, 0.00248949226805185)	(1.0, 0.001244746134025925)	(2.0, 0.0)	(3.0, 0.0)	(4.0, 0.0)	(5.0, 0.0)	(6.0, 0.0)	(7.0, 0.0)	(8.0, 0.0)	(9.0, 0.0)	(10.0, 0.0)	(11.0, 0.0)	(12.0, 0.0)	(13.0, 0.0)	(14.0, 0.0)	(15.0, 0.0)	(16.0, 0.0)	(17.0, 0.00041491537800864166)	(18.0, 0.00041491537800864166)	(19.0, 0.0)	(20.0, 0.0)	(21.0, 0.0)	(22.0, 0.0)	(23.0, 0.00041491537800864166)	(24.0, 0.0016596615120345666)	(25.0, 0.001244746134025925)	(26.0, 0.00041491537800864166)	(27.0, 0.0022820345790475287)	(28.0, 0.0026969499570561706)	(29.0, 0.001244746134025925)	(30.0, 0.0020745768900432083)	(31.0, 0.001244746134025925)	(32.0, 0.0020745768900432083)	(33.0, 0.0016596615120345666)	(34.0, 0.0020745768900432083)	(35.0, 0.0024894922680518496)	(36.0, 0.003941696091082096)	(37.0, 0.0039416960910820965)	(38.0, 0.004771526847099379)	(39.0, 0.006846103737142587)	(40.0, 0.005393899914112341)	(41.0, 0.005808815292120982)	(42.0, 0.008713222938181471)	(43.0, 0.009543053694198753)	(44.0, 0.011825088273246288)	(45.0, 0.020745768900432095)	(46.0, 0.10808545597125097)	(47.0, 0.4435445390912345)	(48.0, 2.302780347947785)	(49.0, 8.073008509912363)	(50.0, 10.431387518511977)	(51.0, 6.214602531813347)	(52.0, 8.472779476623327)	(53.0, 13.439938924458106)	(54.0, 15.709111126791498)	(55.0, 14.155667951524316)	(56.0, 7.94728915037586)	(57.0, 4.280474497226706)	(58.0, 2.330994593652367)	(59.0, 1.7613157796466314)	(60.0, 1.2889346217839)	(61.0, 0.42964487392794576)	(62.0, 0.6480978204494849)	(63.0, 0.822777194591143)	(64.0, 0.4698916655947817)	(65.0, 0.3896055399501141)	(66.0, 0.10704816752622937)	(67.0, 0.02551729574753146)	(68.0, 0.023650176546492575)	(69.0, 0.008713222938181471)	(70.0, 0.0024894922680518496)	(71.0, 0.0008298307560172833)	(72.0, 0.001244746134025925)	(73.0, 0.0008298307560172833)	(74.0, 0.0008298307560172833)	(75.0, 0.0008298307560172833)	(76.0, 0.0)	(77.0, 0.0)	(78.0, 0.0)	(79.0, 0.0)	(80.0, 0.0)	(81.0, 0.00041491537800864166)	(82.0, 0.0)	(83.0, 0.0)	(84.0, 0.0)	(85.0, 0.0)	(86.0, 0.0)	(87.0, 0.0)	(88.0, 0.0)	(89.0, 0.0)	(90.0, 0.0)	(91.0, 0.0)	(92.0, 0.0)	(93.0, 0.0)	(94.0, 0.0)	(95.0, 0.0)	(96.0, 0.0)	(97.0, 0.0)	(98.0, 0.0)	(99.0, 0.0)	(100.0, 0.0)
SRR3667001_2	(0.0, 0.0024831559256376632)	(1.0, 0.0012415779628188316)	(2.0, 0.0)	(3.0, 0.0)	(4.0, 0.0)	(5.0, 0.0)	(6.0, 0.00041385932093961054)	(7.0, 0.0)	(8.0, 0.0)	(9.0, 0.0)	(10.0, 0.0)	(11.0, 0.0)	(12.0, 0.0)	(13.0, 0.0)	(14.0, 0.0)	(15.0, 0.0)	(16.0, 0.0)	(17.0, 0.0)	(18.0, 0.0012415779628188316)	(19.0, 0.0008277186418792211)	(20.0, 0.0)	(21.0, 0.00041385932093961054)	(22.0, 0.0008277186418792211)	(23.0, 0.0)	(24.0, 0.0)	(25.0, 0.0008277186418792211)	(26.0, 0.0012415779628188316)	(27.0, 0.0012415779628188316)	(28.0, 0.0008277186418792211)	(29.0, 0.0014485076232886368)	(30.0, 0.0028970152465772735)	(31.0, 0.0022762262651678583)	(32.0, 0.0024831559256376632)	(33.0, 0.002069296604698053)	(34.0, 0.002069296604698053)	(35.0, 0.0028970152465772735)	(36.0, 0.003724733888456495)	(37.0, 0.002069296604698053)	(38.0, 0.0012415779628188316)	(39.0, 0.0033108745675168843)	(40.0, 0.0045524525303357165)	(41.0, 0.006621749135033768)	(42.0, 0.022348403330738974)	(43.0, 0.2880460873739717)	(44.0, 0.24935024086611704)	(45.0, 0.18127038257154915)	(46.0, 1.1234211266906138)	(47.0, 10.337791977747134)	(48.0, 14.865412948834708)	(49.0, 4.314069561475074)	(50.0, 8.305535782274573)	(51.0, 14.961842170613812)	(52.0, 13.612867714008697)	(53.0, 11.047560713159854)	(54.0, 7.840150975878402)	(55.0, 3.255210488850599)	(56.0, 2.549994205969183)	(57.0, 1.160461535914713)	(58.0, 1.7978048901616064)	(59.0, 1.1275597199000102)	(60.0, 0.13822901319382933)	(61.0, 0.14919628519872882)	(62.0, 0.47014418858739254)	(63.0, 0.35384971940336857)	(64.0, 0.030004800768121745)	(65.0, 0.02400384061449741)	(66.0, 0.041385932093961006)	(67.0, 0.8726223782011813)	(68.0, 0.7126657506580035)	(69.0, 0.018623669442282484)	(70.0, 0.011174201665369482)	(71.0, 0.033936464317048026)	(72.0, 0.030625589749531154)	(73.0, 0.003724733888456495)	(74.0, 0.003724733888456495)	(75.0, 0.0016554372837584421)	(76.0, 0.002069296604698053)	(77.0, 0.0024831559256376632)	(78.0, 0.0016554372837584421)	(79.0, 0.00041385932093961054)	(80.0, 0.00041385932093961054)	(81.0, 0.00041385932093961054)	(82.0, 0.00041385932093961054)	(83.0, 0.00041385932093961054)	(84.0, 0.0)	(85.0, 0.0)	(86.0, 0.0)	(87.0, 0.0)	(88.0, 0.00041385932093961054)	(89.0, 0.0)	(90.0, 0.00041385932093961054)	(91.0, 0.0008277186418792211)	(92.0, 0.0008277186418792211)	(93.0, 0.0008277186418792211)	(94.0, 0.0)	(95.0, 0.0)	(96.0, 0.0)	(97.0, 0.00041385932093961054)	(98.0, 0.00041385932093961054)	(99.0, 0.0008277186418792211)	(100.0, 0.0012415779628188316)
SRR3667002_1	(0.0, 0.0)	(1.0, 0.0)	(2.0, 0.0)	(3.0, 0.0)	(4.0, 0.0)	(5.0, 0.0)	(6.0, 0.0)	(7.0, 0.0)	(8.0, 0.0)	(9.0, 0.0)	(10.0, 0.0)	(11.0, 0.0)	(12.0, 0.0)	(13.0, 0.0)	(14.0, 0.0)	(15.0, 0.0)	(16.0, 0.0)	(17.0, 0.0)	(18.0, 0.0)	(19.0, 0.0)	(20.0, 0.0)	(21.0, 0.0)	(22.0, 0.0008073848803724365)	(23.0, 0.001345641467287394)	(24.0, 0.0005382565869149576)	(25.0, 0.0)	(26.0, 0.0)	(27.0, 0.0)	(28.0, 0.0)	(29.0, 0.0)	(30.0, 0.0005382565869149576)	(31.0, 0.0010765131738299152)	(32.0, 0.0005382565869149576)	(33.0, 0.0005382565869149576)	(34.0, 0.0)	(35.0, 0.0)	(36.0, 0.0)	(37.0, 0.0010765131738299152)	(38.0, 0.0021530263476598303)	(39.0, 0.001614769760744873)	(40.0, 0.003229539521489745)	(41.0, 0.002691282934574788)	(42.0, 0.002691282934574788)	(43.0, 0.004306052695319661)	(44.0, 0.0037677961084047027)	(45.0, 0.034986678149472226)	(46.0, 0.07535592216809416)	(47.0, 0.07589417875500912)	(48.0, 0.57701106117283)	(49.0, 7.287994186829117)	(50.0, 20.14209973895239)	(51.0, 16.49433484942309)	(52.0, 7.910757057889156)	(53.0, 4.226390720456362)	(54.0, 4.403208009258007)	(55.0, 9.27066232472856)	(56.0, 12.962833382668357)	(57.0, 7.343972871868219)	(58.0, 2.1436068573887823)	(59.0, 1.3036574535080625)	(60.0, 0.8617487956508324)	(61.0, 0.3646688376348871)	(62.0, 1.30069704228003)	(63.0, 1.8271119842828594)	(64.0, 0.8046935974378441)	(65.0, 0.4607476383992057)	(66.0, 0.09634792905777766)	(67.0, 0.0010765131738299152)	(68.0, 0.0005382565869149576)	(69.0, 0.0010765131738299152)	(70.0, 0.0010765131738299152)	(71.0, 0.0005382565869149576)	(72.0, 0.0)	(73.0, 0.0)	(74.0, 0.0)	(75.0, 0.0)	(76.0, 0.0)	(77.0, 0.0)	(78.0, 0.0)	(79.0, 0.0)	(80.0, 0.0)	(81.0, 0.0)	(82.0, 0.0)	(83.0, 0.0)	(84.0, 0.0)	(85.0, 0.0)	(86.0, 0.0)	(87.0, 0.0)	(88.0, 0.0)	(89.0, 0.0)	(90.0, 0.0)	(91.0, 0.0)	(92.0, 0.0)	(93.0, 0.0)	(94.0, 0.0)	(95.0, 0.0)	(96.0, 0.0)	(97.0, 0.0)	(98.0, 0.0)	(99.0, 0.0)	(100.0, 0.0)
SRR3667002_2	(0.0, 0.0)	(1.0, 0.0)	(2.0, 0.0)	(3.0, 0.0)	(4.0, 0.0)	(5.0, 0.0)	(6.0, 0.0)	(7.0, 0.0)	(8.0, 0.0)	(9.0, 0.0)	(10.0, 0.0)	(11.0, 0.0)	(12.0, 0.0)	(13.0, 0.0)	(14.0, 0.0)	(15.0, 0.0)	(16.0, 0.0)	(17.0, 0.0)	(18.0, 0.0)	(19.0, 0.0008067530609555016)	(20.0, 0.0013445884349258359)	(21.0, 0.0005378353739703344)	(22.0, 0.0005378353739703344)	(23.0, 0.0)	(24.0, 0.0)	(25.0, 0.0)	(26.0, 0.0)	(27.0, 0.0)	(28.0, 0.0)	(29.0, 0.0)	(30.0, 0.0005378353739703344)	(31.0, 0.0010756707479406687)	(32.0, 0.0010756707479406687)	(33.0, 0.0005378353739703344)	(34.0, 0.0)	(35.0, 0.0010756707479406687)	(36.0, 0.0026891768698516717)	(37.0, 0.0021513414958813375)	(38.0, 0.0026891768698516717)	(39.0, 0.0037648476177923403)	(40.0, 0.0026891768698516717)	(41.0, 0.004302682991762675)	(42.0, 0.009681036731466017)	(43.0, 0.14521555097198996)	(44.0, 0.15651009382536685)	(45.0, 0.20921796047445895)	(46.0, 0.7067156813970075)	(47.0, 6.8740739147158045)	(48.0, 7.219364224804445)	(49.0, 1.662449140942376)	(50.0, 2.784911566418209)	(51.0, 13.594326912470049)	(52.0, 21.113265440588997)	(53.0, 15.55419901522151)	(54.0, 17.10773649293764)	(55.0, 3.9490562333771724)	(56.0, 1.6535748572718674)	(57.0, 0.7438263222009585)	(58.0, 0.9395983983261684)	(59.0, 0.6647645222273239)	(60.0, 0.11455893465568134)	(61.0, 0.06265782106754396)	(62.0, 0.232344881555184)	(63.0, 0.610443149456323)	(64.0, 0.20222610061284457)	(65.0, 0.04894301903130036)	(66.0, 0.0822888122174613)	(67.0, 1.842086155848427)	(68.0, 1.605438591301518)	(69.0, 0.0478673482833597)	(70.0, 0.011294542853377018)	(71.0, 0.003227012243822006)	(72.0, 0.003227012243822006)	(73.0, 0.0026891768698516717)	(74.0, 0.0016135061219110032)	(75.0, 0.0016135061219110032)	(76.0, 0.0016135061219110032)	(77.0, 0.0016135061219110032)	(78.0, 0.0010756707479406687)	(79.0, 0.0010756707479406687)	(80.0, 0.0)	(81.0, 0.0)	(82.0, 0.0)	(83.0, 0.0005378353739703344)	(84.0, 0.0010756707479406687)	(85.0, 0.0005378353739703344)	(86.0, 0.0005378353739703344)	(87.0, 0.0010756707479406687)	(88.0, 0.0005378353739703344)	(89.0, 0.0005378353739703344)	(90.0, 0.0010756707479406687)	(91.0, 0.0)	(92.0, 0.0)	(93.0, 0.0)	(94.0, 0.0)	(95.0, 0.0)	(96.0, 0.0)	(97.0, 0.0005378353739703344)	(98.0, 0.0)	(99.0, 0.0005378353739703344)	(100.0, 0.0008067530609555016)
SRR3667003_1	(0.0, 0.0)	(1.0, 0.0)	(2.0, 0.0)	(3.0, 0.0)	(4.0, 0.0)	(5.0, 0.0)	(6.0, 0.0)	(7.0, 0.0)	(8.0, 0.0)	(9.0, 0.0)	(10.0, 0.0)	(11.0, 0.0)	(12.0, 0.0)	(13.0, 0.0)	(14.0, 0.0)	(15.0, 0.0)	(16.0, 0.0)	(17.0, 0.0)	(18.0, 0.0)	(19.0, 0.0)	(20.0, 0.0)	(21.0, 0.0)	(22.0, 0.000532972333406182)	(23.0, 0.0)	(24.0, 0.0)	(25.0, 0.0)	(26.0, 0.0)	(27.0, 0.0)	(28.0, 0.000532972333406182)	(29.0, 0.0)	(30.0, 0.0)	(31.0, 0.0)	(32.0, 0.000532972333406182)	(33.0, 0.0015989170002185464)	(34.0, 0.000532972333406182)	(35.0, 0.0015989170002185464)	(36.0, 0.002131889333624728)	(37.0, 0.000532972333406182)	(38.0, 0.001065944666812364)	(39.0, 0.001065944666812364)	(40.0, 0.002131889333624728)	(41.0, 0.0015989170002185464)	(42.0, 0.004263778667249456)	(43.0, 0.005862695667468004)	(44.0, 0.06342370767533567)	(45.0, 1.4187723515273063)	(46.0, 3.479776364808758)	(47.0, 2.6696584180314056)	(48.0, 6.5081251632240615)	(49.0, 9.52048479163312)	(50.0, 8.711166303356567)	(51.0, 6.301598384029071)	(52.0, 6.73010814008759)	(53.0, 7.909842400081102)	(54.0, 8.134756724778306)	(55.0, 9.358727688444493)	(56.0, 9.290773715935265)	(57.0, 6.4116571708775)	(58.0, 3.368118660960113)	(59.0, 3.4736471829745845)	(60.0, 2.7080324260366417)	(61.0, 0.7674801601048865)	(62.0, 1.14589051682331)	(63.0, 1.3724037585209632)	(64.0, 0.44076811972691543)	(65.0, 0.14390253001966885)	(66.0, 0.03997292500546362)	(67.0, 0.003730806333843274)	(68.0, 0.0015989170002185464)	(69.0, 0.000532972333406182)	(70.0, 0.0)	(71.0, 0.0)	(72.0, 0.0)	(73.0, 0.0)	(74.0, 0.0)	(75.0, 0.0)	(76.0, 0.0)	(77.0, 0.0)	(78.0, 0.0)	(79.0, 0.000532972333406182)	(80.0, 0.000532972333406182)	(81.0, 0.0)	(82.0, 0.0)	(83.0, 0.0)	(84.0, 0.0)	(85.0, 0.0)	(86.0, 0.0)	(87.0, 0.0)	(88.0, 0.0)	(89.0, 0.0)	(90.0, 0.0)	(91.0, 0.0)	(92.0, 0.0)	(93.0, 0.0)	(94.0, 0.0)	(95.0, 0.0)	(96.0, 0.0)	(97.0, 0.0)	(98.0, 0.0)	(99.0, 0.0)	(100.0, 0.0)
SRR3667003_2	(0.0, 0.0)	(1.0, 0.0)	(2.0, 0.0)	(3.0, 0.0)	(4.0, 0.0)	(5.0, 0.0)	(6.0, 0.0)	(7.0, 0.0)	(8.0, 0.0)	(9.0, 0.0)	(10.0, 0.0)	(11.0, 0.0)	(12.0, 0.0)	(13.0, 0.0)	(14.0, 0.0)	(15.0, 0.0)	(16.0, 0.0005336592212311521)	(17.0, 0.0)	(18.0, 0.0)	(19.0, 0.0)	(20.0, 0.0)	(21.0, 0.0)	(22.0, 0.0)	(23.0, 0.0)	(24.0, 0.0010673184424623043)	(25.0, 0.0)	(26.0, 0.0)	(27.0, 0.0)	(28.0, 0.0)	(29.0, 0.0)	(30.0, 0.0005336592212311521)	(31.0, 0.0)	(32.0, 0.0005336592212311521)	(33.0, 0.0005336592212311521)	(34.0, 0.0005336592212311521)	(35.0, 0.0010673184424623043)	(36.0, 0.0005336592212311521)	(37.0, 0.0010673184424623043)	(38.0, 0.0016009776636934565)	(39.0, 0.0021346368849246085)	(40.0, 0.007471229097236129)	(41.0, 0.007471229097236129)	(42.0, 0.013875139752009952)	(43.0, 0.08218352006959757)	(44.0, 0.1830451128822843)	(45.0, 0.9605865982160712)	(46.0, 8.057186922147764)	(47.0, 12.672805526571802)	(48.0, 7.028291943615038)	(49.0, 3.2686627300405107)	(50.0, 7.231882936514538)	(51.0, 9.715266122511444)	(52.0, 10.598205304037585)	(53.0, 9.375858857808742)	(54.0, 9.320358298800752)	(55.0, 7.104605212251023)	(56.0, 3.6264812378761535)	(57.0, 1.0846623671523279)	(58.0, 2.1631876532604304)	(59.0, 3.416219504710985)	(60.0, 0.6846847808395572)	(61.0, 0.17023729157273684)	(62.0, 0.1504919003871845)	(63.0, 0.27323352127035067)	(64.0, 0.27323352127035067)	(65.0, 0.08591913461821567)	(66.0, 0.0795152239634418)	(67.0, 1.21087277297351)	(68.0, 1.075856990002013)	(69.0, 0.028283938725251073)	(70.0, 0.006937569876004977)	(71.0, 0.006403910654773826)	(72.0, 0.004269273769849217)	(73.0, 0.004269273769849217)	(74.0, 0.003201955327386912)	(75.0, 0.0021346368849246085)	(76.0, 0.0)	(77.0, 0.0)	(78.0, 0.0005336592212311521)	(79.0, 0.0010673184424623043)	(80.0, 0.0010673184424623043)	(81.0, 0.0005336592212311521)	(82.0, 0.0005336592212311521)	(83.0, 0.0010673184424623043)	(84.0, 0.0005336592212311521)	(85.0, 0.0010673184424623043)	(86.0, 0.0005336592212311521)	(87.0, 0.0010673184424623043)	(88.0, 0.0010673184424623043)	(89.0, 0.0005336592212311521)	(90.0, 0.0005336592212311521)	(91.0, 0.0)	(92.0, 0.0)	(93.0, 0.0)	(94.0, 0.0)	(95.0, 0.0)	(96.0, 0.0)	(97.0, 0.0005336592212311521)	(98.0, 0.0005336592212311521)	(99.0, 0.0)	(100.0, 0.0008004888318467282)
SRR3667004_1	(0.0, 0.0)	(1.0, 0.0)	(2.0, 0.0)	(3.0, 0.0)	(4.0, 0.0)	(5.0, 0.0)	(6.0, 0.0)	(7.0, 0.0)	(8.0, 0.0)	(9.0, 0.0)	(10.0, 0.0)	(11.0, 0.0)	(12.0, 0.0)	(13.0, 0.0)	(14.0, 0.0)	(15.0, 0.0)	(16.0, 0.0)	(17.0, 0.0)	(18.0, 0.0)	(19.0, 0.0)	(20.0, 0.0)	(21.0, 0.0)	(22.0, 0.0)	(23.0, 0.0)	(24.0, 0.0)	(25.0, 0.0)	(26.0, 0.0)	(27.0, 0.0)	(28.0, 0.0)	(29.0, 0.0)	(30.0, 0.0)	(31.0, 0.0)	(32.0, 0.0)	(33.0, 0.00025414704439686203)	(34.0, 0.0005082940887937241)	(35.0, 0.0005082940887937241)	(36.0, 0.0007624411331905862)	(37.0, 0.0007624411331905862)	(38.0, 0.0010165881775874481)	(39.0, 0.00127073522198431)	(40.0, 0.003558058621556068)	(41.0, 0.004574646799143515)	(42.0, 0.006353676109921549)	(43.0, 0.009403440642683898)	(44.0, 0.029735204194432863)	(45.0, 0.3812205665952847)	(46.0, 0.8668955684377122)	(47.0, 0.7964968371397975)	(48.0, 1.0258645447079133)	(49.0, 3.438609510689824)	(50.0, 6.775814350663431)	(51.0, 9.106978115397887)	(52.0, 11.705377497316132)	(53.0, 10.39092898369317)	(54.0, 11.24473597934598)	(55.0, 14.020148777678621)	(56.0, 12.020519832368812)	(57.0, 7.714125238578351)	(58.0, 4.2174431282433)	(59.0, 2.0254248703208613)	(60.0, 1.237187812123856)	(61.0, 0.6978877839138092)	(62.0, 0.7004292543577781)	(63.0, 0.7535459866367283)	(64.0, 0.4871998841087867)	(65.0, 0.213991811382159)	(66.0, 0.09581343573761644)	(67.0, 0.019315175374161497)	(68.0, 0.004828793843540378)	(69.0, 0.00025414704439686203)	(70.0, 0.00025414704439686203)	(71.0, 0.0)	(72.0, 0.0)	(73.0, 0.0)	(74.0, 0.0)	(75.0, 0.0)	(76.0, 0.0)	(77.0, 0.0)	(78.0, 0.0)	(79.0, 0.0)	(80.0, 0.0)	(81.0, 0.0)	(82.0, 0.0)	(83.0, 0.0)	(84.0, 0.0)	(85.0, 0.0)	(86.0, 0.0)	(87.0, 0.0)	(88.0, 0.0)	(89.0, 0.0)	(90.0, 0.0)	(91.0, 0.0)	(92.0, 0.0)	(93.0, 0.0)	(94.0, 0.0)	(95.0, 0.0)	(96.0, 0.0)	(97.0, 0.0)	(98.0, 0.0)	(99.0, 0.0)	(100.0, 0.0)
SRR3667004_2	(0.0, 0.0)	(1.0, 0.0)	(2.0, 0.0)	(3.0, 0.0)	(4.0, 0.0)	(5.0, 0.0)	(6.0, 0.0)	(7.0, 0.0)	(8.0, 0.0)	(9.0, 0.0)	(10.0, 0.0)	(11.0, 0.0)	(12.0, 0.0)	(13.0, 0.0)	(14.0, 0.0)	(15.0, 0.0)	(16.0, 0.0)	(17.0, 0.0002537581583247422)	(18.0, 0.0002537581583247422)	(19.0, 0.0)	(20.0, 0.0)	(21.0, 0.0)	(22.0, 0.0)	(23.0, 0.0002537581583247422)	(24.0, 0.0)	(25.0, 0.0)	(26.0, 0.0005075163166494844)	(27.0, 0.0)	(28.0, 0.0005075163166494844)	(29.0, 0.0005075163166494844)	(30.0, 0.0005075163166494844)	(31.0, 0.0005075163166494844)	(32.0, 0.0005075163166494844)	(33.0, 0.0005075163166494844)	(34.0, 0.00228382342492268)	(35.0, 0.001268790791623711)	(36.0, 0.0032988560582216486)	(37.0, 0.0030450978998969066)	(38.0, 0.004060130533195875)	(39.0, 0.0063439539581185535)	(40.0, 0.00710522843309278)	(41.0, 0.011165358966288664)	(42.0, 0.18752727900198649)	(43.0, 0.7820826439568902)	(44.0, 0.46082481551773097)	(45.0, 0.7376749662500562)	(46.0, 2.4540951491588467)	(47.0, 6.4571300967295215)	(48.0, 9.788213441064473)	(49.0, 5.358357271183786)	(50.0, 5.737725717878931)	(51.0, 10.233559008925205)	(52.0, 9.682142530884537)	(53.0, 6.459160161996123)	(54.0, 8.488717912281103)	(55.0, 7.8615546239803615)	(56.0, 11.103695733822327)	(57.0, 9.340203412541324)	(58.0, 1.5999451882373763)	(59.0, 0.6985962098680415)	(60.0, 0.30856992052288224)	(61.0, 0.17712319451067177)	(62.0, 0.22330717932577374)	(63.0, 0.26796861519092585)	(64.0, 0.12916290258729413)	(65.0, 0.062170748789561775)	(66.0, 0.06876846090600498)	(67.0, 0.6219612460539605)	(68.0, 0.6092733381377221)	(69.0, 0.025629573990798935)	(70.0, 0.006090195799793811)	(71.0, 0.005582679483144326)	(72.0, 0.00355261421654639)	(73.0, 0.0020300652665979375)	(74.0, 0.0025375815832474223)	(75.0, 0.001522548949948453)	(76.0, 0.0002537581583247422)	(77.0, 0.0005075163166494844)	(78.0, 0.0002537581583247422)	(79.0, 0.0005075163166494844)	(80.0, 0.0005075163166494844)	(81.0, 0.0005075163166494844)	(82.0, 0.0007612744749742267)	(83.0, 0.0002537581583247422)	(84.0, 0.0002537581583247422)	(85.0, 0.0007612744749742267)	(86.0, 0.0)	(87.0, 0.0005075163166494844)	(88.0, 0.0005075163166494844)	(89.0, 0.0002537581583247422)	(90.0, 0.0002537581583247422)	(91.0, 0.0002537581583247422)	(92.0, 0.0007612744749742267)	(93.0, 0.0007612744749742267)	(94.0, 0.0)	(95.0, 0.0002537581583247422)	(96.0, 0.0)	(97.0, 0.0)	(98.0, 0.0005075163166494844)	(99.0, 0.0005075163166494844)	(100.0, 0.0015225489499484533)
SRR3667005_1	(0.0, 0.05320854338202231)	(1.0, 0.026604271691011153)	(2.0, 0.0)	(3.0, 0.0)	(4.0, 0.0)	(5.0, 0.0)	(6.0, 0.0)	(7.0, 0.0)	(8.0, 0.0)	(9.0, 0.0)	(10.0, 0.0)	(11.0, 0.0)	(12.0, 0.0)	(13.0, 0.0)	(14.0, 0.0)	(15.0, 0.0)	(16.0, 0.0)	(17.0, 0.0010232412188850445)	(18.0, 0.0010232412188850445)	(19.0, 0.0010232412188850445)	(20.0, 0.0010232412188850445)	(21.0, 0.0013643216251800591)	(22.0, 0.0054572865007202365)	(23.0, 0.009550251376260414)	(24.0, 0.011255653407735487)	(25.0, 0.0252399500658311)	(26.0, 0.0344491210357965)	(27.0, 0.055255025819792386)	(28.0, 0.06889824207159294)	(29.0, 0.08629334279263876)	(30.0, 0.1244943482976806)	(31.0, 0.13063379561099087)	(32.0, 0.12244786585991049)	(33.0, 0.12244786585991049)	(34.0, 0.12381218748509057)	(35.0, 0.11153329285846997)	(36.0, 0.1200603030158454)	(37.0, 0.13097487601728594)	(38.0, 0.10982789082699489)	(39.0, 0.12074246382843541)	(40.0, 0.12688191114174566)	(41.0, 0.13268027804876084)	(42.0, 0.1248354287039756)	(43.0, 0.11494409692142009)	(44.0, 0.11937814220325534)	(45.0, 0.12483542870397564)	(46.0, 0.14905213755092145)	(47.0, 0.18281909777412772)	(48.0, 0.47341960393748467)	(49.0, 1.3476086852716123)	(50.0, 6.240066033167836)	(51.0, 16.825496442527125)	(52.0, 18.70553164202863)	(53.0, 9.510344968724395)	(54.0, 8.2906414358144)	(55.0, 14.246587490532672)	(56.0, 10.940154031911797)	(57.0, 5.9214969336881556)	(58.0, 2.469081061169623)	(59.0, 0.980265087691853)	(60.0, 0.47683040800043486)	(61.0, 0.20805904783995863)	(62.0, 0.2046482437770084)	(63.0, 0.23739196278132935)	(64.0, 0.10812248879551983)	(65.0, 0.03547236225468155)	(66.0, 0.0296739953476663)	(67.0, 0.02660427169101116)	(68.0, 0.015689698689570677)	(69.0, 0.008527010157375371)	(70.0, 0.0054572865007202365)	(71.0, 0.007162688532195312)	(72.0, 0.0054572865007202365)	(73.0, 0.0034108040629501476)	(74.0, 0.0017054020314750738)	(75.0, 0.0010232412188850445)	(76.0, 0.0)	(77.0, 0.0)	(78.0, 0.0)	(79.0, 0.0)	(80.0, 0.0)	(81.0, 0.0)	(82.0, 0.0)	(83.0, 0.0)	(84.0, 0.0)	(85.0, 0.0)	(86.0, 0.0)	(87.0, 0.0)	(88.0, 0.0)	(89.0, 0.0)	(90.0, 0.0)	(91.0, 0.0)	(92.0, 0.0)	(93.0, 0.0)	(94.0, 0.0)	(95.0, 0.0)	(96.0, 0.0)	(97.0, 0.0)	(98.0, 0.0)	(99.0, 0.0)	(100.0, 0.0)
SRR3667005_2	(0.0, 0.04515135967163383)	(1.0, 0.022575679835816913)	(2.0, 0.0)	(3.0, 0.0)	(4.0, 0.0)	(5.0, 0.0)	(6.0, 0.0006841115101762702)	(7.0, 0.0006841115101762702)	(8.0, 0.0006841115101762702)	(9.0, 0.0)	(10.0, 0.0)	(11.0, 0.0006841115101762702)	(12.0, 0.0006841115101762702)	(13.0, 0.0)	(14.0, 0.0)	(15.0, 0.0006841115101762702)	(16.0, 0.0006841115101762702)	(17.0, 0.0006841115101762702)	(18.0, 0.0010261672652644054)	(19.0, 0.002394390285616945)	(20.0, 0.002394390285616945)	(21.0, 0.00478878057123389)	(22.0, 0.00957756114246778)	(23.0, 0.010261672652644051)	(24.0, 0.015392508978966078)	(25.0, 0.022233624080728782)	(26.0, 0.03044296220284403)	(27.0, 0.04788780571233891)	(28.0, 0.07525226611938973)	(29.0, 0.09851205746538301)	(30.0, 0.1272447408927865)	(31.0, 0.14297930562684058)	(32.0, 0.13203352146402034)	(33.0, 0.11869334701558304)	(34.0, 0.11287839917908474)	(35.0, 0.11253634342399661)	(36.0, 0.11151017615873215)	(37.0, 0.13442791174963725)	(38.0, 0.13340174448437292)	(39.0, 0.12895501966822712)	(40.0, 0.12827090815805084)	(41.0, 0.16658115272792168)	(42.0, 3.669574140585256)	(43.0, 12.328031469129442)	(44.0, 2.7114759705836047)	(45.0, 0.5801265606294794)	(46.0, 1.2272960492562255)	(47.0, 0.8335898751497749)	(48.0, 2.708055413032726)	(49.0, 2.4022575679839986)	(50.0, 1.2307166068071071)	(51.0, 3.0586625619979846)	(52.0, 3.659654523687703)	(53.0, 2.874294510005522)	(54.0, 12.322558577048042)	(55.0, 14.230887634683013)	(56.0, 17.329570720025025)	(57.0, 12.999144860611755)	(58.0, 2.015734564734465)	(59.0, 0.6420386523004287)	(60.0, 0.4330425859415818)	(61.0, 0.11561484521978979)	(62.0, 0.07627843338465412)	(63.0, 0.07388404309903718)	(64.0, 0.059175645630247325)	(65.0, 0.0530186420386609)	(66.0, 0.036599965794430464)	(67.0, 0.1487942534633389)	(68.0, 0.13887463656578308)	(69.0, 0.029758850692667767)	(70.0, 0.022233624080728782)	(71.0, 0.0136822302035254)	(72.0, 0.007867282367027108)	(73.0, 0.007525226611938973)	(74.0, 0.004446724816145756)	(75.0, 0.002394390285616945)	(76.0, 0.002052334530528811)	(77.0, 0.002052334530528811)	(78.0, 0.0013682230203525404)	(79.0, 0.0)	(80.0, 0.0)	(81.0, 0.0)	(82.0, 0.0)	(83.0, 0.0)	(84.0, 0.0006841115101762702)	(85.0, 0.0)	(86.0, 0.0)	(87.0, 0.0)	(88.0, 0.0)	(89.0, 0.0)	(90.0, 0.0)	(91.0, 0.0)	(92.0, 0.0)	(93.0, 0.0006841115101762702)	(94.0, 0.0006841115101762702)	(95.0, 0.0)	(96.0, 0.0)	(97.0, 0.0)	(98.0, 0.0)	(99.0, 0.0006841115101762702)	(100.0, 0.002052334530528811)
SRR3667006_1	(0.0, 0.0)	(1.0, 0.0)	(2.0, 0.0)	(3.0, 0.0)	(4.0, 0.0)	(5.0, 0.0)	(6.0, 0.0)	(7.0, 0.0)	(8.0, 0.0)	(9.0, 0.0)	(10.0, 0.0)	(11.0, 0.0)	(12.0, 0.0)	(13.0, 0.0)	(14.0, 0.0)	(15.0, 0.0)	(16.0, 0.0)	(17.0, 0.0)	(18.0, 0.0)	(19.0, 0.0)	(20.0, 0.0)	(21.0, 0.0)	(22.0, 0.0)	(23.0, 0.0)	(24.0, 0.0)	(25.0, 0.0)	(26.0, 0.0012395567345117055)	(27.0, 0.0006197783672558528)	(28.0, 0.0)	(29.0, 0.0006197783672558528)	(30.0, 0.0006197783672558528)	(31.0, 0.0)	(32.0, 0.0006197783672558528)	(33.0, 0.0006197783672558528)	(34.0, 0.0012395567345117055)	(35.0, 0.0018593351017675585)	(36.0, 0.0012395567345117055)	(37.0, 0.0018593351017675585)	(38.0, 0.0)	(39.0, 0.0012395567345117055)	(40.0, 0.0012395567345117055)	(41.0, 0.003718670203535116)	(42.0, 0.003098891836279264)	(43.0, 0.004338448570790969)	(44.0, 0.013635124079628755)	(45.0, 0.20762575303070974)	(46.0, 0.7957954235565022)	(47.0, 1.421771574484958)	(48.0, 2.73880060490351)	(49.0, 5.8841758187276625)	(50.0, 8.429605573047494)	(51.0, 8.76986389667065)	(52.0, 12.016572873537486)	(53.0, 11.179252299375591)	(54.0, 6.5687210253620645)	(55.0, 7.877073158639409)	(56.0, 8.041004536778432)	(57.0, 7.018990009173644)	(58.0, 8.358950839180393)	(59.0, 6.35458759947507)	(60.0, 2.431080645561049)	(61.0, 0.4917941344175236)	(62.0, 0.4081240548379826)	(63.0, 0.6073827999107337)	(64.0, 0.3049309566898801)	(65.0, 0.043694374891537595)	(66.0, 0.007437340407070234)	(67.0, 0.003098891836279264)	(68.0, 0.0006197783672558528)	(69.0, 0.0006197783672558528)	(70.0, 0.0)	(71.0, 0.0)	(72.0, 0.0)	(73.0, 0.0)	(74.0, 0.0006197783672558528)	(75.0, 0.0)	(76.0, 0.0)	(77.0, 0.0)	(78.0, 0.0)	(79.0, 0.0)	(80.0, 0.0)	(81.0, 0.0)	(82.0, 0.0)	(83.0, 0.0)	(84.0, 0.0)	(85.0, 0.0)	(86.0, 0.0)	(87.0, 0.0)	(88.0, 0.0)	(89.0, 0.0)	(90.0, 0.0)	(91.0, 0.0)	(92.0, 0.0)	(93.0, 0.0)	(94.0, 0.0)	(95.0, 0.0)	(96.0, 0.0)	(97.0, 0.0)	(98.0, 0.0)	(99.0, 0.0)	(100.0, 0.0)
SRR3667006_2	(0.0, 0.0)	(1.0, 0.0)	(2.0, 0.0)	(3.0, 0.0)	(4.0, 0.0)	(5.0, 0.0)	(6.0, 0.0)	(7.0, 0.0)	(8.0, 0.0)	(9.0, 0.0)	(10.0, 0.0)	(11.0, 0.0)	(12.0, 0.0)	(13.0, 0.0)	(14.0, 0.0)	(15.0, 0.0)	(16.0, 0.0)	(17.0, 0.0)	(18.0, 0.0)	(19.0, 0.0006213785282649775)	(20.0, 0.0)	(21.0, 0.0)	(22.0, 0.0)	(23.0, 0.0)	(24.0, 0.0)	(25.0, 0.0)	(26.0, 0.001242757056529955)	(27.0, 0.001242757056529955)	(28.0, 0.0006213785282649775)	(29.0, 0.001242757056529955)	(30.0, 0.0018641355847949326)	(31.0, 0.00248551411305991)	(32.0, 0.0006213785282649775)	(33.0, 0.0018641355847949326)	(34.0, 0.001242757056529955)	(35.0, 0.001242757056529955)	(36.0, 0.001242757056529955)	(37.0, 0.0037282711695898647)	(38.0, 0.00497102822611982)	(39.0, 0.00497102822611982)	(40.0, 0.012427570565299546)	(41.0, 0.042253739922018446)	(42.0, 0.16155841734889387)	(43.0, 4.915104158576124)	(44.0, 4.60627903002829)	(45.0, 1.4012085812375532)	(46.0, 2.4668727572119202)	(47.0, 7.835583241422572)	(48.0, 10.137169310113956)	(49.0, 9.591598962297802)	(50.0, 12.780513569350765)	(51.0, 9.192052568623785)	(52.0, 10.16699547947065)	(53.0, 6.77551147220231)	(54.0, 3.583179283239699)	(55.0, 4.148633743960926)	(56.0, 4.996504745778872)	(57.0, 1.4220247619344322)	(58.0, 0.9522625945660567)	(59.0, 2.6781414568219644)	(60.0, 0.9628260295465618)	(61.0, 0.11215882435182874)	(62.0, 0.06151647429823269)	(63.0, 0.148820157519462)	(64.0, 0.04908890373293317)	(65.0, 0.02019480216861177)	(66.0, 0.07083715222220742)	(67.0, 0.3722057384307239)	(68.0, 0.22556040576018566)	(69.0, 0.014913084678359452)	(70.0, 0.027340655243659025)	(71.0, 0.019884112904479282)	(72.0, 0.00248551411305991)	(73.0, 0.004349649697854842)	(74.0, 0.003106892641324887)	(75.0, 0.001242757056529955)	(76.0, 0.0006213785282649775)	(77.0, 0.00248551411305991)	(78.0, 0.0)	(79.0, 0.001242757056529955)	(80.0, 0.0)	(81.0, 0.0)	(82.0, 0.0)	(83.0, 0.0)	(84.0, 0.0)	(85.0, 0.0006213785282649775)	(86.0, 0.0)	(87.0, 0.0006213785282649775)	(88.0, 0.0)	(89.0, 0.0)	(90.0, 0.0006213785282649775)	(91.0, 0.0)	(92.0, 0.0)	(93.0, 0.0)	(94.0, 0.0)	(95.0, 0.0)	(96.0, 0.0006213785282649775)	(97.0, 0.0)	(98.0, 0.0)	(99.0, 0.0006213785282649775)	(100.0, 0.0009320677923974663)
SRR3667007_1	(0.0, 0.0)	(1.0, 0.0)	(2.0, 0.0)	(3.0, 0.0)	(4.0, 0.0)	(5.0, 0.0)	(6.0, 0.0)	(7.0, 0.0)	(8.0, 0.0)	(9.0, 0.0)	(10.0, 0.0)	(11.0, 0.0)	(12.0, 0.0)	(13.0, 0.0)	(14.0, 0.0)	(15.0, 0.0)	(16.0, 0.00033490066846174327)	(17.0, 0.00033490066846174327)	(18.0, 0.001841953676539588)	(19.0, 0.0028466556819248174)	(20.0, 0.0020094040107704594)	(21.0, 0.001339602673846973)	(22.0, 0.001841953676539588)	(23.0, 0.0031815563503865612)	(24.0, 0.003349006684617433)	(25.0, 0.003349006684617433)	(26.0, 0.0036839073530791763)	(27.0, 0.00401880802154092)	(28.0, 0.005023510026926148)	(29.0, 0.00401880802154092)	(30.0, 0.003516457018848305)	(31.0, 0.002846655681924818)	(32.0, 0.007870165708850964)	(33.0, 0.008539967045774451)	(34.0, 0.00937721871692881)	(35.0, 0.00937721871692881)	(36.0, 0.014400728743854967)	(37.0, 0.016912483757318037)	(38.0, 0.01574033141770194)	(39.0, 0.01641013275462543)	(40.0, 0.015740331417701946)	(41.0, 0.015237980415009325)	(42.0, 0.01557288108347107)	(43.0, 0.017917185762703267)	(44.0, 0.023443046792322012)	(45.0, 0.2086431164516676)	(46.0, 0.7471633913381639)	(47.0, 1.412778469905823)	(48.0, 2.5279976958834958)	(49.0, 5.447661723532487)	(50.0, 7.900641669678301)	(51.0, 7.464266098673042)	(52.0, 9.365664643865953)	(53.0, 8.922758509824494)	(54.0, 5.522679473267846)	(55.0, 6.892925558277822)	(56.0, 6.8879020482509015)	(57.0, 5.9555385872542566)	(58.0, 12.273774598458786)	(59.0, 12.897861994138381)	(60.0, 3.7026617905135937)	(61.0, 0.6758295489558045)	(62.0, 0.3730793446663783)	(63.0, 0.3660464306286821)	(64.0, 0.18017655963241858)	(65.0, 0.02779675548232466)	(66.0, 0.004353708690002662)	(67.0, 0.002679205347693946)	(68.0, 0.0020094040107704594)	(69.0, 0.0020094040107704594)	(70.0, 0.00100470200538523)	(71.0, 0.00033490066846174327)	(72.0, 0.00100470200538523)	(73.0, 0.0006698013369234865)	(74.0, 0.0)	(75.0, 0.0)	(76.0, 0.0006698013369234865)	(77.0, 0.0006698013369234865)	(78.0, 0.00033490066846174327)	(79.0, 0.00033490066846174327)	(80.0, 0.0)	(81.0, 0.0)	(82.0, 0.0)	(83.0, 0.0)	(84.0, 0.0)	(85.0, 0.0)	(86.0, 0.0)	(87.0, 0.0)	(88.0, 0.0)	(89.0, 0.0)	(90.0, 0.0)	(91.0, 0.0)	(92.0, 0.0)	(93.0, 0.0)	(94.0, 0.0)	(95.0, 0.0)	(96.0, 0.0)	(97.0, 0.0)	(98.0, 0.0)	(99.0, 0.0)	(100.0, 0.0)
SRR3667007_2	(0.0, 0.0)	(1.0, 0.0)	(2.0, 0.0)	(3.0, 0.0)	(4.0, 0.0)	(5.0, 0.0)	(6.0, 0.0)	(7.0, 0.0)	(8.0, 0.0)	(9.0, 0.0)	(10.0, 0.00033531841837006464)	(11.0, 0.00033531841837006464)	(12.0, 0.0)	(13.0, 0.0)	(14.0, 0.000502977627555097)	(15.0, 0.000502977627555097)	(16.0, 0.0015089328826652908)	(17.0, 0.0015089328826652908)	(18.0, 0.0013412736734802586)	(19.0, 0.00033531841837006464)	(20.0, 0.001005955255110194)	(21.0, 0.0013412736734802586)	(22.0, 0.002682547346960517)	(23.0, 0.0020119105102203876)	(24.0, 0.001676592091850323)	(25.0, 0.004023821020440776)	(26.0, 0.006035731530661162)	(27.0, 0.0030178657653305817)	(28.0, 0.005700413112291098)	(29.0, 0.005029776275550969)	(30.0, 0.005197435484736002)	(31.0, 0.006538709158216259)	(32.0, 0.005029776275550969)	(33.0, 0.008382960459251614)	(34.0, 0.008718278877621678)	(35.0, 0.007544664413326452)	(36.0, 0.015256988035837952)	(37.0, 0.015256988035837952)	(38.0, 0.014251032780727754)	(39.0, 0.016598261709318208)	(40.0, 0.019951445893018845)	(41.0, 0.022969311658349423)	(42.0, 0.0801411019904454)	(43.0, 4.949132195932964)	(44.0, 4.552115188583169)	(45.0, 1.5803557057780364)	(46.0, 2.4158015451471053)	(47.0, 5.896071409409165)	(48.0, 7.919550405061482)	(49.0, 8.320088255804375)	(50.0, 10.132987284725427)	(51.0, 7.46636756263475)	(52.0, 11.791472181986782)	(53.0, 17.035181608464363)	(54.0, 5.877461237189649)	(55.0, 4.3390203337091835)	(56.0, 4.035724824293618)	(57.0, 0.9962310209775047)	(58.0, 0.3738800364826184)	(59.0, 0.9251435162830433)	(60.0, 0.4453028595954382)	(61.0, 0.07913514673533523)	(62.0, 0.04526798647995877)	(63.0, 0.10193679918449929)	(64.0, 0.03587907076559689)	(65.0, 0.012742099898062461)	(66.0, 0.020789741938944003)	(67.0, 0.16430602500133196)	(68.0, 0.11903803852137236)	(69.0, 0.006371049949031227)	(70.0, 0.040238210204407765)	(71.0, 0.03520843392885676)	(72.0, 0.005029776275550969)	(73.0, 0.002682547346960517)	(74.0, 0.0013412736734802586)	(75.0, 0.001676592091850323)	(76.0, 0.001676592091850323)	(77.0, 0.0013412736734802586)	(78.0, 0.00033531841837006464)	(79.0, 0.00033531841837006464)	(80.0, 0.001005955255110194)	(81.0, 0.0006706368367401293)	(82.0, 0.0)	(83.0, 0.00033531841837006464)	(84.0, 0.00033531841837006464)	(85.0, 0.0006706368367401293)	(86.0, 0.00033531841837006464)	(87.0, 0.00033531841837006464)	(88.0, 0.00033531841837006464)	(89.0, 0.0)	(90.0, 0.0)	(91.0, 0.0)	(92.0, 0.0)	(93.0, 0.00033531841837006464)	(94.0, 0.00033531841837006464)	(95.0, 0.0)	(96.0, 0.00033531841837006464)	(97.0, 0.0)	(98.0, 0.00033531841837006464)	(99.0, 0.0006706368367401293)	(100.0, 0.002011910510220388)
SRR3667008_1	(0.0, 0.0)	(1.0, 0.0)	(2.0, 0.0)	(3.0, 0.0)	(4.0, 0.0)	(5.0, 0.0)	(6.0, 0.0)	(7.0, 0.0)	(8.0, 0.0)	(9.0, 0.0)	(10.0, 0.0)	(11.0, 0.0)	(12.0, 0.0)	(13.0, 0.0)	(14.0, 0.0)	(15.0, 0.0)	(16.0, 0.0)	(17.0, 0.0)	(18.0, 0.0)	(19.0, 0.0)	(20.0, 0.0)	(21.0, 0.0)	(22.0, 0.0)	(23.0, 0.0)	(24.0, 0.0)	(25.0, 0.0)	(26.0, 0.0)	(27.0, 0.0)	(28.0, 0.0)	(29.0, 0.0)	(30.0, 0.0)	(31.0, 0.0)	(32.0, 0.0)	(33.0, 0.0015606264354511893)	(34.0, 0.0023409396531767837)	(35.0, 0.0007803132177255946)	(36.0, 0.0)	(37.0, 0.0)	(38.0, 0.0015606264354511893)	(39.0, 0.0023409396531767837)	(40.0, 0.007022818959530352)	(41.0, 0.01170469826588392)	(42.0, 0.01014407183043273)	(43.0, 0.012745115889518046)	(44.0, 0.022889187719950774)	(45.0, 0.2928775610530065)	(46.0, 3.08743929813427)	(47.0, 10.487149541826085)	(48.0, 10.607057672949919)	(49.0, 4.781759398222442)	(50.0, 3.080156374768833)	(51.0, 8.929384254839892)	(52.0, 12.775027896197546)	(53.0, 10.089189800786045)	(54.0, 11.329107503752011)	(55.0, 11.054957459924417)	(56.0, 5.665854273905533)	(57.0, 2.240279248090184)	(58.0, 1.1174085277830512)	(59.0, 0.7834344705964986)	(60.0, 0.9020420796907876)	(61.0, 0.4047224555936749)	(62.0, 0.13577449988425347)	(63.0, 0.08557434954390689)	(64.0, 0.10248113592796142)	(65.0, 0.1180874002824733)	(66.0, 0.36986846520193184)	(67.0, 1.1041432030817164)	(68.0, 0.3448984422347129)	(69.0, 0.02340939653176784)	(70.0, 0.006242505741804757)	(71.0, 0.004681879306353567)	(72.0, 0.0015606264354511893)	(73.0, 0.0)	(74.0, 0.0)	(75.0, 0.0)	(76.0, 0.0)	(77.0, 0.0)	(78.0, 0.0)	(79.0, 0.0)	(80.0, 0.0)	(81.0, 0.0007803132177255946)	(82.0, 0.0015606264354511893)	(83.0, 0.0)	(84.0, 0.0)	(85.0, 0.0)	(86.0, 0.0)	(87.0, 0.0)	(88.0, 0.0)	(89.0, 0.0)	(90.0, 0.0)	(91.0, 0.0)	(92.0, 0.0)	(93.0, 0.0)	(94.0, 0.0)	(95.0, 0.0)	(96.0, 0.0)	(97.0, 0.0)	(98.0, 0.0)	(99.0, 0.0)	(100.0, 0.0)
SRR3667008_2	(0.0, 0.0)	(1.0, 0.0)	(2.0, 0.0)	(3.0, 0.0)	(4.0, 0.0)	(5.0, 0.0)	(6.0, 0.0)	(7.0, 0.0)	(8.0, 0.0)	(9.0, 0.0)	(10.0, 0.0)	(11.0, 0.0)	(12.0, 0.0)	(13.0, 0.0)	(14.0, 0.0)	(15.0, 0.0)	(16.0, 0.0)	(17.0, 0.0)	(18.0, 0.0)	(19.0, 0.0)	(20.0, 0.0)	(21.0, 0.0)	(22.0, 0.0)	(23.0, 0.0)	(24.0, 0.0)	(25.0, 0.0)	(26.0, 0.0)	(27.0, 0.0)	(28.0, 0.0)	(29.0, 0.0)	(30.0, 0.0)	(31.0, 0.0)	(32.0, 0.0)	(33.0, 0.0)	(34.0, 0.0007362830468374193)	(35.0, 0.0014725660936748385)	(36.0, 0.0014725660936748385)	(37.0, 0.000981710729116559)	(38.0, 0.0036814152341870967)	(39.0, 0.0007362830468374193)	(40.0, 0.003190559869628817)	(41.0, 0.002945132187349677)	(42.0, 0.004663125963303655)	(43.0, 0.03264188174312559)	(44.0, 0.065038335803972)	(45.0, 0.16320940871562822)	(46.0, 0.6562736224144218)	(47.0, 2.9613304143801225)	(48.0, 5.884864965689167)	(49.0, 10.509213355192864)	(50.0, 9.122301522633514)	(51.0, 5.127475138175677)	(52.0, 7.53389356292281)	(53.0, 14.09073952269228)	(54.0, 16.02397337600473)	(55.0, 13.385380363822087)	(56.0, 6.111394716432813)	(57.0, 2.7024042095756178)	(58.0, 1.3594239321441524)	(59.0, 1.0526393292952285)	(60.0, 0.5092624407292152)	(61.0, 0.22579346769680853)	(62.0, 0.13032209929022326)	(63.0, 0.10896989093193805)	(64.0, 0.0797639967407204)	(65.0, 0.09228080853695653)	(66.0, 0.12688611173831532)	(67.0, 0.36077869295033477)	(68.0, 0.6432659552536264)	(69.0, 0.5043538870836324)	(70.0, 0.2395374179044404)	(71.0, 0.09768021754709762)	(72.0, 0.04172270598745376)	(73.0, 0.013498522525352689)	(74.0, 0.004417698281024516)	(75.0, 0.002208849140512258)	(76.0, 0.002945132187349677)	(77.0, 0.0007362830468374193)	(78.0, 0.0014725660936748385)	(79.0, 0.0007362830468374193)	(80.0, 0.0007362830468374193)	(81.0, 0.0007362830468374193)	(82.0, 0.0014725660936748385)	(83.0, 0.0007362830468374193)	(84.0, 0.0)	(85.0, 0.0014725660936748385)	(86.0, 0.0014725660936748385)	(87.0, 0.000981710729116559)	(88.0, 0.0007362830468374193)	(89.0, 0.0007362830468374193)	(90.0, 0.0)	(91.0, 0.0007362830468374193)	(92.0, 0.0)	(93.0, 0.0007362830468374193)	(94.0, 0.0)	(95.0, 0.0)	(96.0, 0.0)	(97.0, 0.0)	(98.0, 0.0)	(99.0, 0.0007362830468374193)	(100.0, 0.0)
SRR3667009_1	(0.0, 0.0)	(1.0, 0.0)	(2.0, 0.0)	(3.0, 0.0)	(4.0, 0.0)	(5.0, 0.0)	(6.0, 0.0)	(7.0, 0.0)	(8.0, 0.0)	(9.0, 0.0)	(10.0, 0.0)	(11.0, 0.0)	(12.0, 0.0)	(13.0, 0.0)	(14.0, 0.0)	(15.0, 0.0)	(16.0, 0.0)	(17.0, 0.0)	(18.0, 0.0)	(19.0, 0.0)	(20.0, 0.00035138886448694183)	(21.0, 0.0)	(22.0, 0.0)	(23.0, 0.00035138886448694183)	(24.0, 0.00035138886448694183)	(25.0, 0.0)	(26.0, 0.00035138886448694183)	(27.0, 0.00035138886448694183)	(28.0, 0.0010541665934608254)	(29.0, 0.0010541665934608254)	(30.0, 0.00035138886448694183)	(31.0, 0.0014055554579477673)	(32.0, 0.0014055554579477673)	(33.0, 0.001756944322434709)	(34.0, 0.0014055554579477673)	(35.0, 0.0010541665934608254)	(36.0, 0.0014055554579477673)	(37.0, 0.0014055554579477673)	(38.0, 0.002986805348139006)	(39.0, 0.002284027619165122)	(40.0, 0.003513888644869419)	(41.0, 0.00035138886448694183)	(42.0, 0.003162499780382477)	(43.0, 0.006676388425251893)	(44.0, 0.0063249995607649505)	(45.0, 0.007027777289738835)	(46.0, 0.03232777553279861)	(47.0, 0.21469859620152298)	(48.0, 1.5498005868195992)	(49.0, 5.227963525836678)	(50.0, 6.146318323172468)	(51.0, 7.105785617653189)	(52.0, 21.39448670871726)	(53.0, 22.521390797122784)	(54.0, 8.792803556053897)	(55.0, 6.785494667673636)	(56.0, 6.284062758051225)	(57.0, 4.085246938525859)	(58.0, 2.86733313421357)	(59.0, 2.346926225908174)	(60.0, 1.2924082435829731)	(61.0, 0.5898062090413253)	(62.0, 0.5706555159267849)	(63.0, 0.7291318938104137)	(64.0, 0.6124707908007356)	(65.0, 0.5845353760740207)	(66.0, 0.15179998945835857)	(67.0, 0.02775972029446838)	(68.0, 0.024597220514085912)	(69.0, 0.008784721612173543)	(70.0, 0.001756944322434709)	(71.0, 0.0014055554579477673)	(72.0, 0.00035138886448694183)	(73.0, 0.00035138886448694183)	(74.0, 0.00035138886448694183)	(75.0, 0.0007027777289738837)	(76.0, 0.0)	(77.0, 0.00035138886448694183)	(78.0, 0.0007027777289738837)	(79.0, 0.00035138886448694183)	(80.0, 0.0)	(81.0, 0.0)	(82.0, 0.00035138886448694183)	(83.0, 0.00035138886448694183)	(84.0, 0.0)	(85.0, 0.0)	(86.0, 0.0)	(87.0, 0.0)	(88.0, 0.0)	(89.0, 0.0)	(90.0, 0.0)	(91.0, 0.0)	(92.0, 0.0)	(93.0, 0.0)	(94.0, 0.0)	(95.0, 0.0)	(96.0, 0.0)	(97.0, 0.0)	(98.0, 0.0)	(99.0, 0.0)	(100.0, 0.0)
SRR3667009_2	(0.0, 0.0)	(1.0, 0.0)	(2.0, 0.0)	(3.0, 0.0)	(4.0, 0.0)	(5.0, 0.0)	(6.0, 0.0)	(7.0, 0.0)	(8.0, 0.0)	(9.0, 0.0)	(10.0, 0.0)	(11.0, 0.0)	(12.0, 0.0)	(13.0, 0.0)	(14.0, 0.0)	(15.0, 0.0)	(16.0, 0.0)	(17.0, 0.0)	(18.0, 0.0)	(19.0, 0.0)	(20.0, 0.0)	(21.0, 0.0)	(22.0, 0.00035000831269736845)	(23.0, 0.0)	(24.0, 0.0)	(25.0, 0.0)	(26.0, 0.0)	(27.0, 0.0)	(28.0, 0.00035000831269736845)	(29.0, 0.00035000831269736845)	(30.0, 0.0010500249380921054)	(31.0, 0.0007000166253947369)	(32.0, 0.0014000332507894738)	(33.0, 0.001750041563486842)	(34.0, 0.001750041563486842)	(35.0, 0.0007000166253947369)	(36.0, 0.003850091439671053)	(37.0, 0.005950141315855262)	(38.0, 0.005250124690460526)	(39.0, 0.0047251122214144745)	(40.0, 0.00717517041029605)	(41.0, 0.013650324195197376)	(42.0, 0.03430081464434206)	(43.0, 0.39655941828611424)	(44.0, 0.47636131358110967)	(45.0, 0.8991713553195684)	(46.0, 1.412633550046551)	(47.0, 4.024745587707696)	(48.0, 7.053367517475648)	(49.0, 12.028560678317213)	(50.0, 13.010859007904163)	(51.0, 11.712853180263615)	(52.0, 14.88847860137261)	(53.0, 10.651452972006918)	(54.0, 8.313397443185034)	(55.0, 3.8392411819780037)	(56.0, 4.4370553800651935)	(57.0, 1.6781148552274465)	(58.0, 1.2187289448122522)	(59.0, 0.7757934250937313)	(60.0, 0.33128286796805884)	(61.0, 0.10937759771792724)	(62.0, 0.44783563609627575)	(63.0, 0.7194420867494493)	(64.0, 0.17710420622486886)	(65.0, 0.039725943491151314)	(66.0, 0.06020142978394751)	(67.0, 0.5638633917554513)	(68.0, 0.5250124690460412)	(69.0, 0.02765065670309208)	(70.0, 0.00840019950473684)	(71.0, 0.03675087283322366)	(72.0, 0.030800731517368386)	(73.0, 0.004900116377763157)	(74.0, 0.003150074814276316)	(75.0, 0.001750041563486842)	(76.0, 0.0010500249380921054)	(77.0, 0.00035000831269736845)	(78.0, 0.001750041563486842)	(79.0, 0.0010500249380921054)	(80.0, 0.00035000831269736845)	(81.0, 0.0007000166253947369)	(82.0, 0.0007000166253947369)	(83.0, 0.001750041563486842)	(84.0, 0.00035000831269736845)	(85.0, 0.0)	(86.0, 0.0)	(87.0, 0.00035000831269736845)	(88.0, 0.00035000831269736845)	(89.0, 0.0)	(90.0, 0.00035000831269736845)	(91.0, 0.0)	(92.0, 0.0)	(93.0, 0.0)	(94.0, 0.0)	(95.0, 0.00035000831269736845)	(96.0, 0.00035000831269736845)	(97.0, 0.0)	(98.0, 0.0)	(99.0, 0.0007000166253947369)	(100.0, 0.001575037407138158)
SRR3667010_1	(0.0, 0.002566888845156645)	(1.0, 0.0012834444225783225)	(2.0, 0.0)	(3.0, 0.0)	(4.0, 0.0)	(5.0, 0.0)	(6.0, 0.0)	(7.0, 0.0)	(8.0, 0.0)	(9.0, 0.0)	(10.0, 0.0)	(11.0, 0.0)	(12.0, 0.0)	(13.0, 0.0)	(14.0, 0.0)	(15.0, 0.0)	(16.0, 0.0)	(17.0, 0.0)	(18.0, 0.0004278148075261075)	(19.0, 0.0004278148075261075)	(20.0, 0.0)	(21.0, 0.0)	(22.0, 0.0)	(23.0, 0.0)	(24.0, 0.0)	(25.0, 0.000855629615052215)	(26.0, 0.000855629615052215)	(27.0, 0.0)	(28.0, 0.0004278148075261075)	(29.0, 0.0004278148075261075)	(30.0, 0.0004278148075261075)	(31.0, 0.0012834444225783225)	(32.0, 0.0012834444225783225)	(33.0, 0.000855629615052215)	(34.0, 0.000855629615052215)	(35.0, 0.0012834444225783225)	(36.0, 0.002139074037630537)	(37.0, 0.00171125923010443)	(38.0, 0.00171125923010443)	(39.0, 0.0012834444225783225)	(40.0, 0.0012834444225783225)	(41.0, 0.0025668888451566446)	(42.0, 0.004705962882787183)	(43.0, 0.00812848134299604)	(44.0, 0.007272851727943825)	(45.0, 0.008556296150522147)	(46.0, 0.18716897829267176)	(47.0, 0.8522070965920132)	(48.0, 2.006023632489821)	(49.0, 4.272586482763744)	(50.0, 5.335492372062733)	(51.0, 11.288963233592746)	(52.0, 16.415040257379886)	(53.0, 11.401264620568552)	(54.0, 6.3308035217713226)	(55.0, 6.023846397371618)	(56.0, 7.10792911964179)	(57.0, 6.7738057549642)	(58.0, 6.99969197333778)	(59.0, 6.093366303594543)	(60.0, 3.8745048043605195)	(61.0, 2.2849588869967796)	(62.0, 1.1268642030238056)	(63.0, 0.9093203733967553)	(64.0, 0.32086110564458414)	(65.0, 0.11294310918689217)	(66.0, 0.10866496111163115)	(67.0, 0.07914573939233009)	(68.0, 0.030802666141879716)	(69.0, 0.00812848134299604)	(70.0, 0.000855629615052215)	(71.0, 0.0)	(72.0, 0.0)	(73.0, 0.0012834444225783225)	(74.0, 0.000855629615052215)	(75.0, 0.0)	(76.0, 0.0)	(77.0, 0.0)	(78.0, 0.0)	(79.0, 0.0)	(80.0, 0.0)	(81.0, 0.0)	(82.0, 0.0)	(83.0, 0.0)	(84.0, 0.0)	(85.0, 0.0)	(86.0, 0.0)	(87.0, 0.0)	(88.0, 0.0)	(89.0, 0.0)	(90.0, 0.0)	(91.0, 0.0)	(92.0, 0.0)	(93.0, 0.0)	(94.0, 0.0)	(95.0, 0.0)	(96.0, 0.0)	(97.0, 0.0)	(98.0, 0.0)	(99.0, 0.0)	(100.0, 0.0)
SRR3667010_2	(0.0, 0.002570451799744444)	(1.0, 0.0017136345331629625)	(2.0, 0.0)	(3.0, 0.0)	(4.0, 0.0)	(5.0, 0.0)	(6.0, 0.0)	(7.0, 0.0)	(8.0, 0.0)	(9.0, 0.0)	(10.0, 0.0)	(11.0, 0.0)	(12.0, 0.0)	(13.0, 0.0)	(14.0, 0.0)	(15.0, 0.0004284086332907406)	(16.0, 0.0004284086332907406)	(17.0, 0.0)	(18.0, 0.0)	(19.0, 0.0)	(20.0, 0.0)	(21.0, 0.0)	(22.0, 0.0)	(23.0, 0.0)	(24.0, 0.0)	(25.0, 0.0)	(26.0, 0.0004284086332907406)	(27.0, 0.0008568172665814812)	(28.0, 0.0004284086332907406)	(29.0, 0.001285225899872222)	(30.0, 0.001285225899872222)	(31.0, 0.0017136345331629625)	(32.0, 0.0004284086332907406)	(33.0, 0.0021420431664537034)	(34.0, 0.0004284086332907406)	(35.0, 0.0017136345331629625)	(36.0, 0.002570451799744444)	(37.0, 0.002570451799744444)	(38.0, 0.002570451799744444)	(39.0, 0.0021420431664537034)	(40.0, 0.0038556776996166663)	(41.0, 0.008996581299105551)	(42.0, 0.020992023031246306)	(43.0, 0.4164131915585987)	(44.0, 0.5243721671478592)	(45.0, 1.5581221992784284)	(46.0, 3.7740658549750594)	(47.0, 3.713446033364392)	(48.0, 5.525186143551402)	(49.0, 4.0240422925003205)	(50.0, 3.9599952018233258)	(51.0, 7.676868504252192)	(52.0, 10.93234570862667)	(53.0, 14.90733521262203)	(54.0, 17.345837153317365)	(55.0, 8.971090985422354)	(56.0, 4.936766885726648)	(57.0, 2.698117572464878)	(58.0, 4.05167464934758)	(59.0, 1.929980892974708)	(60.0, 0.567855643426867)	(61.0, 0.22727077996073877)	(62.0, 0.2943167310707415)	(63.0, 0.15658335546776492)	(64.0, 0.033844282029968475)	(65.0, 0.030845421596933306)	(66.0, 0.06211925182715749)	(67.0, 0.76513781905726)	(68.0, 0.7030185672300955)	(69.0, 0.03641473382971292)	(70.0, 0.01542271079846667)	(71.0, 0.03898518562945735)	(72.0, 0.033415873396677745)	(73.0, 0.00642612949936111)	(74.0, 0.005140903599488888)	(75.0, 0.0029988604330351844)	(76.0, 0.0017136345331629625)	(77.0, 0.0017136345331629625)	(78.0, 0.0004284086332907406)	(79.0, 0.0021420431664537034)	(80.0, 0.001285225899872222)	(81.0, 0.0008568172665814812)	(82.0, 0.0)	(83.0, 0.0)	(84.0, 0.0)	(85.0, 0.0)	(86.0, 0.0008568172665814812)	(87.0, 0.0004284086332907406)	(88.0, 0.001285225899872222)	(89.0, 0.0)	(90.0, 0.0)	(91.0, 0.0004284086332907406)	(92.0, 0.0004284086332907406)	(93.0, 0.0)	(94.0, 0.0)	(95.0, 0.0)	(96.0, 0.0004284086332907406)	(97.0, 0.0)	(98.0, 0.0004284086332907406)	(99.0, 0.0)	(100.0, 0.002570451799744444)
SRR3667011_1	(0.0, 0.0)	(1.0, 0.0)	(2.0, 0.0)	(3.0, 0.0)	(4.0, 0.0)	(5.0, 0.0)	(6.0, 0.0)	(7.0, 0.0)	(8.0, 0.0)	(9.0, 0.0)	(10.0, 0.0)	(11.0, 0.0)	(12.0, 0.0)	(13.0, 0.0)	(14.0, 0.0)	(15.0, 0.0)	(16.0, 0.0)	(17.0, 0.0)	(18.0, 0.0)	(19.0, 0.0)	(20.0, 0.0)	(21.0, 0.0)	(22.0, 0.0)	(23.0, 0.0)	(24.0, 0.0)	(25.0, 0.0)	(26.0, 0.0)	(27.0, 0.0005801428698507402)	(28.0, 0.0011602857397014805)	(29.0, 0.0005801428698507402)	(30.0, 0.0003867619132338268)	(31.0, 0.0)	(32.0, 0.0)	(33.0, 0.0)	(34.0, 0.0003867619132338268)	(35.0, 0.0)	(36.0, 0.0007735238264676536)	(37.0, 0.001933809566169134)	(38.0, 0.004641142958805922)	(39.0, 0.011989619310248632)	(40.0, 0.015857238442586907)	(41.0, 0.027460095839601684)	(42.0, 0.04409085810865625)	(43.0, 0.060334858464477094)	(44.0, 0.0808332398658699)	(45.0, 0.2494614340358203)	(46.0, 0.557323916969933)	(47.0, 0.8435277327629911)	(48.0, 1.5509152720676167)	(49.0, 3.71929593861349)	(50.0, 5.4786758819139765)	(51.0, 6.536663095564149)	(52.0, 10.552412040670177)	(53.0, 12.601670037943336)	(54.0, 12.103327312740642)	(55.0, 12.327842603373288)	(56.0, 10.739218044762456)	(57.0, 7.3289448748229225)	(58.0, 5.206588875954228)	(59.0, 3.6235723650880742)	(60.0, 1.9699718050563733)	(61.0, 0.8940001624400111)	(62.0, 1.1078795004583415)	(63.0, 1.2948788855068818)	(64.0, 0.720924206267854)	(65.0, 0.23360419559323295)	(66.0, 0.07058404916517358)	(67.0, 0.019144714705074437)	(68.0, 0.012956524093333201)	(69.0, 0.004061000088955182)	(70.0, 0.0007735238264676536)	(71.0, 0.0007735238264676536)	(72.0, 0.0)	(73.0, 0.0)	(74.0, 0.0)	(75.0, 0.0)	(76.0, 0.0)	(77.0, 0.0)	(78.0, 0.0)	(79.0, 0.0)	(80.0, 0.0)	(81.0, 0.0)	(82.0, 0.0)	(83.0, 0.0)	(84.0, 0.0)	(85.0, 0.0)	(86.0, 0.0)	(87.0, 0.0)	(88.0, 0.0)	(89.0, 0.0)	(90.0, 0.0)	(91.0, 0.0)	(92.0, 0.0)	(93.0, 0.0)	(94.0, 0.0)	(95.0, 0.0)	(96.0, 0.0)	(97.0, 0.0)	(98.0, 0.0)	(99.0, 0.0)	(100.0, 0.0)
SRR3667011_2	(0.0, 0.0034722289201947866)	(1.0, 0.0017361144600973933)	(2.0, 0.0)	(3.0, 0.0)	(4.0, 0.0)	(5.0, 0.0)	(6.0, 0.0)	(7.0, 0.0)	(8.0, 0.0)	(9.0, 0.0)	(10.0, 0.0)	(11.0, 0.0)	(12.0, 0.0)	(13.0, 0.0)	(14.0, 0.0)	(15.0, 0.0)	(16.0, 0.0)	(17.0, 0.0)	(18.0, 0.0)	(19.0, 0.0)	(20.0, 0.0)	(21.0, 0.0)	(22.0, 0.0)	(23.0, 0.0)	(24.0, 0.0)	(25.0, 0.0)	(26.0, 0.0)	(27.0, 0.0009645080333874408)	(28.0, 0.0019290160667748816)	(29.0, 0.0009645080333874408)	(30.0, 0.0003858032133549763)	(31.0, 0.0003858032133549763)	(32.0, 0.0003858032133549763)	(33.0, 0.0)	(34.0, 0.0)	(35.0, 0.0003858032133549763)	(36.0, 0.0007716064267099526)	(37.0, 0.0019290160667748816)	(38.0, 0.004243835346904741)	(39.0, 0.006944457840389572)	(40.0, 0.006558654627034597)	(41.0, 0.009259277120519428)	(42.0, 0.022376586374588628)	(43.0, 0.2079479319983331)	(44.0, 0.2773925104022308)	(45.0, 0.4540903821188015)	(46.0, 1.7557904239784212)	(47.0, 5.1076487416070595)	(48.0, 6.794380390393482)	(49.0, 5.31443926396514)	(50.0, 7.861512078532376)	(51.0, 11.263717715505003)	(52.0, 14.335289998636233)	(53.0, 10.888909893729961)	(54.0, 7.901442711114583)	(55.0, 5.741909224362064)	(56.0, 8.765641909028945)	(57.0, 6.2430675985097235)	(58.0, 1.4776263071495466)	(59.0, 1.250774017696872)	(60.0, 0.5817912457392914)	(61.0, 0.38117357479471514)	(62.0, 0.32966884581182876)	(63.0, 0.4020069483158827)	(64.0, 0.3553247594999332)	(65.0, 0.14756972910827762)	(66.0, 0.089313443891677)	(67.0, 0.913582009224607)	(68.0, 1.0106115173833947)	(69.0, 0.030285552248365617)	(70.0, 0.010802489973939336)	(71.0, 0.015817931747554036)	(72.0, 0.012345702827359244)	(73.0, 0.001157409640064929)	(74.0, 0.0019290160667748816)	(75.0, 0.0019290160667748816)	(76.0, 0.001157409640064929)	(77.0, 0.0023148192801298578)	(78.0, 0.0007716064267099526)	(79.0, 0.0007716064267099526)	(80.0, 0.0003858032133549763)	(81.0, 0.0)	(82.0, 0.0)	(83.0, 0.0007716064267099526)	(84.0, 0.001157409640064929)	(85.0, 0.0003858032133549763)	(86.0, 0.0)	(87.0, 0.0)	(88.0, 0.0003858032133549763)	(89.0, 0.0003858032133549763)	(90.0, 0.0)	(91.0, 0.0)	(92.0, 0.0)	(93.0, 0.0)	(94.0, 0.0)	(95.0, 0.0003858032133549763)	(96.0, 0.0)	(97.0, 0.0)	(98.0, 0.0)	(99.0, 0.0003858032133549763)	(100.0, 0.001157409640064929)
SRR3667012_1	(0.0, 0.0)	(1.0, 0.0)	(2.0, 0.0)	(3.0, 0.0)	(4.0, 0.0)	(5.0, 0.0)	(6.0, 0.0)	(7.0, 0.0)	(8.0, 0.0)	(9.0, 0.0)	(10.0, 0.0)	(11.0, 0.0)	(12.0, 0.0)	(13.0, 0.0)	(14.0, 0.0)	(15.0, 0.0)	(16.0, 0.0)	(17.0, 0.0)	(18.0, 0.0)	(19.0, 0.0)	(20.0, 0.0003735301588250284)	(21.0, 0.0003735301588250284)	(22.0, 0.0)	(23.0, 0.0)	(24.0, 0.0)	(25.0, 0.0003735301588250284)	(26.0, 0.0003735301588250284)	(27.0, 0.0003735301588250284)	(28.0, 0.0003735301588250284)	(29.0, 0.0003735301588250284)	(30.0, 0.0007470603176500568)	(31.0, 0.0014941206353001136)	(32.0, 0.0007470603176500568)	(33.0, 0.0011205904764750854)	(34.0, 0.001867650794125142)	(35.0, 0.0007470603176500568)	(36.0, 0.001867650794125142)	(37.0, 0.0011205904764750854)	(38.0, 0.0014941206353001136)	(39.0, 0.002614711111775199)	(40.0, 0.0033617714294252557)	(41.0, 0.002988241270600227)	(42.0, 0.004108831747075313)	(43.0, 0.002988241270600227)	(44.0, 0.03044270794423979)	(45.0, 0.3120844476983131)	(46.0, 0.6876690223968772)	(47.0, 1.527364819435507)	(48.0, 2.2042014672263046)	(49.0, 1.8609272512661816)	(50.0, 3.1660416262011286)	(51.0, 9.661731088165721)	(52.0, 13.440175409767171)	(53.0, 9.122913834059796)	(54.0, 6.2812831508009745)	(55.0, 6.310605268268714)	(56.0, 6.008045839620715)	(57.0, 7.558569528902007)	(58.0, 13.651406714583098)	(59.0, 10.273199958163408)	(60.0, 4.774649255181586)	(61.0, 2.042089378296281)	(62.0, 0.5933526572935474)	(63.0, 0.243728428633333)	(64.0, 0.11411346352104576)	(65.0, 0.05546922858551682)	(66.0, 0.014567676194176114)	(67.0, 0.014194146035351088)	(68.0, 0.011579434923575882)	(69.0, 0.004108831747075313)	(70.0, 0.0007470603176500568)	(71.0, 0.0)	(72.0, 0.0003735301588250284)	(73.0, 0.0003735301588250284)	(74.0, 0.0003735301588250284)	(75.0, 0.0007470603176500568)	(76.0, 0.0014941206353001136)	(77.0, 0.0011205904764750854)	(78.0, 0.0003735301588250284)	(79.0, 0.0)	(80.0, 0.0)	(81.0, 0.0)	(82.0, 0.0)	(83.0, 0.0)	(84.0, 0.0)	(85.0, 0.0)	(86.0, 0.0)	(87.0, 0.0)	(88.0, 0.0)	(89.0, 0.0)	(90.0, 0.0)	(91.0, 0.0)	(92.0, 0.0)	(93.0, 0.0)	(94.0, 0.0)	(95.0, 0.0)	(96.0, 0.0)	(97.0, 0.0)	(98.0, 0.0)	(99.0, 0.0)	(100.0, 0.0)
SRR3667012_2	(0.0, 0.0)	(1.0, 0.0)	(2.0, 0.0)	(3.0, 0.0)	(4.0, 0.0)	(5.0, 0.0)	(6.0, 0.0)	(7.0, 0.0)	(8.0, 0.0)	(9.0, 0.0)	(10.0, 0.0)	(11.0, 0.0)	(12.0, 0.0)	(13.0, 0.0)	(14.0, 0.0)	(15.0, 0.0)	(16.0, 0.0)	(17.0, 0.0)	(18.0, 0.0)	(19.0, 0.0)	(20.0, 0.00037545641420349554)	(21.0, 0.00037545641420349554)	(22.0, 0.0)	(23.0, 0.0)	(24.0, 0.0007509128284069911)	(25.0, 0.00037545641420349554)	(26.0, 0.0)	(27.0, 0.0)	(28.0, 0.0)	(29.0, 0.00037545641420349554)	(30.0, 0.00037545641420349554)	(31.0, 0.0)	(32.0, 0.0011263692426104867)	(33.0, 0.0011263692426104867)	(34.0, 0.00037545641420349554)	(35.0, 0.00037545641420349554)	(36.0, 0.0015018256568139821)	(37.0, 0.002252738485220973)	(38.0, 0.0011263692426104867)	(39.0, 0.0030036513136279643)	(40.0, 0.005631846213052433)	(41.0, 0.0071336718698664136)	(42.0, 0.01088823601190137)	(43.0, 0.1697062992199799)	(44.0, 0.18847911993015518)	(45.0, 0.4543022611862234)	(46.0, 3.757943249763237)	(47.0, 6.4469620882873935)	(48.0, 4.930118174906651)	(49.0, 3.294254578221709)	(50.0, 4.763603255207553)	(51.0, 6.974666078449926)	(52.0, 9.187606183763318)	(53.0, 10.63630475797003)	(54.0, 13.344284145417662)	(55.0, 6.754085435105579)	(56.0, 7.141744182770338)	(57.0, 15.282390155539622)	(58.0, 4.874550625604576)	(59.0, 0.7709997465668866)	(60.0, 0.40399110168295793)	(61.0, 0.12352516027294956)	(62.0, 0.08034767263954812)	(63.0, 0.13403793987064727)	(64.0, 0.07715629311881847)	(65.0, 0.022151928438006237)	(66.0, 0.016144625810750317)	(67.0, 0.030036513136279617)	(68.0, 0.02815923106526214)	(69.0, 0.008635497526680394)	(70.0, 0.005256389798848937)	(71.0, 0.020650102781192257)	(72.0, 0.02102555919539575)	(73.0, 0.004505476970441947)	(74.0, 0.0030036513136279643)	(75.0, 0.0015018256568139821)	(76.0, 0.0007509128284069911)	(77.0, 0.00037545641420349554)	(78.0, 0.0015018256568139821)	(79.0, 0.0011263692426104867)	(80.0, 0.0011263692426104867)	(81.0, 0.00037545641420349554)	(82.0, 0.0)	(83.0, 0.0)	(84.0, 0.0)	(85.0, 0.0)	(86.0, 0.0007509128284069911)	(87.0, 0.00037545641420349554)	(88.0, 0.0)	(89.0, 0.0007509128284069911)	(90.0, 0.0007509128284069911)	(91.0, 0.0)	(92.0, 0.0)	(93.0, 0.00037545641420349554)	(94.0, 0.0)	(95.0, 0.00037545641420349554)	(96.0, 0.0)	(97.0, 0.0)	(98.0, 0.00037545641420349554)	(99.0, 0.0011263692426104867)	(100.0, 0.0005631846213052434)
SRR3667013_1	(0.0, 0.0)	(1.0, 0.0)	(2.0, 0.0)	(3.0, 0.0)	(4.0, 0.0)	(5.0, 0.0)	(6.0, 0.0)	(7.0, 0.0)	(8.0, 0.0)	(9.0, 0.0)	(10.0, 0.0)	(11.0, 0.0)	(12.0, 0.0)	(13.0, 0.0)	(14.0, 0.0)	(15.0, 0.0)	(16.0, 0.0)	(17.0, 0.0)	(18.0, 0.0)	(19.0, 0.0)	(20.0, 0.0)	(21.0, 0.0)	(22.0, 0.0002872886273924097)	(23.0, 0.0005745772547848194)	(24.0, 0.0005745772547848194)	(25.0, 0.0002872886273924097)	(26.0, 0.0002872886273924097)	(27.0, 0.0005745772547848194)	(28.0, 0.0005745772547848194)	(29.0, 0.0005745772547848194)	(30.0, 0.0011491545095696388)	(31.0, 0.0011491545095696388)	(32.0, 0.0002872886273924097)	(33.0, 0.0005745772547848194)	(34.0, 0.0011491545095696388)	(35.0, 0.0014364431369620484)	(36.0, 0.0022983090191392775)	(37.0, 0.0005745772547848194)	(38.0, 0.0)	(39.0, 0.0008618658821772291)	(40.0, 0.0028728862739240972)	(41.0, 0.0028728862739240972)	(42.0, 0.0020110203917468677)	(43.0, 0.004309329410886144)	(44.0, 0.1266942846800525)	(45.0, 1.7421182365074168)	(46.0, 3.764199240409477)	(47.0, 14.27537189513855)	(48.0, 20.164214179406738)	(49.0, 7.8682609270222175)	(50.0, 2.9156922794059286)	(51.0, 3.248516154240185)	(52.0, 6.933423733485967)	(53.0, 9.394769048674563)	(54.0, 8.142046988927687)	(55.0, 8.68746444803317)	(56.0, 6.51556242494409)	(57.0, 2.799484029625644)	(58.0, 1.1962698444619637)	(59.0, 0.9752012456835543)	(60.0, 0.4363914250090608)	(61.0, 0.20024017329251143)	(62.0, 0.23701311759873966)	(63.0, 0.25468136818337184)	(64.0, 0.06349078665372257)	(65.0, 0.005171195293063374)	(66.0, 0.0050275509793671685)	(67.0, 0.008905947449164703)	(68.0, 0.007613148625898856)	(69.0, 0.0028728862739240972)	(70.0, 0.0008618658821772291)	(71.0, 0.0002872886273924097)	(72.0, 0.0002872886273924097)	(73.0, 0.0002872886273924097)	(74.0, 0.0008618658821772291)	(75.0, 0.0002872886273924097)	(76.0, 0.0)	(77.0, 0.0)	(78.0, 0.0002872886273924097)	(79.0, 0.0002872886273924097)	(80.0, 0.0)	(81.0, 0.0)	(82.0, 0.0)	(83.0, 0.0002872886273924097)	(84.0, 0.0002872886273924097)	(85.0, 0.0)	(86.0, 0.0)	(87.0, 0.0)	(88.0, 0.0)	(89.0, 0.0)	(90.0, 0.0)	(91.0, 0.0)	(92.0, 0.0)	(93.0, 0.0)	(94.0, 0.0)	(95.0, 0.0)	(96.0, 0.0)	(97.0, 0.0)	(98.0, 0.0)	(99.0, 0.0)	(100.0, 0.0)
SRR3667013_2	(0.0, 0.0)	(1.0, 0.0)	(2.0, 0.0)	(3.0, 0.0)	(4.0, 0.0)	(5.0, 0.0)	(6.0, 0.0)	(7.0, 0.0)	(8.0, 0.0)	(9.0, 0.0)	(10.0, 0.0)	(11.0, 0.0002881395978725158)	(12.0, 0.0002881395978725158)	(13.0, 0.0)	(14.0, 0.0)	(15.0, 0.0)	(16.0, 0.0002881395978725158)	(17.0, 0.0005762791957450316)	(18.0, 0.0005762791957450316)	(19.0, 0.0002881395978725158)	(20.0, 0.0)	(21.0, 0.0)	(22.0, 0.0)	(23.0, 0.0)	(24.0, 0.0)	(25.0, 0.0002881395978725158)	(26.0, 0.0002881395978725158)	(27.0, 0.0002881395978725158)	(28.0, 0.0008644187936175475)	(29.0, 0.0011525583914900632)	(30.0, 0.0011525583914900632)	(31.0, 0.0008644187936175475)	(32.0, 0.0008644187936175475)	(33.0, 0.0011525583914900632)	(34.0, 0.001440697989362579)	(35.0, 0.0008644187936175475)	(36.0, 0.0002881395978725158)	(37.0, 0.00345767517447019)	(38.0, 0.005186512761705283)	(39.0, 0.006050931555322829)	(40.0, 0.009508606729793022)	(41.0, 0.01296628190426322)	(42.0, 0.01930535305745855)	(43.0, 0.09047583373196962)	(44.0, 0.1305272378362496)	(45.0, 0.42817544243854927)	(46.0, 21.29654174854093)	(47.0, 27.693384891086442)	(48.0, 8.647933750948091)	(49.0, 3.851129795365471)	(50.0, 5.832233600536153)	(51.0, 11.612602073463792)	(52.0, 9.415393569882932)	(53.0, 4.1196759005824095)	(54.0, 2.24316676943759)	(55.0, 1.373129253661404)	(56.0, 1.4353674068018538)	(57.0, 0.9439453226303879)	(58.0, 0.08139943639898559)	(59.0, 0.04610233565960257)	(60.0, 0.058060128971312006)	(61.0, 0.09191653172133218)	(62.0, 0.05085663902449916)	(63.0, 0.0548905933947144)	(64.0, 0.04494977726811255)	(65.0, 0.01757651547022346)	(66.0, 0.01210186311064567)	(67.0, 0.16784131576074146)	(68.0, 0.1528580566713702)	(69.0, 0.007491629544685408)	(70.0, 0.001440697989362579)	(71.0, 0.008644187936175473)	(72.0, 0.008644187936175473)	(73.0, 0.0011525583914900632)	(74.0, 0.0017288375872350945)	(75.0, 0.0011525583914900632)	(76.0, 0.0011525583914900632)	(77.0, 0.0011525583914900632)	(78.0, 0.0011525583914900632)	(79.0, 0.0008644187936175475)	(80.0, 0.0005762791957450316)	(81.0, 0.0002881395978725158)	(82.0, 0.0002881395978725158)	(83.0, 0.0002881395978725158)	(84.0, 0.0002881395978725158)	(85.0, 0.0)	(86.0, 0.0)	(87.0, 0.0)	(88.0, 0.0002881395978725158)	(89.0, 0.0)	(90.0, 0.0)	(91.0, 0.0002881395978725158)	(92.0, 0.0002881395978725158)	(93.0, 0.0002881395978725158)	(94.0, 0.0005762791957450316)	(95.0, 0.0002881395978725158)	(96.0, 0.0)	(97.0, 0.0)	(98.0, 0.0)	(99.0, 0.0002881395978725158)	(100.0, 0.0008644187936175475)
SRR3667014_1	(0.0, 0.0)	(1.0, 0.0)	(2.0, 0.0)	(3.0, 0.0)	(4.0, 0.0)	(5.0, 0.0)	(6.0, 0.0)	(7.0, 0.0)	(8.0, 0.0)	(9.0, 0.0)	(10.0, 0.0)	(11.0, 0.0)	(12.0, 0.0)	(13.0, 0.0)	(14.0, 0.0)	(15.0, 0.0)	(16.0, 0.0)	(17.0, 0.0)	(18.0, 0.0)	(19.0, 0.0)	(20.0, 0.0)	(21.0, 0.0)	(22.0, 0.0)	(23.0, 0.0)	(24.0, 0.0)	(25.0, 0.0)	(26.0, 0.0)	(27.0, 0.0)	(28.0, 0.0)	(29.0, 0.0)	(30.0, 0.0)	(31.0, 0.0)	(32.0, 0.0003199181009661073)	(33.0, 0.0003199181009661073)	(34.0, 0.0)	(35.0, 0.0)	(36.0, 0.0)	(37.0, 0.0)	(38.0, 0.0006398362019322146)	(39.0, 0.0025593448077288585)	(40.0, 0.0035190991106271805)	(41.0, 0.005438607716423823)	(42.0, 0.008317870625118788)	(43.0, 0.013756478341542621)	(44.0, 0.040309680721729545)	(45.0, 0.5147482244544581)	(46.0, 1.0710858020345517)	(47.0, 0.9050483076331535)	(48.0, 1.2320046068204673)	(49.0, 4.245633117921639)	(50.0, 7.947085546096365)	(51.0, 9.678962185679538)	(52.0, 11.11827372192867)	(53.0, 10.060784439183283)	(54.0, 11.215528824622544)	(55.0, 13.390651993095066)	(56.0, 10.661430673748242)	(57.0, 6.384285622878122)	(58.0, 3.8782071789623265)	(59.0, 2.395866658135195)	(60.0, 1.678770234819535)	(61.0, 0.9562352037877366)	(62.0, 0.6652696909590288)	(63.0, 0.6435152600933309)	(64.0, 0.5864098790708743)	(65.0, 0.442126815535152)	(66.0, 0.20058864930575077)	(67.0, 0.0319918100966107)	(68.0, 0.010717256382364596)	(69.0, 0.002239426706762751)	(70.0, 0.0011197133533813754)	(71.0, 0.0012796724038644292)	(72.0, 0.00175954955531359)	(73.0, 0.002239426706762751)	(74.0, 0.0009597543028983219)	(75.0, 0.0)	(76.0, 0.0)	(77.0, 0.0)	(78.0, 0.0)	(79.0, 0.0)	(80.0, 0.0)	(81.0, 0.0)	(82.0, 0.0)	(83.0, 0.0)	(84.0, 0.0)	(85.0, 0.0)	(86.0, 0.0)	(87.0, 0.0)	(88.0, 0.0)	(89.0, 0.0)	(90.0, 0.0)	(91.0, 0.0)	(92.0, 0.0)	(93.0, 0.0)	(94.0, 0.0)	(95.0, 0.0)	(96.0, 0.0)	(97.0, 0.0)	(98.0, 0.0)	(99.0, 0.0)	(100.0, 0.0)
SRR3667014_2	(0.0, 0.0)	(1.0, 0.0)	(2.0, 0.0)	(3.0, 0.0)	(4.0, 0.0)	(5.0, 0.0)	(6.0, 0.0)	(7.0, 0.0)	(8.0, 0.0)	(9.0, 0.0)	(10.0, 0.0)	(11.0, 0.0)	(12.0, 0.0)	(13.0, 0.0)	(14.0, 0.0)	(15.0, 0.0)	(16.0, 0.0)	(17.0, 0.0)	(18.0, 0.0)	(19.0, 0.0)	(20.0, 0.0)	(21.0, 0.0)	(22.0, 0.0)	(23.0, 0.0)	(24.0, 0.0003190530505459869)	(25.0, 0.0009571591516379606)	(26.0, 0.0006381061010919738)	(27.0, 0.0)	(28.0, 0.0)	(29.0, 0.0)	(30.0, 0.0003190530505459869)	(31.0, 0.0003190530505459869)	(32.0, 0.0003190530505459869)	(33.0, 0.0012762122021839476)	(34.0, 0.0012762122021839476)	(35.0, 0.0003190530505459869)	(36.0, 0.0015952652527299344)	(37.0, 0.002233371353821908)	(38.0, 0.003190530505459869)	(39.0, 0.004785795758189802)	(40.0, 0.007657273213103681)	(41.0, 0.012124015920747506)	(42.0, 0.036372047762242496)	(43.0, 0.34744877204457664)	(44.0, 0.5864195069035236)	(45.0, 1.0656371888236211)	(46.0, 2.9574622520363003)	(47.0, 8.398592976045446)	(48.0, 12.314171538878192)	(49.0, 6.081151143405258)	(50.0, 4.9746751641127815)	(51.0, 9.684855349323934)	(52.0, 11.227636375241854)	(53.0, 7.640203874896806)	(54.0, 7.121902194285322)	(55.0, 4.90847165612455)	(56.0, 9.203563822574436)	(57.0, 7.870879230441425)	(58.0, 1.7163458854120135)	(59.0, 0.7944420958595306)	(60.0, 0.30421708369559786)	(61.0, 0.2995908144626813)	(62.0, 0.5017109219835545)	(63.0, 0.5039442933373767)	(64.0, 0.13910713003805003)	(65.0, 0.05679144299718581)	(66.0, 0.04466742707643822)	(67.0, 0.5482926673632739)	(68.0, 0.5637667403147559)	(69.0, 0.033979149883147576)	(70.0, 0.009731118041652598)	(71.0, 0.007338220162557695)	(72.0, 0.0035095835560058557)	(73.0, 0.001914318303275921)	(74.0, 0.0025524244043678953)	(75.0, 0.0015952652527299344)	(76.0, 0.0)	(77.0, 0.0003190530505459869)	(78.0, 0.0)	(79.0, 0.0003190530505459869)	(80.0, 0.0003190530505459869)	(81.0, 0.0006381061010919738)	(82.0, 0.0003190530505459869)	(83.0, 0.0015952652527299344)	(84.0, 0.0015952652527299344)	(85.0, 0.0)	(86.0, 0.0)	(87.0, 0.0)	(88.0, 0.0)	(89.0, 0.0)	(90.0, 0.0003190530505459869)	(91.0, 0.0006381061010919738)	(92.0, 0.0003190530505459869)	(93.0, 0.0003190530505459869)	(94.0, 0.0003190530505459869)	(95.0, 0.0)	(96.0, 0.0003190530505459869)	(97.0, 0.0)	(98.0, 0.0)	(99.0, 0.0)	(100.0, 0.0023928978790949016)
SRR3667015_1	(0.0, 0.32100235574306685)	(1.0, 0.16050117787153342)	(2.0, 0.0)	(3.0, 0.0)	(4.0, 0.0)	(5.0, 0.0)	(6.0, 0.0)	(7.0, 0.0)	(8.0, 0.0)	(9.0, 0.0)	(10.0, 0.0)	(11.0, 0.0)	(12.0, 0.0)	(13.0, 0.0)	(14.0, 0.0)	(15.0, 0.0)	(16.0, 0.0)	(17.0, 0.0008629095584491043)	(18.0, 0.00043145477922455213)	(19.0, 0.00043145477922455213)	(20.0, 0.0008629095584491043)	(21.0, 0.0012943643376736565)	(22.0, 0.0021572738961227605)	(23.0, 0.00043145477922455213)	(24.0, 0.0012943643376736565)	(25.0, 0.0017258191168982085)	(26.0, 0.0008629095584491043)	(27.0, 0.0012943643376736565)	(28.0, 0.0012943643376736565)	(29.0, 0.0012943643376736565)	(30.0, 0.0021572738961227605)	(31.0, 0.0017258191168982085)	(32.0, 0.0017258191168982085)	(33.0, 0.0030201834545718646)	(34.0, 0.0038830930130209695)	(35.0, 0.004314547792245522)	(36.0, 0.006471821688368282)	(37.0, 0.006256094298756006)	(38.0, 0.006256094298756006)	(39.0, 0.009060550363715593)	(40.0, 0.006903276467592833)	(41.0, 0.006903276467592833)	(42.0, 0.006903276467592833)	(43.0, 0.009060550363715593)	(44.0, 0.07572031375390909)	(45.0, 0.45367470035461344)	(46.0, 0.7981913415654218)	(47.0, 0.5844054984596455)	(48.0, 0.5252961937058853)	(49.0, 0.6603415396031628)	(50.0, 2.3151863453187835)	(51.0, 11.453398569292657)	(52.0, 21.119279988277846)	(53.0, 16.235859069615884)	(54.0, 10.832750869377014)	(55.0, 10.337225055437438)	(56.0, 11.197114430432801)	(57.0, 6.912552745345662)	(58.0, 1.9982828099784213)	(59.0, 0.698309560174927)	(60.0, 0.9828539870735509)	(61.0, 0.6687549077980416)	(62.0, 0.7923667020458895)	(63.0, 0.6394159828107726)	(64.0, 0.12123879296209883)	(65.0, 0.008844822974103318)	(66.0, 0.004098820402633246)	(67.0, 0.0023730012857350363)	(68.0, 0.0012943643376736565)	(69.0, 0.0025887286753473126)	(70.0, 0.0021572738961227605)	(71.0, 0.0017258191168982085)	(72.0, 0.0012943643376736565)	(73.0, 0.00043145477922455213)	(74.0, 0.0008629095584491043)	(75.0, 0.0)	(76.0, 0.0)	(77.0, 0.0)	(78.0, 0.0)	(79.0, 0.0)	(80.0, 0.00043145477922455213)	(81.0, 0.00043145477922455213)	(82.0, 0.0)	(83.0, 0.0)	(84.0, 0.0)	(85.0, 0.0)	(86.0, 0.0)	(87.0, 0.0)	(88.0, 0.0)	(89.0, 0.0)	(90.0, 0.00043145477922455213)	(91.0, 0.00043145477922455213)	(92.0, 0.0)	(93.0, 0.0)	(94.0, 0.0)	(95.0, 0.0)	(96.0, 0.0)	(97.0, 0.0)	(98.0, 0.0)	(99.0, 0.0)	(100.0, 0.0)
SRR3667015_2	(0.0, 0.31511045008705785)	(1.0, 0.15755522504352892)	(2.0, 0.0)	(3.0, 0.0)	(4.0, 0.0)	(5.0, 0.0)	(6.0, 0.0)	(7.0, 0.0)	(8.0, 0.0)	(9.0, 0.0)	(10.0, 0.0)	(11.0, 0.0)	(12.0, 0.0)	(13.0, 0.0)	(14.0, 0.0)	(15.0, 0.0)	(16.0, 0.0)	(17.0, 0.00043047875694953255)	(18.0, 0.0)	(19.0, 0.00043047875694953255)	(20.0, 0.0008609575138990651)	(21.0, 0.00043047875694953255)	(22.0, 0.0008609575138990651)	(23.0, 0.0012914362708485979)	(24.0, 0.0012914362708485979)	(25.0, 0.0017219150277981302)	(26.0, 0.0025828725416971953)	(27.0, 0.00043047875694953255)	(28.0, 0.0012914362708485979)	(29.0, 0.0021523937847476625)	(30.0, 0.004304787569495326)	(31.0, 0.004304787569495326)	(32.0, 0.006026702597293455)	(33.0, 0.0030133512986467276)	(34.0, 0.0030133512986467276)	(35.0, 0.006241941975768222)	(36.0, 0.00581146321881869)	(37.0, 0.006457181354242988)	(38.0, 0.008824814517465416)	(39.0, 0.009040053895940182)	(40.0, 0.00860957513899065)	(41.0, 0.011192447680687844)	(42.0, 0.08889386331007862)	(43.0, 0.29961321483687753)	(44.0, 0.12139500945976785)	(45.0, 0.16293620950539717)	(46.0, 1.3157583206163055)	(47.0, 5.187053781864307)	(48.0, 4.418433961330566)	(49.0, 5.4870974754579995)	(50.0, 9.734416130896706)	(51.0, 25.89243627299866)	(52.0, 24.161050712553926)	(53.0, 6.571688703591364)	(54.0, 4.443616968612124)	(55.0, 3.0467134023102593)	(56.0, 3.4685825841209916)	(57.0, 2.6059031551937664)	(58.0, 0.2141631815823929)	(59.0, 0.1657343214255692)	(60.0, 0.1321569783835061)	(61.0, 0.07124423427514777)	(62.0, 0.05962130783751032)	(63.0, 0.16788671521031684)	(64.0, 0.5068887363080684)	(65.0, 0.2204051235581613)	(66.0, 0.045200269479700884)	(67.0, 0.41455104294239886)	(68.0, 0.3895832750393274)	(69.0, 0.01205340519458691)	(70.0, 0.0051657450833943915)	(71.0, 0.004304787569495326)	(72.0, 0.0034438300555962604)	(73.0, 0.0025828725416971953)	(74.0, 0.0030133512986467276)	(75.0, 0.0012914362708485979)	(76.0, 0.0008609575138990651)	(77.0, 0.0017219150277981302)	(78.0, 0.0012914362708485979)	(79.0, 0.00043047875694953255)	(80.0, 0.00043047875694953255)	(81.0, 0.00043047875694953255)	(82.0, 0.0012914362708485979)	(83.0, 0.0008609575138990651)	(84.0, 0.00043047875694953255)	(85.0, 0.0)	(86.0, 0.0)	(87.0, 0.0)	(88.0, 0.0)	(89.0, 0.0)	(90.0, 0.0)	(91.0, 0.0)	(92.0, 0.0)	(93.0, 0.0)	(94.0, 0.0)	(95.0, 0.0)	(96.0, 0.00043047875694953255)	(97.0, 0.00043047875694953255)	(98.0, 0.0)	(99.0, 0.0012914362708485979)	(100.0, 0.0019371544062728966)
SRR3667016_1	(0.0, 0.0)	(1.0, 0.0)	(2.0, 0.0)	(3.0, 0.0)	(4.0, 0.0)	(5.0, 0.0)	(6.0, 0.0)	(7.0, 0.0)	(8.0, 0.0)	(9.0, 0.0)	(10.0, 0.0)	(11.0, 0.0)	(12.0, 0.0)	(13.0, 0.0)	(14.0, 0.0)	(15.0, 0.0)	(16.0, 0.0)	(17.0, 0.0)	(18.0, 0.0)	(19.0, 0.0)	(20.0, 0.0)	(21.0, 0.0)	(22.0, 0.0)	(23.0, 0.0)	(24.0, 0.0)	(25.0, 0.0)	(26.0, 0.0)	(27.0, 0.0)	(28.0, 0.0)	(29.0, 0.0)	(30.0, 0.00028967203332385245)	(31.0, 0.0)	(32.0, 0.0)	(33.0, 0.00028967203332385245)	(34.0, 0.0)	(35.0, 0.0)	(36.0, 0.0005793440666477049)	(37.0, 0.0008690160999715575)	(38.0, 0.0017380321999431146)	(39.0, 0.0031863923665623782)	(40.0, 0.0023173762665908196)	(41.0, 0.005214096599829343)	(42.0, 0.01013852116633484)	(43.0, 0.009414341083025208)	(44.0, 0.01694581394944537)	(45.0, 0.3771529873876497)	(46.0, 1.2380582704261067)	(47.0, 1.2151741797935276)	(48.0, 3.376996564490037)	(49.0, 13.625303431463292)	(50.0, 18.00905514775721)	(51.0, 11.508814719978714)	(52.0, 7.0384510657004515)	(53.0, 6.157558412363417)	(54.0, 7.11666251469782)	(55.0, 9.332219061579329)	(56.0, 9.358868888645173)	(57.0, 6.397841364005334)	(58.0, 2.837192730390792)	(59.0, 0.8745198686047494)	(60.0, 0.5146023671998218)	(61.0, 0.3086455515065624)	(62.0, 0.2244958258259881)	(63.0, 0.21203992839306224)	(64.0, 0.13469749549559143)	(65.0, 0.04823039354842154)	(66.0, 0.022159910549274697)	(67.0, 0.007531472866420163)	(68.0, 0.0057934406664770476)	(69.0, 0.0043450804998577865)	(70.0, 0.0010138521166334837)	(71.0, 0.00043450804998577876)	(72.0, 0.0005793440666477049)	(73.0, 0.0)	(74.0, 0.0)	(75.0, 0.0)	(76.0, 0.0)	(77.0, 0.0)	(78.0, 0.0)	(79.0, 0.00028967203332385245)	(80.0, 0.00028967203332385245)	(81.0, 0.0)	(82.0, 0.0)	(83.0, 0.0)	(84.0, 0.0)	(85.0, 0.0)	(86.0, 0.0)	(87.0, 0.0)	(88.0, 0.0)	(89.0, 0.0)	(90.0, 0.0)	(91.0, 0.0)	(92.0, 0.0)	(93.0, 0.0)	(94.0, 0.0)	(95.0, 0.0)	(96.0, 0.0)	(97.0, 0.0)	(98.0, 0.0)	(99.0, 0.0)	(100.0, 0.0)
SRR3667016_2	(0.0, 0.0)	(1.0, 0.0)	(2.0, 0.0)	(3.0, 0.0)	(4.0, 0.0)	(5.0, 0.0)	(6.0, 0.0)	(7.0, 0.0)	(8.0, 0.0)	(9.0, 0.0)	(10.0, 0.0)	(11.0, 0.0)	(12.0, 0.0)	(13.0, 0.0)	(14.0, 0.0)	(15.0, 0.0)	(16.0, 0.0)	(17.0, 0.0)	(18.0, 0.0)	(19.0, 0.0)	(20.0, 0.0)	(21.0, 0.0)	(22.0, 0.0)	(23.0, 0.0)	(24.0, 0.0)	(25.0, 0.0)	(26.0, 0.00028701899204674054)	(27.0, 0.00028701899204674054)	(28.0, 0.0)	(29.0, 0.0005740379840934811)	(30.0, 0.0005740379840934811)	(31.0, 0.0005740379840934811)	(32.0, 0.0011480759681869622)	(33.0, 0.0008610569761402218)	(34.0, 0.0017221139522804432)	(35.0, 0.0022961519363739243)	(36.0, 0.0037312468966076272)	(37.0, 0.0034442279045608874)	(38.0, 0.004018265888654367)	(39.0, 0.00559687034491144)	(40.0, 0.00588388933695818)	(41.0, 0.010332683713682664)	(42.0, 0.018369215490991388)	(43.0, 0.048793228647946)	(44.0, 0.06544033018665685)	(45.0, 0.22416183278850665)	(46.0, 3.400601017770366)	(47.0, 19.096808635821997)	(48.0, 20.45082073079757)	(49.0, 5.830934332924104)	(50.0, 2.827137071660718)	(51.0, 6.422049947043829)	(52.0, 12.515750167197536)	(53.0, 9.965729932353632)	(54.0, 8.344646665270695)	(55.0, 4.094038902554833)	(56.0, 3.1219055764928543)	(57.0, 2.0329555206670253)	(58.0, 0.42909339310986777)	(59.0, 0.22014356689985248)	(60.0, 0.1176777867391632)	(61.0, 0.09471626737542396)	(62.0, 0.07979127978899367)	(63.0, 0.08409656466969473)	(64.0, 0.05166341856841343)	(65.0, 0.01937378196315498)	(66.0, 0.02755382323648706)	(67.0, 0.18957604424687374)	(68.0, 0.1541291987291003)	(69.0, 0.005740379840934809)	(70.0, 0.002583170928420665)	(71.0, 0.00975864572958918)	(72.0, 0.007462493793215253)	(73.0, 0.00028701899204674054)	(74.0, 0.0)	(75.0, 0.00028701899204674054)	(76.0, 0.00028701899204674054)	(77.0, 0.0)	(78.0, 0.0)	(79.0, 0.0)	(80.0, 0.0)	(81.0, 0.00028701899204674054)	(82.0, 0.00028701899204674054)	(83.0, 0.00028701899204674054)	(84.0, 0.0005740379840934811)	(85.0, 0.00028701899204674054)	(86.0, 0.0)	(87.0, 0.00028701899204674054)	(88.0, 0.00028701899204674054)	(89.0, 0.00028701899204674054)	(90.0, 0.0)	(91.0, 0.0)	(92.0, 0.0)	(93.0, 0.0)	(94.0, 0.0)	(95.0, 0.0)	(96.0, 0.00028701899204674054)	(97.0, 0.0)	(98.0, 0.0)	(99.0, 0.0005740379840934811)	(100.0, 0.0008610569761402218)
SRR3667017_1	(0.0, 0.0)	(1.0, 0.0)	(2.0, 0.0)	(3.0, 0.0)	(4.0, 0.0)	(5.0, 0.0)	(6.0, 0.0)	(7.0, 0.0)	(8.0, 0.0)	(9.0, 0.0)	(10.0, 0.0)	(11.0, 0.0)	(12.0, 0.0)	(13.0, 0.0)	(14.0, 0.0)	(15.0, 0.0)	(16.0, 0.0)	(17.0, 0.0)	(18.0, 0.0)	(19.0, 0.0)	(20.0, 0.0)	(21.0, 0.0005044696006619389)	(22.0, 0.0010089392013238779)	(23.0, 0.0)	(24.0, 0.0)	(25.0, 0.0)	(26.0, 0.0)	(27.0, 0.0)	(28.0, 0.0)	(29.0, 0.0)	(30.0, 0.0)	(31.0, 0.0005044696006619389)	(32.0, 0.0010089392013238779)	(33.0, 0.0010089392013238779)	(34.0, 0.0005044696006619389)	(35.0, 0.0005044696006619389)	(36.0, 0.0015134088019858169)	(37.0, 0.0005044696006619389)	(38.0, 0.0005044696006619389)	(39.0, 0.0010089392013238779)	(40.0, 0.0010089392013238779)	(41.0, 0.0010089392013238779)	(42.0, 0.003531287204633573)	(43.0, 0.00504469600661939)	(44.0, 0.011098331214562654)	(45.0, 0.6467300280485955)	(46.0, 2.343765764675258)	(47.0, 1.939685614545137)	(48.0, 3.7421554977102733)	(49.0, 12.64831406259241)	(50.0, 14.319117379987793)	(51.0, 7.9625481768475685)	(52.0, 8.219827673184925)	(53.0, 9.570292794155707)	(54.0, 9.655043687066835)	(55.0, 11.2859939060054)	(56.0, 9.443923159190005)	(57.0, 5.465675888372572)	(58.0, 1.7003147890311014)	(59.0, 0.4330871521682765)	(60.0, 0.34959743325872705)	(61.0, 0.15916015900884112)	(62.0, 0.04237544645560283)	(63.0, 0.021692192828463387)	(64.0, 0.009837157212907809)	(65.0, 0.004540226405957451)	(66.0, 0.0005044696006619389)	(67.0, 0.0010089392013238779)	(68.0, 0.0010089392013238779)	(69.0, 0.0010089392013238779)	(70.0, 0.0007567044009929084)	(71.0, 0.0007567044009929084)	(72.0, 0.0005044696006619389)	(73.0, 0.0005044696006619389)	(74.0, 0.0)	(75.0, 0.0)	(76.0, 0.0)	(77.0, 0.0)	(78.0, 0.0)	(79.0, 0.0)	(80.0, 0.0)	(81.0, 0.0)	(82.0, 0.0)	(83.0, 0.0)	(84.0, 0.0)	(85.0, 0.0)	(86.0, 0.0)	(87.0, 0.0)	(88.0, 0.0)	(89.0, 0.0)	(90.0, 0.0)	(91.0, 0.0)	(92.0, 0.0)	(93.0, 0.0)	(94.0, 0.0)	(95.0, 0.0)	(96.0, 0.0)	(97.0, 0.0)	(98.0, 0.0)	(99.0, 0.0)	(100.0, 0.0)
SRR3667017_2	(0.0, 0.0)	(1.0, 0.0)	(2.0, 0.0)	(3.0, 0.0)	(4.0, 0.0)	(5.0, 0.0)	(6.0, 0.0)	(7.0, 0.0)	(8.0, 0.0)	(9.0, 0.0)	(10.0, 0.0)	(11.0, 0.0)	(12.0, 0.0)	(13.0, 0.0)	(14.0, 0.0)	(15.0, 0.0)	(16.0, 0.0)	(17.0, 0.0010064969377329765)	(18.0, 0.0010064969377329765)	(19.0, 0.0)	(20.0, 0.0)	(21.0, 0.0)	(22.0, 0.0)	(23.0, 0.0)	(24.0, 0.0)	(25.0, 0.0005032484688664883)	(26.0, 0.0)	(27.0, 0.0005032484688664883)	(28.0, 0.0005032484688664883)	(29.0, 0.0005032484688664883)	(30.0, 0.0010064969377329765)	(31.0, 0.0010064969377329765)	(32.0, 0.0005032484688664883)	(33.0, 0.0015097454065994649)	(34.0, 0.003522739282065418)	(35.0, 0.0030194908131989293)	(36.0, 0.005032484688664883)	(37.0, 0.00805197550186381)	(38.0, 0.005535733157531371)	(39.0, 0.009561720908463274)	(40.0, 0.012077963252795714)	(41.0, 0.015600702534861139)	(42.0, 0.02566567191219091)	(43.0, 0.06743529482810949)	(44.0, 0.09511396061576655)	(45.0, 0.24256576199364766)	(46.0, 2.975204947938424)	(47.0, 16.669099034268015)	(48.0, 17.460708875796442)	(49.0, 5.231267833867837)	(50.0, 2.671746121212)	(51.0, 7.112410610490359)	(52.0, 17.19650342964105)	(53.0, 13.233924985779117)	(54.0, 8.502886129967202)	(55.0, 3.892375282447936)	(56.0, 2.3876623605369325)	(57.0, 1.2767413655143203)	(58.0, 0.17236260058677144)	(59.0, 0.22142932630125453)	(60.0, 0.18167269726080132)	(61.0, 0.17664021257213652)	(62.0, 0.05409921040314746)	(63.0, 0.014845829831561404)	(64.0, 0.010819842080629494)	(65.0, 0.007548727032997323)	(66.0, 0.0060389816263978595)	(67.0, 0.013084460190528693)	(68.0, 0.010064969377329761)	(69.0, 0.002516242344332441)	(70.0, 0.002264618109899197)	(71.0, 0.0027678665787656855)	(72.0, 0.0015097454065994649)	(73.0, 0.0010064969377329765)	(74.0, 0.0)	(75.0, 0.0005032484688664883)	(76.0, 0.002012993875465953)	(77.0, 0.0005032484688664883)	(78.0, 0.0)	(79.0, 0.0010064969377329765)	(80.0, 0.0005032484688664883)	(81.0, 0.0)	(82.0, 0.0)	(83.0, 0.0)	(84.0, 0.0)	(85.0, 0.0)	(86.0, 0.0010064969377329765)	(87.0, 0.0010064969377329765)	(88.0, 0.0)	(89.0, 0.0)	(90.0, 0.0005032484688664883)	(91.0, 0.0)	(92.0, 0.0)	(93.0, 0.0)	(94.0, 0.0)	(95.0, 0.0)	(96.0, 0.0)	(97.0, 0.0)	(98.0, 0.0005032484688664883)	(99.0, 0.0005032484688664883)	(100.0, 0.0015097454065994649)
SRR3667018_1	(0.0, 0.0)	(1.0, 0.0)	(2.0, 0.0)	(3.0, 0.0)	(4.0, 0.0)	(5.0, 0.0)	(6.0, 0.0)	(7.0, 0.0)	(8.0, 0.0)	(9.0, 0.0)	(10.0, 0.000665592843545773)	(11.0, 0.000665592843545773)	(12.0, 0.0)	(13.0, 0.0)	(14.0, 0.0)	(15.0, 0.0)	(16.0, 0.0)	(17.0, 0.000665592843545773)	(18.0, 0.0)	(19.0, 0.0)	(20.0, 0.0)	(21.0, 0.0)	(22.0, 0.0)	(23.0, 0.000665592843545773)	(24.0, 0.000665592843545773)	(25.0, 0.001331185687091546)	(26.0, 0.000665592843545773)	(27.0, 0.000665592843545773)	(28.0, 0.001996778530637319)	(29.0, 0.00465914990482041)	(30.0, 0.001331185687091546)	(31.0, 0.001331185687091546)	(32.0, 0.001996778530637319)	(33.0, 0.0043263534830475245)	(34.0, 0.0036607606395017518)	(35.0, 0.0033279642177288645)	(36.0, 0.0033279642177288645)	(37.0, 0.00465914990482041)	(38.0, 0.00665592843545773)	(39.0, 0.0033279642177288645)	(40.0, 0.0073215212790035036)	(41.0, 0.00665592843545773)	(42.0, 0.00665592843545773)	(43.0, 0.00931829980964082)	(44.0, 0.017971006775735866)	(45.0, 0.12779382596078875)	(46.0, 0.36274809973244787)	(47.0, 0.6436282797087608)	(48.0, 2.41676761491471)	(49.0, 11.363001025012029)	(50.0, 16.80222574246435)	(51.0, 8.381145085929676)	(52.0, 5.925440289666706)	(53.0, 7.342487453576298)	(54.0, 8.682991440477403)	(55.0, 11.030537399661213)	(56.0, 10.975958786490512)	(57.0, 6.838633671011916)	(58.0, 3.1086513757803873)	(59.0, 1.8859573221870183)	(60.0, 1.2992372306013558)	(61.0, 0.6602681007974047)	(62.0, 0.7055284141585142)	(63.0, 0.8586147681740333)	(64.0, 0.3827158850388216)	(65.0, 0.07953834480371988)	(66.0, 0.016972617510417207)	(67.0, 0.00665592843545773)	(68.0, 0.00465914990482041)	(69.0, 0.001331185687091546)	(70.0, 0.000665592843545773)	(71.0, 0.0)	(72.0, 0.001331185687091546)	(73.0, 0.0)	(74.0, 0.0)	(75.0, 0.0)	(76.0, 0.0)	(77.0, 0.0)	(78.0, 0.0)	(79.0, 0.0)	(80.0, 0.0)	(81.0, 0.0)	(82.0, 0.0)	(83.0, 0.0)	(84.0, 0.0)	(85.0, 0.0)	(86.0, 0.0)	(87.0, 0.0)	(88.0, 0.0)	(89.0, 0.0)	(90.0, 0.0)	(91.0, 0.0)	(92.0, 0.0)	(93.0, 0.0)	(94.0, 0.0)	(95.0, 0.0)	(96.0, 0.0)	(97.0, 0.0)	(98.0, 0.0)	(99.0, 0.0)	(100.0, 0.0)
SRR3667018_2	(0.0, 0.0)	(1.0, 0.0)	(2.0, 0.0)	(3.0, 0.0)	(4.0, 0.0)	(5.0, 0.0)	(6.0, 0.0)	(7.0, 0.0)	(8.0, 0.0)	(9.0, 0.0)	(10.0, 0.0)	(11.0, 0.0)	(12.0, 0.0)	(13.0, 0.0)	(14.0, 0.0)	(15.0, 0.0)	(16.0, 0.0)	(17.0, 0.0)	(18.0, 0.0)	(19.0, 0.0)	(20.0, 0.0)	(21.0, 0.0006619667030748805)	(22.0, 0.0006619667030748805)	(23.0, 0.001323933406149761)	(24.0, 0.0)	(25.0, 0.001654916757687201)	(26.0, 0.001654916757687201)	(27.0, 0.001323933406149761)	(28.0, 0.0019859001092246416)	(29.0, 0.0)	(30.0, 0.0006619667030748805)	(31.0, 0.0006619667030748805)	(32.0, 0.001323933406149761)	(33.0, 0.002647866812299522)	(34.0, 0.005957700327673924)	(35.0, 0.005957700327673924)	(36.0, 0.005295733624599044)	(37.0, 0.005957700327673924)	(38.0, 0.007281633733823686)	(39.0, 0.0066196670307488055)	(40.0, 0.008605567139973446)	(41.0, 0.009267533843048325)	(42.0, 0.015225234170722246)	(43.0, 0.2363221129977311)	(44.0, 0.5414887631152561)	(45.0, 1.1286532287426607)	(46.0, 1.5662132194752063)	(47.0, 7.905206368121598)	(48.0, 11.917055572103575)	(49.0, 4.590408102472627)	(50.0, 11.142885512858205)	(51.0, 13.638830966799775)	(52.0, 9.675967298845608)	(53.0, 10.744712540959029)	(54.0, 9.440969119254232)	(55.0, 3.927779432694472)	(56.0, 4.529176182438172)	(57.0, 4.107172409227751)	(58.0, 1.3494191242181577)	(59.0, 0.9615066362162463)	(60.0, 0.5103763280707375)	(61.0, 0.2796809320491363)	(62.0, 0.2280475292092954)	(63.0, 0.2184490120147097)	(64.0, 0.09929500546123222)	(65.0, 0.031112435044519406)	(66.0, 0.046999635918316476)	(67.0, 0.5342071293814328)	(68.0, 0.4812497931354431)	(69.0, 0.023830801310695704)	(70.0, 0.009929500546123207)	(71.0, 0.007943600436898566)	(72.0, 0.009267533843048325)	(73.0, 0.0066196670307488055)	(74.0, 0.003971800218449282)	(75.0, 0.001323933406149761)	(76.0, 0.0019859001092246416)	(77.0, 0.0019859001092246416)	(78.0, 0.0006619667030748805)	(79.0, 0.002647866812299522)	(80.0, 0.0006619667030748805)	(81.0, 0.0)	(82.0, 0.0)	(83.0, 0.0006619667030748805)	(84.0, 0.0)	(85.0, 0.0)	(86.0, 0.0)	(87.0, 0.0006619667030748805)	(88.0, 0.0)	(89.0, 0.0)	(90.0, 0.0)	(91.0, 0.0006619667030748805)	(92.0, 0.001323933406149761)	(93.0, 0.0006619667030748805)	(94.0, 0.0006619667030748805)	(95.0, 0.0)	(96.0, 0.0)	(97.0, 0.0)	(98.0, 0.001323933406149761)	(99.0, 0.001323933406149761)	(100.0, 0.003971800218449283)
SRR3667019_1	(0.0, 0.0)	(1.0, 0.0)	(2.0, 0.0)	(3.0, 0.0)	(4.0, 0.0)	(5.0, 0.0)	(6.0, 0.0)	(7.0, 0.0)	(8.0, 0.0)	(9.0, 0.0)	(10.0, 0.0)	(11.0, 0.0)	(12.0, 0.0)	(13.0, 0.0)	(14.0, 0.0)	(15.0, 0.0)	(16.0, 0.0)	(17.0, 0.0)	(18.0, 0.0)	(19.0, 0.0)	(20.0, 0.0)	(21.0, 0.0)	(22.0, 0.0)	(23.0, 0.0)	(24.0, 0.0)	(25.0, 0.0)	(26.0, 0.0)	(27.0, 0.0)	(28.0, 0.0)	(29.0, 0.0)	(30.0, 0.0)	(31.0, 0.0)	(32.0, 0.0005615569353217431)	(33.0, 0.0011231138706434861)	(34.0, 0.0005615569353217431)	(35.0, 0.0011231138706434861)	(36.0, 0.0016846708059652293)	(37.0, 0.0014038923383043577)	(38.0, 0.0019654492736261007)	(39.0, 0.002527006208947844)	(40.0, 0.005054012417895688)	(41.0, 0.004492455482573945)	(42.0, 0.005054012417895688)	(43.0, 0.014132516205597204)	(44.0, 0.024427726686495822)	(45.0, 0.3358110473224024)	(46.0, 2.667676221245941)	(47.0, 3.174200576906154)	(48.0, 3.0329690076727363)	(49.0, 2.8893976178754763)	(50.0, 2.625746636741917)	(51.0, 3.1500536286873224)	(52.0, 4.7503037087092)	(53.0, 7.562580840800409)	(54.0, 9.542069037809572)	(55.0, 10.456190135690846)	(56.0, 15.762060839078472)	(57.0, 18.60746983035376)	(58.0, 5.777765714702844)	(59.0, 2.0801940740768297)	(60.0, 2.4201232055915964)	(61.0, 1.5149870186755086)	(62.0, 0.4314629119722059)	(63.0, 0.2079632517141522)	(64.0, 0.18344193220510277)	(65.0, 0.182880375269781)	(66.0, 0.4835941141345744)	(67.0, 1.3902277862115286)	(68.0, 0.6244513120777783)	(69.0, 0.051944016517261236)	(70.0, 0.011511917174095733)	(71.0, 0.011231138706434862)	(72.0, 0.005054012417895688)	(73.0, 0.0005615569353217431)	(74.0, 0.0)	(75.0, 0.0)	(76.0, 0.00028077846766087154)	(77.0, 0.00028077846766087154)	(78.0, 0.0005615569353217431)	(79.0, 0.0)	(80.0, 0.0)	(81.0, 0.0)	(82.0, 0.0)	(83.0, 0.00028077846766087154)	(84.0, 0.0)	(85.0, 0.0)	(86.0, 0.0)	(87.0, 0.0)	(88.0, 0.0)	(89.0, 0.0)	(90.0, 0.0)	(91.0, 0.0)	(92.0, 0.0)	(93.0, 0.0)	(94.0, 0.0)	(95.0, 0.0)	(96.0, 0.0)	(97.0, 0.00028077846766087154)	(98.0, 0.00028077846766087154)	(99.0, 0.0)	(100.0, 0.0)
SRR3667019_2	(0.0, 0.0)	(1.0, 0.0)	(2.0, 0.0)	(3.0, 0.0)	(4.0, 0.0)	(5.0, 0.0)	(6.0, 0.0)	(7.0, 0.0)	(8.0, 0.0)	(9.0, 0.0)	(10.0, 0.0)	(11.0, 0.0)	(12.0, 0.0)	(13.0, 0.0)	(14.0, 0.0)	(15.0, 0.0)	(16.0, 0.0)	(17.0, 0.0)	(18.0, 0.0)	(19.0, 0.0)	(20.0, 0.0005020420560630389)	(21.0, 0.0005020420560630389)	(22.0, 0.0)	(23.0, 0.0)	(24.0, 0.0)	(25.0, 0.0)	(26.0, 0.0)	(27.0, 0.0)	(28.0, 0.0)	(29.0, 0.0)	(30.0, 0.0)	(31.0, 0.0)	(32.0, 0.0005020420560630389)	(33.0, 0.0005020420560630389)	(34.0, 0.0010040841121260779)	(35.0, 0.0010040841121260779)	(36.0, 0.0)	(37.0, 0.0005020420560630389)	(38.0, 0.0022591892522836753)	(39.0, 0.003514294392441273)	(40.0, 0.0012551051401575974)	(41.0, 0.0015897998441996232)	(42.0, 0.0041836838005253245)	(43.0, 0.00803267289700862)	(44.0, 0.019998008566511048)	(45.0, 0.08241857087034882)	(46.0, 0.8892838286396911)	(47.0, 3.2296365466538193)	(48.0, 2.571710432182938)	(49.0, 3.9560077281007944)	(50.0, 4.022779321557252)	(51.0, 3.461998344934846)	(52.0, 5.206845510781731)	(53.0, 9.635525834665783)	(54.0, 13.269557257480837)	(55.0, 22.49123309058992)	(56.0, 14.712342452929866)	(57.0, 5.268931378381567)	(58.0, 3.023046240583627)	(59.0, 2.8449049843572434)	(60.0, 1.267823538911193)	(61.0, 0.4180336853484898)	(62.0, 0.20910051635025592)	(63.0, 0.21236378971466593)	(64.0, 0.1681004151051077)	(65.0, 0.14985955373481713)	(66.0, 0.18199024532285182)	(67.0, 0.4999502141627735)	(68.0, 0.8909573021598789)	(69.0, 0.7067078675847387)	(70.0, 0.34264370326302407)	(71.0, 0.14182688083780853)	(72.0, 0.04853073208609379)	(73.0, 0.02158780841071067)	(74.0, 0.009622472741208248)	(75.0, 0.00476939953259887)	(76.0, 0.001924494548241649)	(77.0, 0.0017571471962206364)	(78.0, 0.0010040841121260779)	(79.0, 0.0005020420560630389)	(80.0, 0.0005020420560630389)	(81.0, 0.0007530630840945585)	(82.0, 0.0012551051401575974)	(83.0, 0.001506126168189117)	(84.0, 0.00025102102803151947)	(85.0, 0.00025102102803151947)	(86.0, 0.00025102102803151947)	(87.0, 0.0010040841121260779)	(88.0, 0.000836736760105065)	(89.0, 0.0010877577881365844)	(90.0, 0.00025102102803151947)	(91.0, 0.0005020420560630389)	(92.0, 0.00025102102803151947)	(93.0, 0.0)	(94.0, 0.0)	(95.0, 0.0)	(96.0, 0.0)	(97.0, 0.0)	(98.0, 0.0)	(99.0, 0.0)	(100.0, 0.000669389408084052)
SRR3667020_1	(0.0, 0.0)	(1.0, 0.0)	(2.0, 0.0)	(3.0, 0.0)	(4.0, 0.0)	(5.0, 0.0)	(6.0, 0.0)	(7.0, 0.0)	(8.0, 0.0)	(9.0, 0.0)	(10.0, 0.0)	(11.0, 0.0)	(12.0, 0.0)	(13.0, 0.0)	(14.0, 0.0)	(15.0, 0.0)	(16.0, 0.0)	(17.0, 0.0)	(18.0, 0.0)	(19.0, 0.0)	(20.0, 0.0)	(21.0, 0.0)	(22.0, 0.0)	(23.0, 0.0)	(24.0, 0.0006060422411442553)	(25.0, 0.0012120844822885106)	(26.0, 0.0)	(27.0, 0.0)	(28.0, 0.0)	(29.0, 0.0018181267234327657)	(30.0, 0.0018181267234327657)	(31.0, 0.0012120844822885106)	(32.0, 0.0012120844822885106)	(33.0, 0.002424168964577021)	(34.0, 0.004848337929154042)	(35.0, 0.002424168964577021)	(36.0, 0.0036362534468655314)	(37.0, 0.0012120844822885106)	(38.0, 0.0030302112057212765)	(39.0, 0.0036362534468655314)	(40.0, 0.009090633617163828)	(41.0, 0.009090633617163828)	(42.0, 0.010302718099452338)	(43.0, 0.009090633617163828)	(44.0, 0.03272628102178979)	(45.0, 0.4533195963759079)	(46.0, 1.1017847944002543)	(47.0, 1.1308748219751819)	(48.0, 2.016302536286987)	(49.0, 7.0216054058985025)	(50.0, 9.881518741856222)	(51.0, 5.438623072028989)	(52.0, 6.1761764795018825)	(53.0, 13.358989121538798)	(54.0, 18.107936123149628)	(55.0, 14.523196266775853)	(56.0, 10.055452865064467)	(57.0, 4.98924275022032)	(58.0, 1.4432895972850812)	(59.0, 0.4930153631708555)	(60.0, 0.2869610011818051)	(61.0, 0.2851428744583723)	(62.0, 1.0336050422715182)	(63.0, 1.3211720856944997)	(64.0, 0.5230144541074944)	(65.0, 0.11029968788825474)	(66.0, 0.04545316808581911)	(67.0, 0.03757461895094382)	(68.0, 0.034544407745222556)	(69.0, 0.01818126723432766)	(70.0, 0.005454380170298298)	(71.0, 0.0030302112057212765)	(72.0, 0.0018181267234327657)	(73.0, 0.0)	(74.0, 0.0012120844822885106)	(75.0, 0.0006060422411442553)	(76.0, 0.0006060422411442553)	(77.0, 0.0006060422411442553)	(78.0, 0.0)	(79.0, 0.0)	(80.0, 0.0)	(81.0, 0.0)	(82.0, 0.0)	(83.0, 0.0)	(84.0, 0.0)	(85.0, 0.0)	(86.0, 0.0)	(87.0, 0.0)	(88.0, 0.0)	(89.0, 0.0)	(90.0, 0.0)	(91.0, 0.0)	(92.0, 0.0)	(93.0, 0.0)	(94.0, 0.0)	(95.0, 0.0)	(96.0, 0.0)	(97.0, 0.0)	(98.0, 0.0)	(99.0, 0.0)	(100.0, 0.0)
SRR3667020_2	(0.0, 0.0)	(1.0, 0.0)	(2.0, 0.0)	(3.0, 0.0)	(4.0, 0.0)	(5.0, 0.0)	(6.0, 0.0)	(7.0, 0.0)	(8.0, 0.0)	(9.0, 0.0)	(10.0, 0.0)	(11.0, 0.0)	(12.0, 0.0)	(13.0, 0.0)	(14.0, 0.0005979466511998136)	(15.0, 0.0011958933023996272)	(16.0, 0.0011958933023996272)	(17.0, 0.0)	(18.0, 0.0)	(19.0, 0.0)	(20.0, 0.0005979466511998136)	(21.0, 0.0011958933023996272)	(22.0, 0.0017938399535994411)	(23.0, 0.0005979466511998136)	(24.0, 0.0)	(25.0, 0.0023917866047992544)	(26.0, 0.0005979466511998136)	(27.0, 0.0005979466511998136)	(28.0, 0.002989733255999068)	(29.0, 0.0023917866047992544)	(30.0, 0.0023917866047992544)	(31.0, 0.0023917866047992544)	(32.0, 0.0017938399535994411)	(33.0, 0.0023917866047992544)	(34.0, 0.004783573209598509)	(35.0, 0.00837125311679739)	(36.0, 0.007175359814397765)	(37.0, 0.010763039721596642)	(38.0, 0.010165093070396829)	(39.0, 0.01435071962879552)	(40.0, 0.01554661293119515)	(41.0, 0.021526079443193298)	(42.0, 0.03169117251359013)	(43.0, 0.171610688894346)	(44.0, 0.33006655146229863)	(45.0, 0.7151441948349678)	(46.0, 1.3136887926860146)	(47.0, 6.454236153051718)	(48.0, 9.241863440943932)	(49.0, 12.88784314663148)	(50.0, 17.503393347246305)	(51.0, 12.204091150985116)	(52.0, 8.374242850053793)	(53.0, 9.318998558948639)	(54.0, 7.136493282071016)	(55.0, 2.593294626253503)	(56.0, 4.2376479170530015)	(57.0, 3.078827307027641)	(58.0, 0.4610168680750614)	(59.0, 0.2917979657855095)	(60.0, 0.3731187103486865)	(61.0, 0.8721051907749099)	(62.0, 0.4532435616094638)	(63.0, 0.3237881116247005)	(64.0, 0.17131171556874614)	(65.0, 0.050526492026384186)	(66.0, 0.07892895795837547)	(67.0, 0.5812041449662172)	(68.0, 0.45443945491186344)	(69.0, 0.03587679907198881)	(70.0, 0.02212402609439311)	(71.0, 0.04962957204958447)	(72.0, 0.04424805218878617)	(73.0, 0.002989733255999068)	(74.0, 0.0017938399535994411)	(75.0, 0.0011958933023996272)	(76.0, 0.0)	(77.0, 0.0017938399535994411)	(78.0, 0.0011958933023996272)	(79.0, 0.0011958933023996272)	(80.0, 0.0023917866047992544)	(81.0, 0.0005979466511998136)	(82.0, 0.0011958933023996272)	(83.0, 0.0011958933023996272)	(84.0, 0.0005979466511998136)	(85.0, 0.0017938399535994411)	(86.0, 0.0)	(87.0, 0.0005979466511998136)	(88.0, 0.0017938399535994411)	(89.0, 0.0011958933023996272)	(90.0, 0.0005979466511998136)	(91.0, 0.0005979466511998136)	(92.0, 0.0005979466511998136)	(93.0, 0.0)	(94.0, 0.0)	(95.0, 0.0)	(96.0, 0.0)	(97.0, 0.0)	(98.0, 0.0)	(99.0, 0.0005979466511998136)	(100.0, 0.0017938399535994411)
SRR3667021_1	(0.0, 0.0)	(1.0, 0.0)	(2.0, 0.0)	(3.0, 0.0)	(4.0, 0.0)	(5.0, 0.0)	(6.0, 0.0)	(7.0, 0.0)	(8.0, 0.0)	(9.0, 0.0)	(10.0, 0.0)	(11.0, 0.0)	(12.0, 0.0)	(13.0, 0.0)	(14.0, 0.0)	(15.0, 0.0)	(16.0, 0.0)	(17.0, 0.0)	(18.0, 0.0)	(19.0, 0.0)	(20.0, 0.0)	(21.0, 0.0)	(22.0, 0.0)	(23.0, 0.0)	(24.0, 0.0)	(25.0, 0.0)	(26.0, 0.0)	(27.0, 0.0)	(28.0, 0.0)	(29.0, 0.0)	(30.0, 0.0)	(31.0, 0.0)	(32.0, 0.0)	(33.0, 0.0)	(34.0, 0.0003971137770682371)	(35.0, 0.0)	(36.0, 0.0)	(37.0, 0.0011913413312047113)	(38.0, 0.0011913413312047113)	(39.0, 0.0015884551082729485)	(40.0, 0.004368251547750609)	(41.0, 0.0071480479872282655)	(42.0, 0.005559592878955319)	(43.0, 0.008537946206967094)	(44.0, 0.025613838620901285)	(45.0, 0.2477989968905818)	(46.0, 0.5809774558508187)	(47.0, 0.5265728683924733)	(48.0, 0.8597513273527477)	(49.0, 2.7964752181144656)	(50.0, 5.812554354947825)	(51.0, 8.352891186851028)	(52.0, 9.734251460381635)	(53.0, 8.891377468555069)	(54.0, 16.440708927522152)	(55.0, 21.639722496897395)	(56.0, 12.206681836412908)	(57.0, 3.9469138302816718)	(58.0, 2.664037773462149)	(59.0, 1.7923730327974137)	(60.0, 1.12740601309677)	(61.0, 0.6242628575512564)	(62.0, 0.48527303557737894)	(63.0, 0.4739552929309349)	(64.0, 0.36355766290597114)	(65.0, 0.22675196670596462)	(66.0, 0.10205824070653678)	(67.0, 0.02342971284702599)	(68.0, 0.011913413312047113)	(69.0, 0.00794227554136474)	(70.0, 0.0019855688853411854)	(71.0, 0.0003971137770682371)	(72.0, 0.0)	(73.0, 0.0007942275541364742)	(74.0, 0.0007942275541364742)	(75.0, 0.0)	(76.0, 0.0003971137770682371)	(77.0, 0.0003971137770682371)	(78.0, 0.0)	(79.0, 0.0)	(80.0, 0.0)	(81.0, 0.0)	(82.0, 0.0)	(83.0, 0.0)	(84.0, 0.0)	(85.0, 0.0)	(86.0, 0.0)	(87.0, 0.0)	(88.0, 0.0)	(89.0, 0.0)	(90.0, 0.0)	(91.0, 0.0)	(92.0, 0.0)	(93.0, 0.0)	(94.0, 0.0)	(95.0, 0.0)	(96.0, 0.0)	(97.0, 0.0)	(98.0, 0.0)	(99.0, 0.0)	(100.0, 0.0)
SRR3667021_2	(0.0, 0.0)	(1.0, 0.0)	(2.0, 0.0)	(3.0, 0.0)	(4.0, 0.0)	(5.0, 0.0)	(6.0, 0.0)	(7.0, 0.0)	(8.0, 0.0)	(9.0, 0.0)	(10.0, 0.0)	(11.0, 0.0)	(12.0, 0.0)	(13.0, 0.0)	(14.0, 0.0)	(15.0, 0.0)	(16.0, 0.0)	(17.0, 0.0)	(18.0, 0.0)	(19.0, 0.0)	(20.0, 0.0)	(21.0, 0.0)	(22.0, 0.00039361478102216483)	(23.0, 0.0007872295620443297)	(24.0, 0.0)	(25.0, 0.00039361478102216483)	(26.0, 0.0)	(27.0, 0.0)	(28.0, 0.00039361478102216483)	(29.0, 0.0)	(30.0, 0.0)	(31.0, 0.0)	(32.0, 0.0)	(33.0, 0.0)	(34.0, 0.0)	(35.0, 0.00039361478102216483)	(36.0, 0.0007872295620443297)	(37.0, 0.0015744591240886593)	(38.0, 0.0015744591240886593)	(39.0, 0.002952110857666236)	(40.0, 0.006494643886865718)	(41.0, 0.014170132116797938)	(42.0, 0.030701952919728825)	(43.0, 0.13127052947089138)	(44.0, 0.16039802326653158)	(45.0, 0.6455282408763411)	(46.0, 2.0365628770085475)	(47.0, 5.260267933580705)	(48.0, 8.170262009674921)	(49.0, 4.720622068799649)	(50.0, 3.820818679382571)	(51.0, 6.2228528805695325)	(52.0, 7.079752258854008)	(53.0, 5.597595800916393)	(54.0, 7.129938143434288)	(55.0, 5.955982059036749)	(56.0, 19.291454032691295)	(57.0, 19.702978286248772)	(58.0, 1.4575555341250745)	(59.0, 0.605773147993098)	(60.0, 0.23321675775563408)	(61.0, 0.1600044084855094)	(62.0, 0.2629346737228084)	(63.0, 0.26352509589434164)	(64.0, 0.07773891925187773)	(65.0, 0.037196596806594526)	(66.0, 0.03404767855841722)	(67.0, 0.40266792098567233)	(68.0, 0.4235295043798459)	(69.0, 0.01731905036497526)	(70.0, 0.0047233773722659776)	(71.0, 0.011021213868620613)	(72.0, 0.009053139963509788)	(73.0, 0.0023616886861329888)	(74.0, 0.0015744591240886593)	(75.0, 0.0011808443430664944)	(76.0, 0.00039361478102216483)	(77.0, 0.00039361478102216483)	(78.0, 0.00039361478102216483)	(79.0, 0.0007872295620443297)	(80.0, 0.0)	(81.0, 0.0)	(82.0, 0.00039361478102216483)	(83.0, 0.00039361478102216483)	(84.0, 0.0)	(85.0, 0.00039361478102216483)	(86.0, 0.00039361478102216483)	(87.0, 0.0)	(88.0, 0.0)	(89.0, 0.00039361478102216483)	(90.0, 0.0)	(91.0, 0.00039361478102216483)	(92.0, 0.00039361478102216483)	(93.0, 0.0)	(94.0, 0.0)	(95.0, 0.00039361478102216483)	(96.0, 0.00039361478102216483)	(97.0, 0.0)	(98.0, 0.00039361478102216483)	(99.0, 0.0)	(100.0, 0.0017712665145997416)
SRR3667022_1	(0.0, 0.0)	(1.0, 0.0)	(2.0, 0.0)	(3.0, 0.0)	(4.0, 0.0)	(5.0, 0.0)	(6.0, 0.0)	(7.0, 0.0)	(8.0, 0.0)	(9.0, 0.0)	(10.0, 0.0)	(11.0, 0.0)	(12.0, 0.0)	(13.0, 0.0)	(14.0, 0.0)	(15.0, 0.0)	(16.0, 0.0)	(17.0, 0.0)	(18.0, 0.0)	(19.0, 0.0)	(20.0, 0.0)	(21.0, 0.0)	(22.0, 0.0)	(23.0, 0.0)	(24.0, 0.0)	(25.0, 0.0)	(26.0, 0.0)	(27.0, 0.0)	(28.0, 0.0)	(29.0, 0.0)	(30.0, 0.0)	(31.0, 0.0)	(32.0, 0.0)	(33.0, 0.0)	(34.0, 0.0)	(35.0, 0.0)	(36.0, 0.00028563267637810074)	(37.0, 0.0008568980291343022)	(38.0, 0.002856326763781008)	(39.0, 0.002856326763781008)	(40.0, 0.0077120822622087195)	(41.0, 0.010568409025989732)	(42.0, 0.014567266495283145)	(43.0, 0.025421308197650934)	(44.0, 0.04855755498427724)	(45.0, 0.3773207654954646)	(46.0, 0.863753213367415)	(47.0, 0.8220508426162075)	(48.0, 0.9827192230788716)	(49.0, 3.246215367037634)	(50.0, 6.95358469008418)	(51.0, 10.123393316195738)	(52.0, 11.676092544989917)	(53.0, 10.060982576407008)	(54.0, 12.701085404174597)	(55.0, 15.294915738361997)	(56.0, 10.74421593830467)	(57.0, 5.695372750639791)	(58.0, 3.6099685804051735)	(59.0, 2.3019137389312028)	(60.0, 1.479577263638465)	(61.0, 0.7714938588972778)	(62.0, 0.5349900028561836)	(63.0, 0.5361325335616961)	(64.0, 0.49185946872308556)	(65.0, 0.3903170522706675)	(66.0, 0.1806626678091501)	(67.0, 0.02942016566694435)	(68.0, 0.011425307055124035)	(69.0, 0.005998286203940114)	(70.0, 0.00028563267637810074)	(71.0, 0.0)	(72.0, 0.0)	(73.0, 0.00028563267637810074)	(74.0, 0.0)	(75.0, 0.0)	(76.0, 0.0)	(77.0, 0.0)	(78.0, 0.0)	(79.0, 0.0)	(80.0, 0.0)	(81.0, 0.0)	(82.0, 0.0)	(83.0, 0.0)	(84.0, 0.0)	(85.0, 0.0)	(86.0, 0.0)	(87.0, 0.0)	(88.0, 0.0)	(89.0, 0.0)	(90.0, 0.0)	(91.0, 0.0)	(92.0, 0.0)	(93.0, 0.0)	(94.0, 0.0)	(95.0, 0.0)	(96.0, 0.0)	(97.0, 0.00028563267637810074)	(98.0, 0.0)	(99.0, 0.0)	(100.0, 0.0)
SRR3667022_2	(0.0, 0.0)	(1.0, 0.0)	(2.0, 0.0)	(3.0, 0.0)	(4.0, 0.0)	(5.0, 0.0)	(6.0, 0.0)	(7.0, 0.0)	(8.0, 0.0)	(9.0, 0.0)	(10.0, 0.0)	(11.0, 0.0)	(12.0, 0.0)	(13.0, 0.0)	(14.0, 0.0)	(15.0, 0.0)	(16.0, 0.0)	(17.0, 0.0)	(18.0, 0.0)	(19.0, 0.0)	(20.0, 0.0)	(21.0, 0.0)	(22.0, 0.0)	(23.0, 0.0)	(24.0, 0.0)	(25.0, 0.0)	(26.0, 0.0)	(27.0, 0.0)	(28.0, 0.0)	(29.0, 0.0)	(30.0, 0.0)	(31.0, 0.0002834728255862328)	(32.0, 0.0002834728255862328)	(33.0, 0.0002834728255862328)	(34.0, 0.0002834728255862328)	(35.0, 0.0008504184767586984)	(36.0, 0.0005669456511724656)	(37.0, 0.0017008369535173968)	(38.0, 0.0022677826046898623)	(39.0, 0.00510251086055219)	(40.0, 0.005811192924517771)	(41.0, 0.008929394005966335)	(42.0, 0.020410043442208748)	(43.0, 0.1207594236997349)	(44.0, 0.17546967903787938)	(45.0, 0.5797019283238526)	(46.0, 2.355942653447302)	(47.0, 6.499464945039037)	(48.0, 9.55275074943263)	(49.0, 5.200025512552927)	(50.0, 6.202810633063314)	(51.0, 9.550908176066317)	(52.0, 9.736441140412841)	(53.0, 7.194682049789263)	(54.0, 8.280524708199302)	(55.0, 6.543686705830449)	(56.0, 11.79331996287029)	(57.0, 11.041550029414232)	(58.0, 1.675749608452872)	(59.0, 0.8310005882060765)	(60.0, 0.2993473038190597)	(61.0, 0.24137711098667838)	(62.0, 0.412169488402374)	(63.0, 0.5179048523460468)	(64.0, 0.1887929018404327)	(65.0, 0.041953978186762525)	(66.0, 0.03174895646565807)	(67.0, 0.4082008688441669)	(68.0, 0.4130199068791326)	(69.0, 0.022677826046898605)	(70.0, 0.005527720098931539)	(71.0, 0.009496339657138803)	(72.0, 0.011905858674621786)	(73.0, 0.0028347282558623286)	(74.0, 0.001417364127931164)	(75.0, 0.001417364127931164)	(76.0, 0.0008504184767586984)	(77.0, 0.0008504184767586984)	(78.0, 0.0005669456511724656)	(79.0, 0.0005669456511724656)	(80.0, 0.0002834728255862328)	(81.0, 0.0002834728255862328)	(82.0, 0.0)	(83.0, 0.0)	(84.0, 0.0002834728255862328)	(85.0, 0.0002834728255862328)	(86.0, 0.0)	(87.0, 0.0005669456511724656)	(88.0, 0.0008504184767586984)	(89.0, 0.0)	(90.0, 0.0002834728255862328)	(91.0, 0.0002834728255862328)	(92.0, 0.0005669456511724656)	(93.0, 0.0002834728255862328)	(94.0, 0.0002834728255862328)	(95.0, 0.0002834728255862328)	(96.0, 0.0002834728255862328)	(97.0, 0.0)	(98.0, 0.0002834728255862328)	(99.0, 0.0002834728255862328)	(100.0, 0.0004252092383793492)
SRR3667023_1	(0.0, 0.0)	(1.0, 0.0)	(2.0, 0.0)	(3.0, 0.0)	(4.0, 0.0)	(5.0, 0.0)	(6.0, 0.0)	(7.0, 0.0)	(8.0, 0.0)	(9.0, 0.0)	(10.0, 0.0)	(11.0, 0.0)	(12.0, 0.0)	(13.0, 0.0)	(14.0, 0.0)	(15.0, 0.0)	(16.0, 0.0)	(17.0, 0.0)	(18.0, 0.0)	(19.0, 0.0)	(20.0, 0.0)	(21.0, 0.0)	(22.0, 0.0)	(23.0, 0.0)	(24.0, 0.0)	(25.0, 0.0)	(26.0, 0.0)	(27.0, 0.0)	(28.0, 0.0)	(29.0, 0.0)	(30.0, 0.0)	(31.0, 0.0)	(32.0, 0.0)	(33.0, 0.0)	(34.0, 0.0005725524100161166)	(35.0, 0.0014313810250402915)	(36.0, 0.002576485845072525)	(37.0, 0.006011800305169223)	(38.0, 0.010019667175282044)	(39.0, 0.025764858450725216)	(40.0, 0.04866695485137002)	(41.0, 0.0784396801722078)	(42.0, 0.1090712341080696)	(43.0, 0.14829107419417467)	(44.0, 0.19667175284053792)	(45.0, 0.4516007134002033)	(46.0, 0.8920366548051466)	(47.0, 0.9694743682598089)	(48.0, 1.5135422958775)	(49.0, 4.406935899893881)	(50.0, 6.746957599627621)	(51.0, 6.503909101576001)	(52.0, 8.137114851148493)	(53.0, 10.697426090642717)	(54.0, 13.170995640019346)	(55.0, 13.73138131132364)	(56.0, 11.173932833879501)	(57.0, 7.474814850861146)	(58.0, 4.476787293915783)	(59.0, 2.47872252106244)	(60.0, 1.4547125357483575)	(61.0, 0.9281074566361539)	(62.0, 1.2772212886434016)	(63.0, 1.4225064626849582)	(64.0, 0.8648404153293824)	(65.0, 0.38303756230077524)	(66.0, 0.16446567977713042)	(67.0, 0.03091783014087028)	(68.0, 0.013168705430370692)	(69.0, 0.0061549384076732515)	(70.0, 0.000858828615024175)	(71.0, 0.0002862762050080583)	(72.0, 0.0002862762050080583)	(73.0, 0.0002862762050080583)	(74.0, 0.0)	(75.0, 0.0)	(76.0, 0.0)	(77.0, 0.0)	(78.0, 0.0)	(79.0, 0.0)	(80.0, 0.0)	(81.0, 0.0)	(82.0, 0.0)	(83.0, 0.0)	(84.0, 0.0)	(85.0, 0.0)	(86.0, 0.0)	(87.0, 0.0)	(88.0, 0.0)	(89.0, 0.0)	(90.0, 0.0)	(91.0, 0.0)	(92.0, 0.0)	(93.0, 0.0)	(94.0, 0.0)	(95.0, 0.0)	(96.0, 0.0)	(97.0, 0.0)	(98.0, 0.0)	(99.0, 0.0)	(100.0, 0.0)
SRR3667023_2	(0.0, 0.0)	(1.0, 0.0)	(2.0, 0.0)	(3.0, 0.0)	(4.0, 0.0)	(5.0, 0.0)	(6.0, 0.0)	(7.0, 0.0)	(8.0, 0.0)	(9.0, 0.0)	(10.0, 0.0)	(11.0, 0.0)	(12.0, 0.0)	(13.0, 0.0)	(14.0, 0.0)	(15.0, 0.0)	(16.0, 0.0)	(17.0, 0.0)	(18.0, 0.0)	(19.0, 0.0)	(20.0, 0.0)	(21.0, 0.00028552420816997854)	(22.0, 0.0)	(23.0, 0.0)	(24.0, 0.0)	(25.0, 0.0)	(26.0, 0.0)	(27.0, 0.0)	(28.0, 0.0)	(29.0, 0.00028552420816997854)	(30.0, 0.0005710484163399571)	(31.0, 0.00028552420816997854)	(32.0, 0.00028552420816997854)	(33.0, 0.0005710484163399571)	(34.0, 0.0005710484163399571)	(35.0, 0.0011420968326799142)	(36.0, 0.0005710484163399571)	(37.0, 0.001713145249019871)	(38.0, 0.003426290498039743)	(39.0, 0.003426290498039743)	(40.0, 0.005710484163399569)	(41.0, 0.011706492534969127)	(42.0, 0.023698509278108192)	(43.0, 0.12705827263564035)	(44.0, 0.21585630137650616)	(45.0, 0.5442091407719811)	(46.0, 2.1097383741679736)	(47.0, 5.92034445640295)	(48.0, 8.47321640165238)	(49.0, 7.301853337632911)	(50.0, 9.604606076527975)	(51.0, 10.668612038275338)	(52.0, 10.2150568335965)	(53.0, 9.364051931144331)	(54.0, 8.29233681577637)	(55.0, 5.131155545021846)	(56.0, 8.135012977074425)	(57.0, 6.654569957711383)	(58.0, 1.561246370273327)	(59.0, 1.029172008348693)	(60.0, 0.48810363386657407)	(61.0, 0.6477116662336101)	(62.0, 0.5540597259538466)	(63.0, 0.5069482316057946)	(64.0, 0.32378445206475226)	(65.0, 0.13291151890312503)	(66.0, 0.08922631505311797)	(67.0, 0.850576616138403)	(68.0, 0.9013999251926564)	(69.0, 0.046683208035791596)	(70.0, 0.020272218780068463)	(71.0, 0.011992016743139107)	(72.0, 0.011420968326799149)	(73.0, 0.0011420968326799142)	(74.0, 0.0008565726245099357)	(75.0, 0.0005710484163399571)	(76.0, 0.0)	(77.0, 0.0008565726245099357)	(78.0, 0.0014276210408498927)	(79.0, 0.0008565726245099357)	(80.0, 0.0005710484163399571)	(81.0, 0.0)	(82.0, 0.00028552420816997854)	(83.0, 0.0011420968326799142)	(84.0, 0.0005710484163399571)	(85.0, 0.0)	(86.0, 0.0005710484163399571)	(87.0, 0.00028552420816997854)	(88.0, 0.00028552420816997854)	(89.0, 0.00028552420816997854)	(90.0, 0.00028552420816997854)	(91.0, 0.00028552420816997854)	(92.0, 0.0)	(93.0, 0.00028552420816997854)	(94.0, 0.0)	(95.0, 0.0)	(96.0, 0.0)	(97.0, 0.0005710484163399571)	(98.0, 0.0005710484163399571)	(99.0, 0.0008565726245099357)	(100.0, 0.0)
SRR3667024_1	(0.0, 0.0)	(1.0, 0.0)	(2.0, 0.0)	(3.0, 0.0)	(4.0, 0.0)	(5.0, 0.0)	(6.0, 0.0)	(7.0, 0.0)	(8.0, 0.0)	(9.0, 0.0)	(10.0, 0.0)	(11.0, 0.0)	(12.0, 0.0)	(13.0, 0.0)	(14.0, 0.0)	(15.0, 0.0)	(16.0, 0.0)	(17.0, 0.0)	(18.0, 0.0)	(19.0, 0.0)	(20.0, 0.0)	(21.0, 0.0)	(22.0, 0.0)	(23.0, 0.000426364686771121)	(24.0, 0.000852729373542242)	(25.0, 0.000852729373542242)	(26.0, 0.000426364686771121)	(27.0, 0.000426364686771121)	(28.0, 0.000426364686771121)	(29.0, 0.0012790940603133632)	(30.0, 0.000426364686771121)	(31.0, 0.0)	(32.0, 0.000426364686771121)	(33.0, 0.000852729373542242)	(34.0, 0.0012790940603133632)	(35.0, 0.0012790940603133632)	(36.0, 0.0)	(37.0, 0.000852729373542242)	(38.0, 0.0021318234338556052)	(39.0, 0.002984552807397847)	(40.0, 0.0038372821809400898)	(41.0, 0.005116376241253453)	(42.0, 0.005969105614795694)	(43.0, 0.006395470301566814)	(44.0, 0.023450057772411662)	(45.0, 2.116900669818492)	(46.0, 7.347116282438994)	(47.0, 4.878891110722727)	(48.0, 0.9478086986922204)	(49.0, 1.5261723962972382)	(50.0, 3.8108475703605835)	(51.0, 6.642975002237128)	(52.0, 7.523204898075307)	(53.0, 9.32203751156103)	(54.0, 20.997821276462652)	(55.0, 23.722717989606977)	(56.0, 8.006062905843166)	(57.0, 0.6779198519660704)	(58.0, 0.5698364038695934)	(59.0, 0.7307890731256953)	(60.0, 0.30826166853552367)	(61.0, 0.09358704874626114)	(62.0, 0.23258193663364748)	(63.0, 0.282040240299099)	(64.0, 0.12492485322393809)	(65.0, 0.05606695631040246)	(66.0, 0.015775493410531485)	(67.0, 0.001705458747084484)	(68.0, 0.0014922764036989235)	(69.0, 0.0014922764036989235)	(70.0, 0.0)	(71.0, 0.0006395470301566816)	(72.0, 0.0006395470301566816)	(73.0, 0.0)	(74.0, 0.0)	(75.0, 0.0)	(76.0, 0.0)	(77.0, 0.0)	(78.0, 0.0)	(79.0, 0.0)	(80.0, 0.0)	(81.0, 0.0)	(82.0, 0.0)	(83.0, 0.0)	(84.0, 0.0)	(85.0, 0.0)	(86.0, 0.0)	(87.0, 0.0)	(88.0, 0.0)	(89.0, 0.0)	(90.0, 0.0)	(91.0, 0.0)	(92.0, 0.0)	(93.0, 0.0)	(94.0, 0.0)	(95.0, 0.0)	(96.0, 0.0)	(97.0, 0.0)	(98.0, 0.0)	(99.0, 0.0)	(100.0, 0.0)
SRR3667024_2	(0.0, 0.0)	(1.0, 0.0)	(2.0, 0.0)	(3.0, 0.0)	(4.0, 0.0)	(5.0, 0.0)	(6.0, 0.0)	(7.0, 0.0)	(8.0, 0.0)	(9.0, 0.0)	(10.0, 0.0)	(11.0, 0.0)	(12.0, 0.0)	(13.0, 0.0)	(14.0, 0.0)	(15.0, 0.0)	(16.0, 0.0)	(17.0, 0.0)	(18.0, 0.00042104731308650477)	(19.0, 0.00042104731308650477)	(20.0, 0.00042104731308650477)	(21.0, 0.0008420946261730095)	(22.0, 0.00042104731308650477)	(23.0, 0.0)	(24.0, 0.0)	(25.0, 0.00042104731308650477)	(26.0, 0.00042104731308650477)	(27.0, 0.0)	(28.0, 0.0)	(29.0, 0.0008420946261730095)	(30.0, 0.00042104731308650477)	(31.0, 0.00042104731308650477)	(32.0, 0.0021052365654325236)	(33.0, 0.001684189252346019)	(34.0, 0.0021052365654325236)	(35.0, 0.0021052365654325236)	(36.0, 0.001684189252346019)	(37.0, 0.0046315204439515536)	(38.0, 0.003368378504692038)	(39.0, 0.005894662383211066)	(40.0, 0.005894662383211066)	(41.0, 0.007578851635557084)	(42.0, 0.10273554439310707)	(43.0, 0.239154873833136)	(44.0, 0.05894662383211074)	(45.0, 0.09894611857532859)	(46.0, 0.4547310981334214)	(47.0, 11.538380567820978)	(48.0, 11.657115910111587)	(49.0, 3.230064462343179)	(50.0, 4.215946745935678)	(51.0, 15.368437451319336)	(52.0, 7.083278948053475)	(53.0, 1.0050399363375129)	(54.0, 0.7976741346423856)	(55.0, 1.0469341439896247)	(56.0, 23.291284741668335)	(57.0, 16.839366239589708)	(58.0, 0.5265196650146665)	(59.0, 0.9408302210918134)	(60.0, 0.5959924716739358)	(61.0, 0.05347300876198613)	(62.0, 0.07115699591161945)	(63.0, 0.17010311448694726)	(64.0, 0.22357612324893486)	(65.0, 0.048420441004948044)	(66.0, 0.020841841997782)	(67.0, 0.14462975204521372)	(68.0, 0.09936716588841508)	(69.0, 0.008210422605186842)	(70.0, 0.0035789021612352913)	(71.0, 0.0025262838785190286)	(72.0, 0.0021052365654325236)	(73.0, 0.003999949474321796)	(74.0, 0.0031578548481487863)	(75.0, 0.0008420946261730095)	(76.0, 0.0)	(77.0, 0.00042104731308650477)	(78.0, 0.0008420946261730095)	(79.0, 0.0008420946261730095)	(80.0, 0.0)	(81.0, 0.0)	(82.0, 0.00042104731308650477)	(83.0, 0.0)	(84.0, 0.0)	(85.0, 0.0)	(86.0, 0.0)	(87.0, 0.00042104731308650477)	(88.0, 0.0)	(89.0, 0.00042104731308650477)	(90.0, 0.00042104731308650477)	(91.0, 0.00042104731308650477)	(92.0, 0.00042104731308650477)	(93.0, 0.00042104731308650477)	(94.0, 0.0008420946261730095)	(95.0, 0.0)	(96.0, 0.0)	(97.0, 0.0)	(98.0, 0.0)	(99.0, 0.0008420946261730095)	(100.0, 0.003789425817778543)
SRR3667025_1	(0.0, 0.007500375018749908)	(1.0, 0.003750187509374954)	(2.0, 0.0)	(3.0, 0.0)	(4.0, 0.0)	(5.0, 0.0)	(6.0, 0.0)	(7.0, 0.0)	(8.0, 0.0)	(9.0, 0.0)	(10.0, 0.0)	(11.0, 0.0)	(12.0, 0.0)	(13.0, 0.0)	(14.0, 0.0)	(15.0, 0.0)	(16.0, 0.0)	(17.0, 0.0)	(18.0, 0.0)	(19.0, 0.00031251562578124613)	(20.0, 0.00031251562578124613)	(21.0, 0.00031251562578124613)	(22.0, 0.0006250312515624923)	(23.0, 0.0009375468773437385)	(24.0, 0.0006250312515624923)	(25.0, 0.0006250312515624923)	(26.0, 0.00031251562578124613)	(27.0, 0.0)	(28.0, 0.00031251562578124613)	(29.0, 0.0012500625031249845)	(30.0, 0.0012500625031249845)	(31.0, 0.0009375468773437385)	(32.0, 0.0012500625031249845)	(33.0, 0.0012500625031249845)	(34.0, 0.0009375468773437385)	(35.0, 0.002812640632031215)	(36.0, 0.0018750937546874766)	(37.0, 0.003750187509374954)	(38.0, 0.004843992199609315)	(39.0, 0.0046877343867186925)	(40.0, 0.0032814140707030847)	(41.0, 0.005937796889843675)	(42.0, 0.005312765638281184)	(43.0, 0.007187859392968658)	(44.0, 0.04062703135156203)	(45.0, 0.49064953247654663)	(46.0, 0.9900495024750248)	(47.0, 1.5378893944694245)	(48.0, 3.0717160858042174)	(49.0, 7.8943009650447635)	(50.0, 11.090710785541164)	(51.0, 7.056290314512531)	(52.0, 10.119568478424174)	(53.0, 12.955179008955465)	(54.0, 11.786683084157263)	(55.0, 11.429008950449976)	(56.0, 7.408651682580566)	(57.0, 4.863211910594633)	(58.0, 3.1990662033101316)	(59.0, 1.6427383869190098)	(60.0, 0.998018650932444)	(61.0, 0.5576841342066318)	(62.0, 1.0152070103504092)	(63.0, 1.3489736986847043)	(64.0, 0.39751987599373884)	(65.0, 0.016407070353515428)	(66.0, 0.006406570328515544)	(67.0, 0.009219210960546762)	(68.0, 0.0067190859542967905)	(69.0, 0.002812640632031215)	(70.0, 0.0009375468773437385)	(71.0, 0.00031251562578124613)	(72.0, 0.0)	(73.0, 0.00031251562578124613)	(74.0, 0.0006250312515624923)	(75.0, 0.0)	(76.0, 0.00031251562578124613)	(77.0, 0.0)	(78.0, 0.0)	(79.0, 0.0)	(80.0, 0.0)	(81.0, 0.0)	(82.0, 0.0)	(83.0, 0.0)	(84.0, 0.0)	(85.0, 0.0)	(86.0, 0.0)	(87.0, 0.0)	(88.0, 0.0)	(89.0, 0.0)	(90.0, 0.0)	(91.0, 0.0)	(92.0, 0.0)	(93.0, 0.0)	(94.0, 0.0)	(95.0, 0.0)	(96.0, 0.0)	(97.0, 0.0)	(98.0, 0.0)	(99.0, 0.0)	(100.0, 0.0)
SRR3667025_2	(0.0, 0.006561034018959184)	(1.0, 0.003280517009479592)	(2.0, 0.0)	(3.0, 0.0)	(4.0, 0.0)	(5.0, 0.0)	(6.0, 0.0)	(7.0, 0.0)	(8.0, 0.0)	(9.0, 0.0)	(10.0, 0.0)	(11.0, 0.0)	(12.0, 0.0)	(13.0, 0.0)	(14.0, 0.0)	(15.0, 0.0)	(16.0, 0.0)	(17.0, 0.0)	(18.0, 0.0003124301913790088)	(19.0, 0.0003124301913790088)	(20.0, 0.0)	(21.0, 0.0003124301913790088)	(22.0, 0.0006248603827580176)	(23.0, 0.0003124301913790088)	(24.0, 0.0006248603827580176)	(25.0, 0.0006248603827580176)	(26.0, 0.0006248603827580176)	(27.0, 0.0009372905741370265)	(28.0, 0.0009372905741370265)	(29.0, 0.0006248603827580176)	(30.0, 0.0003124301913790088)	(31.0, 0.0003124301913790088)	(32.0, 0.0003124301913790088)	(33.0, 0.0018745811482740525)	(34.0, 0.0024994415310320706)	(35.0, 0.0024994415310320706)	(36.0, 0.0028118717224110794)	(37.0, 0.0054675283491326535)	(38.0, 0.005155098157753645)	(39.0, 0.0043740226793061235)	(40.0, 0.005311313253443148)	(41.0, 0.009372905741370265)	(42.0, 0.013434498229297384)	(43.0, 0.09669714423180287)	(44.0, 0.10731977073868904)	(45.0, 0.7278061308174183)	(46.0, 1.3939072988373926)	(47.0, 12.669200475520782)	(48.0, 13.81503820240538)	(49.0, 3.6073189896626285)	(50.0, 8.62026141033715)	(51.0, 13.292811137514416)	(52.0, 15.474354948821667)	(53.0, 11.096895537403059)	(54.0, 7.785135508779543)	(55.0, 4.040191019818167)	(56.0, 1.2098859161151987)	(57.0, 0.7954472672509809)	(58.0, 1.0603880695403765)	(59.0, 0.541285306564129)	(60.0, 0.10575761978179404)	(61.0, 0.20839093764980068)	(62.0, 0.1765230581291409)	(63.0, 0.05280070234305261)	(64.0, 0.196518590377398)	(65.0, 0.10856949150420504)	(66.0, 0.1056014046861045)	(67.0, 1.3981251064210085)	(68.0, 1.1527111910928527)	(69.0, 0.030305728563763814)	(70.0, 0.009997766124128284)	(71.0, 0.015309079377571441)	(72.0, 0.012809637846539367)	(73.0, 0.0021870113396530617)	(74.0, 0.0015621509568950439)	(75.0, 0.0021870113396530617)	(76.0, 0.0015621509568950439)	(77.0, 0.0012497207655160353)	(78.0, 0.0006248603827580176)	(79.0, 0.0012497207655160353)	(80.0, 0.0018745811482740525)	(81.0, 0.0003124301913790088)	(82.0, 0.0)	(83.0, 0.0006248603827580176)	(84.0, 0.0006248603827580176)	(85.0, 0.0)	(86.0, 0.0006248603827580176)	(87.0, 0.0009372905741370265)	(88.0, 0.0006248603827580176)	(89.0, 0.0003124301913790088)	(90.0, 0.0)	(91.0, 0.0)	(92.0, 0.0006248603827580176)	(93.0, 0.0006248603827580176)	(94.0, 0.0003124301913790088)	(95.0, 0.0)	(96.0, 0.0006248603827580176)	(97.0, 0.0006248603827580176)	(98.0, 0.0003124301913790088)	(99.0, 0.0003124301913790088)	(100.0, 0.0028118717224110794)
SRR3667026_1	(0.0, 0.04034935819302943)	(1.0, 0.020174679096514714)	(2.0, 0.0)	(3.0, 0.0)	(4.0, 0.0)	(5.0, 0.0)	(6.0, 0.0)	(7.0, 0.0)	(8.0, 0.0)	(9.0, 0.0)	(10.0, 0.0)	(11.0, 0.0)	(12.0, 0.0)	(13.0, 0.0)	(14.0, 0.0)	(15.0, 0.0)	(16.0, 0.0)	(17.0, 0.0)	(18.0, 0.0)	(19.0, 0.0)	(20.0, 0.0)	(21.0, 0.0)	(22.0, 0.0)	(23.0, 0.00042030581451072313)	(24.0, 0.0008406116290214463)	(25.0, 0.0008406116290214463)	(26.0, 0.0008406116290214463)	(27.0, 0.00042030581451072313)	(28.0, 0.0008406116290214463)	(29.0, 0.00042030581451072313)	(30.0, 0.0)	(31.0, 0.0012609174435321696)	(32.0, 0.0016812232580428925)	(33.0, 0.0016812232580428925)	(34.0, 0.0031522936088304236)	(35.0, 0.0027319877943197002)	(36.0, 0.0050436697741286785)	(37.0, 0.007145198846682292)	(38.0, 0.008616269197469823)	(39.0, 0.00798581047570374)	(40.0, 0.010507645362768075)	(41.0, 0.012819327342577057)	(42.0, 0.020384832003770084)	(43.0, 0.02227620816906834)	(44.0, 0.1267222030749826)	(45.0, 1.5937996486246522)	(46.0, 3.112364556451911)	(47.0, 1.6583165911520334)	(48.0, 4.055740957121657)	(49.0, 9.635510797655208)	(50.0, 8.915947243213509)	(51.0, 8.550911643311279)	(52.0, 10.607678146618397)	(53.0, 7.97025916056525)	(54.0, 7.35955481208172)	(55.0, 9.555022234176512)	(56.0, 10.608939064061952)	(57.0, 7.173359336253636)	(58.0, 2.770235623440032)	(59.0, 1.51226032060959)	(60.0, 1.1520582375739314)	(61.0, 0.6886710770758109)	(62.0, 1.1680298585253417)	(63.0, 1.221829002782721)	(64.0, 0.328258841132878)	(65.0, 0.038247829120475765)	(66.0, 0.008616269197469823)	(67.0, 0.0050436697741286785)	(68.0, 0.004203058145107232)	(69.0, 0.002101529072553616)	(70.0, 0.0008406116290214463)	(71.0, 0.00042030581451072313)	(72.0, 0.0008406116290214463)	(73.0, 0.0008406116290214463)	(74.0, 0.0018913761652982542)	(75.0, 0.001050764536276808)	(76.0, 0.0)	(77.0, 0.0)	(78.0, 0.0)	(79.0, 0.0)	(80.0, 0.0)	(81.0, 0.0)	(82.0, 0.0)	(83.0, 0.0)	(84.0, 0.0)	(85.0, 0.0)	(86.0, 0.0)	(87.0, 0.0)	(88.0, 0.0)	(89.0, 0.0)	(90.0, 0.0)	(91.0, 0.0)	(92.0, 0.0)	(93.0, 0.0)	(94.0, 0.0)	(95.0, 0.0)	(96.0, 0.0)	(97.0, 0.0)	(98.0, 0.0)	(99.0, 0.0)	(100.0, 0.0)
SRR3667026_2	(0.0, 0.013842514136144766)	(1.0, 0.006921257068072383)	(2.0, 0.0)	(3.0, 0.0)	(4.0, 0.0)	(5.0, 0.0)	(6.0, 0.0)	(7.0, 0.0)	(8.0, 0.0)	(9.0, 0.0)	(10.0, 0.0)	(11.0, 0.0)	(12.0, 0.0)	(13.0, 0.0)	(14.0, 0.0)	(15.0, 0.0)	(16.0, 0.0)	(17.0, 0.0)	(18.0, 0.0)	(19.0, 0.0)	(20.0, 0.00041947012533772015)	(21.0, 0.00041947012533772015)	(22.0, 0.0)	(23.0, 0.00041947012533772015)	(24.0, 0.0008389402506754403)	(25.0, 0.0012584103760131607)	(26.0, 0.00041947012533772015)	(27.0, 0.00041947012533772015)	(28.0, 0.0020973506266886007)	(29.0, 0.0020973506266886007)	(30.0, 0.0012584103760131607)	(31.0, 0.0012584103760131607)	(32.0, 0.002936290877364041)	(33.0, 0.0037752311280394818)	(34.0, 0.002726555814695181)	(35.0, 0.0046141713787149225)	(36.0, 0.0056628466920592225)	(37.0, 0.005453111629390362)	(38.0, 0.007550462256078961)	(39.0, 0.00922834275742984)	(40.0, 0.01468145438682021)	(41.0, 0.01552039463749565)	(42.0, 0.018876155640197418)	(43.0, 0.04362489303512286)	(44.0, 0.10696488196111847)	(45.0, 3.6764459135227137)	(46.0, 9.059715767041467)	(47.0, 8.911852547860056)	(48.0, 7.530117954998864)	(49.0, 9.215339183541625)	(50.0, 14.293234785823634)	(51.0, 8.719525495392896)	(52.0, 9.628726992061596)	(53.0, 7.365056460678628)	(54.0, 5.990243124885487)	(55.0, 5.982692662629416)	(56.0, 3.5887766573270836)	(57.0, 1.1034161647009064)	(58.0, 0.8209030352859235)	(59.0, 0.4863756103290817)	(60.0, 0.2743334619708706)	(61.0, 0.23217671437442888)	(62.0, 0.1807916240205571)	(63.0, 0.17009513582444497)	(64.0, 0.3445947079649394)	(65.0, 0.11535428446787276)	(66.0, 0.08284534975419992)	(67.0, 0.9618449973994139)	(68.0, 0.9152838134869214)	(69.0, 0.036074430779043896)	(70.0, 0.0067115220054035215)	(71.0, 0.006292051880065802)	(72.0, 0.0077601973187478215)	(73.0, 0.0031460259400329016)	(74.0, 0.0012584103760131607)	(75.0, 0.0008389402506754403)	(76.0, 0.0012584103760131607)	(77.0, 0.00041947012533772015)	(78.0, 0.0)	(79.0, 0.0012584103760131607)	(80.0, 0.0020973506266886007)	(81.0, 0.0016778805013508806)	(82.0, 0.00041947012533772015)	(83.0, 0.0)	(84.0, 0.0)	(85.0, 0.00041947012533772015)	(86.0, 0.0016778805013508806)	(87.0, 0.0016778805013508806)	(88.0, 0.00041947012533772015)	(89.0, 0.0)	(90.0, 0.0)	(91.0, 0.0)	(92.0, 0.0)	(93.0, 0.00041947012533772015)	(94.0, 0.0008389402506754403)	(95.0, 0.0012584103760131607)	(96.0, 0.00041947012533772015)	(97.0, 0.0)	(98.0, 0.0)	(99.0, 0.0)	(100.0, 0.0006292051880065803)
SRR3667027_1	(0.0, 0.0)	(1.0, 0.0)	(2.0, 0.0)	(3.0, 0.0)	(4.0, 0.0)	(5.0, 0.0)	(6.0, 0.0)	(7.0, 0.0)	(8.0, 0.0)	(9.0, 0.0)	(10.0, 0.0)	(11.0, 0.0)	(12.0, 0.0)	(13.0, 0.0)	(14.0, 0.0)	(15.0, 0.0)	(16.0, 0.0)	(17.0, 0.0)	(18.0, 0.0)	(19.0, 0.0)	(20.0, 0.0)	(21.0, 0.0)	(22.0, 0.0)	(23.0, 0.0)	(24.0, 0.0)	(25.0, 0.0)	(26.0, 0.0)	(27.0, 0.0)	(28.0, 0.0)	(29.0, 0.0)	(30.0, 0.0)	(31.0, 0.0)	(32.0, 0.0006239159460438046)	(33.0, 0.001247831892087609)	(34.0, 0.0006239159460438046)	(35.0, 0.001247831892087609)	(36.0, 0.0018717478381314137)	(37.0, 0.0006239159460438046)	(38.0, 0.001247831892087609)	(39.0, 0.0006239159460438046)	(40.0, 0.001247831892087609)	(41.0, 0.002495663784175218)	(42.0, 0.0037434956762628273)	(43.0, 0.0018717478381314137)	(44.0, 0.005615243514394241)	(45.0, 0.007486991352525655)	(46.0, 0.008734823244613263)	(47.0, 0.03618712487054066)	(48.0, 0.4342454984464921)	(49.0, 2.5749011093227185)	(50.0, 5.0671333557949705)	(51.0, 5.732851670224009)	(52.0, 8.168307565606426)	(53.0, 10.536692496786563)	(54.0, 12.181646888529556)	(55.0, 16.112317348604073)	(56.0, 12.51013863412132)	(57.0, 9.738080085851214)	(58.0, 7.959919639627986)	(59.0, 4.393304134067356)	(60.0, 1.483984077665227)	(61.0, 0.5353198817055865)	(62.0, 0.4245748012828129)	(63.0, 0.5278328903530612)	(64.0, 0.8762899462185062)	(65.0, 0.5496699484645933)	(66.0, 0.10357004704327179)	(67.0, 0.008110907298569458)	(68.0, 0.002495663784175218)	(69.0, 0.0006239159460438046)	(70.0, 0.001247831892087609)	(71.0, 0.0)	(72.0, 0.0)	(73.0, 0.0006239159460438046)	(74.0, 0.0006239159460438046)	(75.0, 0.0)	(76.0, 0.0)	(77.0, 0.0)	(78.0, 0.0)	(79.0, 0.0)	(80.0, 0.0)	(81.0, 0.0)	(82.0, 0.0)	(83.0, 0.0)	(84.0, 0.0)	(85.0, 0.0)	(86.0, 0.0)	(87.0, 0.0)	(88.0, 0.0)	(89.0, 0.0)	(90.0, 0.0)	(91.0, 0.0)	(92.0, 0.0)	(93.0, 0.0)	(94.0, 0.0)	(95.0, 0.0)	(96.0, 0.0)	(97.0, 0.0)	(98.0, 0.0)	(99.0, 0.0)	(100.0, 0.0)
SRR3667027_2	(0.0, 0.0)	(1.0, 0.0)	(2.0, 0.0)	(3.0, 0.0)	(4.0, 0.0)	(5.0, 0.0)	(6.0, 0.0)	(7.0, 0.0)	(8.0, 0.0)	(9.0, 0.0)	(10.0, 0.0)	(11.0, 0.0)	(12.0, 0.0)	(13.0, 0.0)	(14.0, 0.0)	(15.0, 0.0)	(16.0, 0.0)	(17.0, 0.0)	(18.0, 0.0)	(19.0, 0.0)	(20.0, 0.0)	(21.0, 0.0)	(22.0, 0.0)	(23.0, 0.0)	(24.0, 0.0)	(25.0, 0.0)	(26.0, 0.0)	(27.0, 0.0)	(28.0, 0.0006219872492613639)	(29.0, 0.0006219872492613639)	(30.0, 0.0006219872492613639)	(31.0, 0.0006219872492613639)	(32.0, 0.0006219872492613639)	(33.0, 0.0)	(34.0, 0.0006219872492613639)	(35.0, 0.0012439744985227278)	(36.0, 0.0018659617477840918)	(37.0, 0.0018659617477840918)	(38.0, 0.0024879489970454556)	(39.0, 0.003731923495568183)	(40.0, 0.006219872492613639)	(41.0, 0.008707821489659094)	(42.0, 0.018659617477840916)	(43.0, 0.19716995801585158)	(44.0, 0.25003887420306725)	(45.0, 0.10138392162960252)	(46.0, 0.28238221116465906)	(47.0, 0.9466645933757746)	(48.0, 1.982273363396037)	(49.0, 3.7418752915560356)	(50.0, 10.553879645465566)	(51.0, 19.295599440212392)	(52.0, 21.672834706893646)	(53.0, 12.699113668166062)	(54.0, 6.863629295600185)	(55.0, 4.281138236665829)	(56.0, 5.635826465557687)	(57.0, 4.5532576582178)	(58.0, 3.104027367438652)	(59.0, 0.9382677655107468)	(60.0, 0.12844036697247185)	(61.0, 0.32374436324054096)	(62.0, 1.0449385787590797)	(63.0, 0.4696003731923349)	(64.0, 0.1253304307261651)	(65.0, 0.17104649354687465)	(66.0, 0.07650443165914779)	(67.0, 0.25252682320011277)	(68.0, 0.21458560099516952)	(69.0, 0.01803763022857955)	(70.0, 0.005597885243352275)	(71.0, 0.004975897994090911)	(72.0, 0.0024879489970454556)	(73.0, 0.0018659617477840918)	(74.0, 0.0018659617477840918)	(75.0, 0.0006219872492613639)	(76.0, 0.0006219872492613639)	(77.0, 0.0006219872492613639)	(78.0, 0.0)	(79.0, 0.0006219872492613639)	(80.0, 0.0006219872492613639)	(81.0, 0.0006219872492613639)	(82.0, 0.0006219872492613639)	(83.0, 0.0)	(84.0, 0.0)	(85.0, 0.0)	(86.0, 0.0)	(87.0, 0.0006219872492613639)	(88.0, 0.0006219872492613639)	(89.0, 0.0)	(90.0, 0.0)	(91.0, 0.0)	(92.0, 0.0)	(93.0, 0.0)	(94.0, 0.0006219872492613639)	(95.0, 0.0006219872492613639)	(96.0, 0.0006219872492613639)	(97.0, 0.0006219872492613639)	(98.0, 0.0006219872492613639)	(99.0, 0.0)	(100.0, 0.0018659617477840918)
SRR3667028_1	(0.0, 0.0)	(1.0, 0.0)	(2.0, 0.0)	(3.0, 0.0)	(4.0, 0.0)	(5.0, 0.0)	(6.0, 0.0)	(7.0, 0.0)	(8.0, 0.0)	(9.0, 0.0)	(10.0, 0.0)	(11.0, 0.0)	(12.0, 0.0)	(13.0, 0.0)	(14.0, 0.0)	(15.0, 0.0)	(16.0, 0.0)	(17.0, 0.0)	(18.0, 0.0)	(19.0, 0.0)	(20.0, 0.0)	(21.0, 0.0)	(22.0, 0.0007104745259359286)	(23.0, 0.0)	(24.0, 0.0)	(25.0, 0.0)	(26.0, 0.0)	(27.0, 0.0)	(28.0, 0.0)	(29.0, 0.0)	(30.0, 0.0)	(31.0, 0.0)	(32.0, 0.0007104745259359286)	(33.0, 0.0014209490518718572)	(34.0, 0.0)	(35.0, 0.0)	(36.0, 0.0)	(37.0, 0.0007104745259359286)	(38.0, 0.0014209490518718572)	(39.0, 0.0017761863148398217)	(40.0, 0.0024866608407757497)	(41.0, 0.002131423577807786)	(42.0, 0.005683796207487429)	(43.0, 0.005683796207487429)	(44.0, 0.005683796207487429)	(45.0, 0.008525694311231144)	(46.0, 0.014209490518718568)	(47.0, 0.05825891112674608)	(48.0, 0.650084191231375)	(49.0, 4.010273461645033)	(50.0, 7.36939702027139)	(51.0, 7.578987005422584)	(52.0, 10.761202407088282)	(53.0, 13.6943964874121)	(54.0, 14.075210833313411)	(55.0, 14.98035537935496)	(56.0, 9.84469026863177)	(57.0, 6.462476287913761)	(58.0, 4.917549431265385)	(59.0, 2.881684677196067)	(60.0, 0.9310768662390186)	(61.0, 0.29484692826340947)	(62.0, 0.30692499520432054)	(63.0, 0.34742204318266967)	(64.0, 0.44440181597292666)	(65.0, 0.28347933584843427)	(66.0, 0.0504436913414509)	(67.0, 0.0028418981037437144)	(68.0, 0.0)	(69.0, 0.0007104745259359286)	(70.0, 0.0)	(71.0, 0.0)	(72.0, 0.0007104745259359286)	(73.0, 0.0)	(74.0, 0.0)	(75.0, 0.0007104745259359286)	(76.0, 0.0007104745259359286)	(77.0, 0.0)	(78.0, 0.0)	(79.0, 0.0)	(80.0, 0.0)	(81.0, 0.0)	(82.0, 0.0)	(83.0, 0.0)	(84.0, 0.0)	(85.0, 0.0)	(86.0, 0.0)	(87.0, 0.0)	(88.0, 0.0)	(89.0, 0.0)	(90.0, 0.0)	(91.0, 0.0)	(92.0, 0.0)	(93.0, 0.0)	(94.0, 0.0)	(95.0, 0.0)	(96.0, 0.0)	(97.0, 0.0)	(98.0, 0.0)	(99.0, 0.0)	(100.0, 0.0)
SRR3667028_2	(0.0, 0.0)	(1.0, 0.0)	(2.0, 0.0)	(3.0, 0.0)	(4.0, 0.0)	(5.0, 0.0)	(6.0, 0.0)	(7.0, 0.0)	(8.0, 0.0)	(9.0, 0.0)	(10.0, 0.0)	(11.0, 0.0)	(12.0, 0.0)	(13.0, 0.0)	(14.0, 0.0)	(15.0, 0.0)	(16.0, 0.0)	(17.0, 0.0)	(18.0, 0.0)	(19.0, 0.0)	(20.0, 0.0)	(21.0, 0.0)	(22.0, 0.0)	(23.0, 0.0007050570214866157)	(24.0, 0.0)	(25.0, 0.0)	(26.0, 0.0)	(27.0, 0.0)	(28.0, 0.0)	(29.0, 0.0)	(30.0, 0.0)	(31.0, 0.0)	(32.0, 0.0014101140429732314)	(33.0, 0.0014101140429732314)	(34.0, 0.0)	(35.0, 0.0014101140429732314)	(36.0, 0.0014101140429732314)	(37.0, 0.004230342128919694)	(38.0, 0.0028202280859464628)	(39.0, 0.005287927661149618)	(40.0, 0.0038778136181763863)	(41.0, 0.0056404561718929255)	(42.0, 0.01410114042973231)	(43.0, 0.32291611584086993)	(44.0, 0.4054077873548063)	(45.0, 0.15158725961962252)	(46.0, 0.421624098848999)	(47.0, 1.453827578305419)	(48.0, 2.684857137821013)	(49.0, 2.9947296987643104)	(50.0, 9.137891526978429)	(51.0, 18.418557100801287)	(52.0, 22.333033684102098)	(53.0, 12.930393245551485)	(54.0, 6.8859394003498)	(55.0, 3.7177656742986698)	(56.0, 7.6477535120664335)	(57.0, 6.547159501525323)	(58.0, 1.6163432217581022)	(59.0, 0.4875469303579994)	(60.0, 0.07861385789575763)	(61.0, 0.16181058643117832)	(62.0, 0.5312604656901707)	(63.0, 0.28096522306241517)	(64.0, 0.09095235577177349)	(65.0, 0.1318456630179975)	(66.0, 0.048648934482576456)	(67.0, 0.2108120494244974)	(68.0, 0.211517106445984)	(69.0, 0.02608710979500479)	(70.0, 0.0056404561718929255)	(71.0, 0.00493539915040631)	(72.0, 0.0021151710644598475)	(73.0, 0.0007050570214866157)	(74.0, 0.0014101140429732314)	(75.0, 0.0021151710644598475)	(76.0, 0.0014101140429732314)	(77.0, 0.0007050570214866157)	(78.0, 0.0007050570214866157)	(79.0, 0.0007050570214866157)	(80.0, 0.0)	(81.0, 0.0007050570214866157)	(82.0, 0.0007050570214866157)	(83.0, 0.0014101140429732314)	(84.0, 0.0007050570214866157)	(85.0, 0.0)	(86.0, 0.0)	(87.0, 0.0)	(88.0, 0.0)	(89.0, 0.0)	(90.0, 0.0)	(91.0, 0.0)	(92.0, 0.0)	(93.0, 0.0)	(94.0, 0.0)	(95.0, 0.0)	(96.0, 0.0007050570214866157)	(97.0, 0.0)	(98.0, 0.0)	(99.0, 0.0)	(100.0, 0.0031727565966897706)
SRR3667029_1	(0.0, 0.0)	(1.0, 0.0)	(2.0, 0.0)	(3.0, 0.0)	(4.0, 0.0)	(5.0, 0.0)	(6.0, 0.0)	(7.0, 0.0)	(8.0, 0.0)	(9.0, 0.0)	(10.0, 0.0)	(11.0, 0.0)	(12.0, 0.0)	(13.0, 0.0)	(14.0, 0.0)	(15.0, 0.0)	(16.0, 0.0)	(17.0, 0.0)	(18.0, 0.0)	(19.0, 0.0)	(20.0, 0.0)	(21.0, 0.0)	(22.0, 0.0)	(23.0, 0.0)	(24.0, 0.0)	(25.0, 0.0)	(26.0, 0.0004670038434416674)	(27.0, 0.0)	(28.0, 0.0004670038434416674)	(29.0, 0.0004670038434416674)	(30.0, 0.0)	(31.0, 0.0)	(32.0, 0.0004670038434416674)	(33.0, 0.0004670038434416674)	(34.0, 0.0)	(35.0, 0.0004670038434416674)	(36.0, 0.0004670038434416674)	(37.0, 0.0009340076868833348)	(38.0, 0.002802023060650004)	(39.0, 0.002335019217208337)	(40.0, 0.002335019217208337)	(41.0, 0.0014010115303250022)	(42.0, 0.0032690269040916717)	(43.0, 0.006538053808183343)	(44.0, 0.07658863032443361)	(45.0, 1.5331736180190367)	(46.0, 3.4049250225331797)	(47.0, 1.8229495028745255)	(48.0, 1.064068257281862)	(49.0, 5.299092611533443)	(50.0, 12.047298149261556)	(51.0, 11.390690745381612)	(52.0, 11.716892930025976)	(53.0, 9.542056031119454)	(54.0, 13.831719835055411)	(55.0, 16.194759282874546)	(56.0, 6.503495523769008)	(57.0, 1.665102203791278)	(58.0, 0.6629119557654337)	(59.0, 0.3208316404444285)	(60.0, 0.29841545595922786)	(61.0, 0.19007056428075791)	(62.0, 0.5557345736955771)	(63.0, 0.7866679742774801)	(64.0, 0.5249123200284289)	(65.0, 0.41399890721103916)	(66.0, 0.12469002619892496)	(67.0, 0.002335019217208337)	(68.0, 0.0004670038434416674)	(69.0, 0.0004670038434416674)	(70.0, 0.0004670038434416674)	(71.0, 0.0004670038434416674)	(72.0, 0.0009340076868833348)	(73.0, 0.0)	(74.0, 0.0)	(75.0, 0.0004670038434416674)	(76.0, 0.0004670038434416674)	(77.0, 0.0)	(78.0, 0.0)	(79.0, 0.0)	(80.0, 0.0)	(81.0, 0.0)	(82.0, 0.0)	(83.0, 0.0)	(84.0, 0.0)	(85.0, 0.0)	(86.0, 0.0)	(87.0, 0.0)	(88.0, 0.0)	(89.0, 0.0)	(90.0, 0.0)	(91.0, 0.0)	(92.0, 0.0)	(93.0, 0.0)	(94.0, 0.0)	(95.0, 0.0)	(96.0, 0.0)	(97.0, 0.0)	(98.0, 0.0)	(99.0, 0.0)	(100.0, 0.0)
SRR3667029_2	(0.0, 0.0)	(1.0, 0.0)	(2.0, 0.0)	(3.0, 0.0)	(4.0, 0.0)	(5.0, 0.0)	(6.0, 0.0)	(7.0, 0.0)	(8.0, 0.0)	(9.0, 0.0)	(10.0, 0.0)	(11.0, 0.0)	(12.0, 0.0)	(13.0, 0.0)	(14.0, 0.0)	(15.0, 0.0)	(16.0, 0.0)	(17.0, 0.0)	(18.0, 0.0)	(19.0, 0.0)	(20.0, 0.0)	(21.0, 0.0)	(22.0, 0.0)	(23.0, 0.0)	(24.0, 0.0)	(25.0, 0.0)	(26.0, 0.0)	(27.0, 0.00046179138112558874)	(28.0, 0.0)	(29.0, 0.00046179138112558874)	(30.0, 0.0009235827622511775)	(31.0, 0.0013853741433767664)	(32.0, 0.0013853741433767664)	(33.0, 0.0013853741433767664)	(34.0, 0.0013853741433767664)	(35.0, 0.004156122430130299)	(36.0, 0.00369433104900471)	(37.0, 0.0060032879546326546)	(38.0, 0.005079705192381477)	(39.0, 0.004617913811255888)	(40.0, 0.005079705192381477)	(41.0, 0.009235827622511773)	(42.0, 0.010621201765888539)	(43.0, 0.01800986386389797)	(44.0, 0.04571734673143323)	(45.0, 0.28746513475068114)	(46.0, 1.6220422262036487)	(47.0, 15.902709791826055)	(48.0, 23.141751482361528)	(49.0, 7.982987605516986)	(50.0, 2.0759831538499993)	(51.0, 4.64816114672018)	(52.0, 6.59761346214148)	(53.0, 3.6652381919939163)	(54.0, 4.318211204905796)	(55.0, 3.3900105288429403)	(56.0, 13.30559506437102)	(57.0, 9.679147348389732)	(58.0, 0.34057114358012536)	(59.0, 0.11960396771152733)	(60.0, 0.05633854849732184)	(61.0, 0.1535456342242576)	(62.0, 0.3135563477842776)	(63.0, 0.5686960858561547)	(64.0, 0.1877181964275511)	(65.0, 0.03648151910892148)	(66.0, 0.03648151910892148)	(67.0, 0.7864307220568703)	(68.0, 0.6215711989950314)	(69.0, 0.013853741433767665)	(70.0, 0.00369433104900471)	(71.0, 0.00369433104900471)	(72.0, 0.001847165524502355)	(73.0, 0.0009235827622511775)	(74.0, 0.0013853741433767664)	(75.0, 0.0023089569056279438)	(76.0, 0.0013853741433767664)	(77.0, 0.0009235827622511775)	(78.0, 0.0013853741433767664)	(79.0, 0.0013853741433767664)	(80.0, 0.0)	(81.0, 0.00046179138112558874)	(82.0, 0.0)	(83.0, 0.00046179138112558874)	(84.0, 0.0)	(85.0, 0.00046179138112558874)	(86.0, 0.0009235827622511775)	(87.0, 0.0)	(88.0, 0.0)	(89.0, 0.0013853741433767664)	(90.0, 0.0009235827622511775)	(91.0, 0.0)	(92.0, 0.0)	(93.0, 0.0)	(94.0, 0.0)	(95.0, 0.0)	(96.0, 0.00046179138112558874)	(97.0, 0.0)	(98.0, 0.0)	(99.0, 0.00046179138112558874)	(100.0, 0.004156122430130299)
SRR3667030_1	(0.0, 0.002007239443593225)	(1.0, 0.0010036197217966126)	(2.0, 0.0)	(3.0, 0.0)	(4.0, 0.0)	(5.0, 0.0)	(6.0, 0.0)	(7.0, 0.0)	(8.0, 0.0)	(9.0, 0.0)	(10.0, 0.0)	(11.0, 0.0)	(12.0, 0.0)	(13.0, 0.0)	(14.0, 0.0)	(15.0, 0.0)	(16.0, 0.0)	(17.0, 0.0)	(18.0, 0.0)	(19.0, 0.0)	(20.0, 0.0)	(21.0, 0.0)	(22.0, 0.0)	(23.0, 0.0)	(24.0, 0.0)	(25.0, 0.0)	(26.0, 0.0010036197217966126)	(27.0, 0.0010036197217966126)	(28.0, 0.0)	(29.0, 0.0)	(30.0, 0.0)	(31.0, 0.0)	(32.0, 0.0)	(33.0, 0.0)	(34.0, 0.0)	(35.0, 0.0010036197217966126)	(36.0, 0.0010036197217966126)	(37.0, 0.0030108591653898375)	(38.0, 0.00401447888718645)	(39.0, 0.0035126690262881444)	(40.0, 0.0036799389799209124)	(41.0, 0.006188988284412444)	(42.0, 0.010036197217966126)	(43.0, 0.010538007078864433)	(44.0, 0.028101352210305155)	(45.0, 0.4491198255039841)	(46.0, 1.7046480974715463)	(47.0, 3.795020708020258)	(48.0, 5.606554305863145)	(49.0, 4.972266641687683)	(50.0, 10.296301995865079)	(51.0, 11.593815026194445)	(52.0, 6.739473701817953)	(53.0, 7.533336901759094)	(54.0, 13.74323393037551)	(55.0, 14.819114272141492)	(56.0, 6.613519426732431)	(57.0, 3.9990900514522005)	(58.0, 1.5609632073010076)	(59.0, 0.8885379936972643)	(60.0, 1.2689098682581856)	(61.0, 0.7819870332331937)	(62.0, 0.19336406639948064)	(63.0, 0.06540255187041258)	(64.0, 0.12428157554914719)	(65.0, 0.10521280083501156)	(66.0, 0.5496490676372782)	(67.0, 1.882288788229547)	(68.0, 0.5846084879465269)	(69.0, 0.03863935928916958)	(70.0, 0.0065235281916779814)	(71.0, 0.005519908469881369)	(72.0, 0.0010036197217966126)	(73.0, 0.0005018098608983063)	(74.0, 0.0)	(75.0, 0.0)	(76.0, 0.0)	(77.0, 0.0005018098608983063)	(78.0, 0.0005018098608983063)	(79.0, 0.0)	(80.0, 0.0)	(81.0, 0.0)	(82.0, 0.0)	(83.0, 0.0)	(84.0, 0.0)	(85.0, 0.0)	(86.0, 0.0)	(87.0, 0.0)	(88.0, 0.0)	(89.0, 0.0)	(90.0, 0.0)	(91.0, 0.0)	(92.0, 0.0)	(93.0, 0.0)	(94.0, 0.0)	(95.0, 0.0)	(96.0, 0.0)	(97.0, 0.0)	(98.0, 0.0)	(99.0, 0.0)	(100.0, 0.0)
SRR3667030_2	(0.0, 0.0019304832964932815)	(1.0, 0.0009652416482466408)	(2.0, 0.0)	(3.0, 0.0)	(4.0, 0.0)	(5.0, 0.0)	(6.0, 0.0)	(7.0, 0.0)	(8.0, 0.0)	(9.0, 0.0)	(10.0, 0.0)	(11.0, 0.0)	(12.0, 0.0)	(13.0, 0.0)	(14.0, 0.0)	(15.0, 0.0)	(16.0, 0.0)	(17.0, 0.0)	(18.0, 0.0)	(19.0, 0.0)	(20.0, 0.0)	(21.0, 0.0)	(22.0, 0.0)	(23.0, 0.0)	(24.0, 0.0)	(25.0, 0.0)	(26.0, 0.0)	(27.0, 0.0009652416482466408)	(28.0, 0.0009652416482466408)	(29.0, 0.0)	(30.0, 0.0)	(31.0, 0.0)	(32.0, 0.0)	(33.0, 0.0)	(34.0, 0.0)	(35.0, 0.0)	(36.0, 0.0)	(37.0, 0.0006434944321644272)	(38.0, 0.0006434944321644272)	(39.0, 0.0011261152562877473)	(40.0, 0.0016087360804110675)	(41.0, 0.004343587417109883)	(42.0, 0.011261152562877472)	(43.0, 0.04520548385955097)	(44.0, 0.0921805774075543)	(45.0, 0.15733438866420227)	(46.0, 0.7766977796224619)	(47.0, 2.6869110015025477)	(48.0, 3.681109899196554)	(49.0, 9.31072093898709)	(50.0, 11.269678864103511)	(51.0, 5.1457032268029)	(52.0, 7.17769776997028)	(53.0, 10.991689269408452)	(54.0, 9.835329774809086)	(55.0, 7.281622120764844)	(56.0, 10.299128386791491)	(57.0, 10.177668812720492)	(58.0, 4.226954051280057)	(59.0, 1.9624971444934702)	(60.0, 0.7334227790594053)	(61.0, 0.30228150950923965)	(62.0, 0.17873057853366955)	(63.0, 0.10472871883476058)	(64.0, 0.0920197037995131)	(65.0, 0.12306831015144674)	(66.0, 0.18645251171964256)	(67.0, 0.5072344861536111)	(68.0, 1.0363477830008068)	(69.0, 0.8645347696129069)	(70.0, 0.45736366766086683)	(71.0, 0.16087360804110676)	(72.0, 0.060166729407373935)	(73.0, 0.018983085748850603)	(74.0, 0.006917565145767592)	(75.0, 0.002895724944739922)	(76.0, 0.002413104120616602)	(77.0, 0.0019304832964932815)	(78.0, 0.0004826208241233204)	(79.0, 0.0009652416482466408)	(80.0, 0.0004826208241233204)	(81.0, 0.0016087360804110675)	(82.0, 0.0006434944321644272)	(83.0, 0.0016087360804110675)	(84.0, 0.0)	(85.0, 0.0)	(86.0, 0.0009652416482466408)	(87.0, 0.0009652416482466408)	(88.0, 0.001447862472369961)	(89.0, 0.0009652416482466408)	(90.0, 0.0004826208241233204)	(91.0, 0.0004826208241233204)	(92.0, 0.0009652416482466408)	(93.0, 0.0004826208241233204)	(94.0, 0.0009652416482466408)	(95.0, 0.001447862472369961)	(96.0, 0.0004826208241233204)	(97.0, 0.0009652416482466408)	(98.0, 0.0)	(99.0, 0.0)	(100.0, 0.0006434944321644272)
SRR3667031_1	(0.0, 0.0)	(1.0, 0.0)	(2.0, 0.0)	(3.0, 0.0)	(4.0, 0.0)	(5.0, 0.0)	(6.0, 0.0)	(7.0, 0.0)	(8.0, 0.0)	(9.0, 0.0)	(10.0, 0.0)	(11.0, 0.0)	(12.0, 0.0)	(13.0, 0.0)	(14.0, 0.0)	(15.0, 0.0)	(16.0, 0.0)	(17.0, 0.0)	(18.0, 0.0)	(19.0, 0.0)	(20.0, 0.0)	(21.0, 0.0)	(22.0, 0.0004929143561306983)	(23.0, 0.0004929143561306983)	(24.0, 0.0)	(25.0, 0.0)	(26.0, 0.0)	(27.0, 0.0007393715341960474)	(28.0, 0.00271102895871884)	(29.0, 0.001971657424522793)	(30.0, 0.0004929143561306983)	(31.0, 0.0009858287122613966)	(32.0, 0.0004929143561306983)	(33.0, 0.0014787430683920947)	(34.0, 0.0014787430683920947)	(35.0, 0.0014787430683920947)	(36.0, 0.0014787430683920947)	(37.0, 0.001971657424522793)	(38.0, 0.0029574861367841895)	(39.0, 0.0029574861367841895)	(40.0, 0.001971657424522793)	(41.0, 0.001971657424522793)	(42.0, 0.002464571780653491)	(43.0, 0.001971657424522793)	(44.0, 0.005914972273568379)	(45.0, 0.0280961182994498)	(46.0, 0.06161429451633731)	(47.0, 0.2183610597658991)	(48.0, 3.198028342575772)	(49.0, 12.251632778802414)	(50.0, 12.485520640786858)	(51.0, 5.559581022799021)	(52.0, 2.8865064695011258)	(53.0, 3.810967344424574)	(54.0, 11.089833641403041)	(55.0, 14.892421441777435)	(56.0, 13.77670979667357)	(57.0, 11.90979667282571)	(58.0, 4.439926062847631)	(59.0, 1.3764633394950279)	(60.0, 0.9323475046212183)	(61.0, 0.4524953789279811)	(62.0, 0.27825015403578063)	(63.0, 0.1951940850277556)	(64.0, 0.085274183610611)	(65.0, 0.022181146025881435)	(66.0, 0.003943314849045586)	(67.0, 0.001971657424522793)	(68.0, 0.001971657424522793)	(69.0, 0.0009858287122613966)	(70.0, 0.0004929143561306983)	(71.0, 0.0004929143561306983)	(72.0, 0.0)	(73.0, 0.0)	(74.0, 0.0004929143561306983)	(75.0, 0.0004929143561306983)	(76.0, 0.0004929143561306983)	(77.0, 0.0)	(78.0, 0.0)	(79.0, 0.0004929143561306983)	(80.0, 0.0004929143561306983)	(81.0, 0.0)	(82.0, 0.0)	(83.0, 0.0)	(84.0, 0.0)	(85.0, 0.0)	(86.0, 0.0)	(87.0, 0.0)	(88.0, 0.0)	(89.0, 0.0)	(90.0, 0.0)	(91.0, 0.0)	(92.0, 0.0)	(93.0, 0.0)	(94.0, 0.0)	(95.0, 0.0)	(96.0, 0.0)	(97.0, 0.0)	(98.0, 0.0)	(99.0, 0.0)	(100.0, 0.0)
SRR3667031_2	(0.0, 0.0)	(1.0, 0.0)	(2.0, 0.0)	(3.0, 0.0)	(4.0, 0.0)	(5.0, 0.0)	(6.0, 0.0)	(7.0, 0.0)	(8.0, 0.0)	(9.0, 0.0)	(10.0, 0.0)	(11.0, 0.0)	(12.0, 0.0)	(13.0, 0.0)	(14.0, 0.0)	(15.0, 0.0)	(16.0, 0.0)	(17.0, 0.0)	(18.0, 0.0004900615517309242)	(19.0, 0.0)	(20.0, 0.0004900615517309242)	(21.0, 0.0)	(22.0, 0.0)	(23.0, 0.0)	(24.0, 0.0)	(25.0, 0.0)	(26.0, 0.0)	(27.0, 0.0)	(28.0, 0.0)	(29.0, 0.0004900615517309242)	(30.0, 0.0004900615517309242)	(31.0, 0.0014701846551927727)	(32.0, 0.0009801231034618483)	(33.0, 0.002940369310385545)	(34.0, 0.003920492413847393)	(35.0, 0.002450307758654621)	(36.0, 0.002695338534520083)	(37.0, 0.0031854000862510073)	(38.0, 0.005390677069040167)	(39.0, 0.004900615517309243)	(40.0, 0.008821107931156633)	(41.0, 0.013721723448465877)	(42.0, 0.014211785000196802)	(43.0, 0.12594581879484731)	(44.0, 0.7468538048379116)	(45.0, 1.9641666993375082)	(46.0, 2.5963461010702567)	(47.0, 14.948837574001015)	(48.0, 12.194201591716478)	(49.0, 1.6316599364881519)	(50.0, 7.092660838201787)	(51.0, 15.888285568670907)	(52.0, 6.854980985612504)	(53.0, 3.7222625161722847)	(54.0, 2.554445838397273)	(55.0, 2.4662347590857268)	(56.0, 13.783226173206895)	(57.0, 11.203787195668772)	(58.0, 0.7397479123378138)	(59.0, 0.5902791390598903)	(60.0, 0.2964872387972111)	(61.0, 0.11197906457051619)	(62.0, 0.041165170345397586)	(63.0, 0.03479437017289559)	(64.0, 0.02548320069000807)	(65.0, 0.024013016034815298)	(66.0, 0.022542831379622527)	(67.0, 0.13182655741561833)	(68.0, 0.09752224879445412)	(69.0, 0.011271415689811251)	(70.0, 0.007350923275963862)	(71.0, 0.0034304308621164693)	(72.0, 0.004410553965578318)	(73.0, 0.002940369310385545)	(74.0, 0.0034304308621164693)	(75.0, 0.002940369310385545)	(76.0, 0.002450307758654621)	(77.0, 0.0009801231034618483)	(78.0, 0.0004900615517309242)	(79.0, 0.0019602462069236966)	(80.0, 0.0004900615517309242)	(81.0, 0.0)	(82.0, 0.0004900615517309242)	(83.0, 0.0)	(84.0, 0.0004900615517309242)	(85.0, 0.0)	(86.0, 0.0)	(87.0, 0.0004900615517309242)	(88.0, 0.0)	(89.0, 0.0)	(90.0, 0.0)	(91.0, 0.0)	(92.0, 0.0)	(93.0, 0.0)	(94.0, 0.0)	(95.0, 0.0)	(96.0, 0.0)	(97.0, 0.0)	(98.0, 0.0)	(99.0, 0.0)	(100.0, 0.0)
SRR3667032_1	(0.0, 0.0)	(1.0, 0.0)	(2.0, 0.0)	(3.0, 0.0)	(4.0, 0.0)	(5.0, 0.0)	(6.0, 0.0)	(7.0, 0.0)	(8.0, 0.0)	(9.0, 0.0)	(10.0, 0.0)	(11.0, 0.0)	(12.0, 0.0)	(13.0, 0.0)	(14.0, 0.0)	(15.0, 0.0)	(16.0, 0.0)	(17.0, 0.0)	(18.0, 0.0)	(19.0, 0.0)	(20.0, 0.0)	(21.0, 0.0)	(22.0, 0.0)	(23.0, 0.0)	(24.0, 0.0)	(25.0, 0.0)	(26.0, 0.0)	(27.0, 0.0)	(28.0, 0.0)	(29.0, 0.0)	(30.0, 0.0003048120681193556)	(31.0, 0.0003048120681193556)	(32.0, 0.0)	(33.0, 0.0)	(34.0, 0.0003048120681193556)	(35.0, 0.0006096241362387112)	(36.0, 0.0033529327493129115)	(37.0, 0.008534737907341956)	(38.0, 0.01950797235963875)	(39.0, 0.03383413956124846)	(40.0, 0.062486473964468)	(41.0, 0.1011976066156256)	(42.0, 0.1389943030624261)	(43.0, 0.18105836846289836)	(44.0, 0.2411063458824125)	(45.0, 0.4992821675794973)	(46.0, 0.8540834148704676)	(47.0, 1.1159169813849625)	(48.0, 1.8581343672554245)	(49.0, 4.058267874941497)	(50.0, 5.942463674019581)	(51.0, 6.947581468642242)	(52.0, 10.309658580003367)	(53.0, 11.88309847563834)	(54.0, 11.755077407027976)	(55.0, 12.140359861131541)	(56.0, 10.25875496462734)	(57.0, 7.198289394670184)	(58.0, 5.045249351511074)	(59.0, 3.3532375613815333)	(60.0, 1.7423057813700955)	(61.0, 0.8001316788133355)	(62.0, 1.024320954915117)	(63.0, 1.250643915493687)	(64.0, 0.7475515970627407)	(65.0, 0.2953628940076547)	(66.0, 0.09997835834314821)	(67.0, 0.01463097926972908)	(68.0, 0.0082299258392226)	(69.0, 0.003962556885551622)	(70.0, 0.0003048120681193556)	(71.0, 0.0)	(72.0, 0.0)	(73.0, 0.0)	(74.0, 0.0)	(75.0, 0.0)	(76.0, 0.0)	(77.0, 0.0003048120681193556)	(78.0, 0.0006096241362387112)	(79.0, 0.0006096241362387112)	(80.0, 0.0)	(81.0, 0.0)	(82.0, 0.0)	(83.0, 0.0)	(84.0, 0.0)	(85.0, 0.0)	(86.0, 0.0)	(87.0, 0.0)	(88.0, 0.0)	(89.0, 0.0)	(90.0, 0.0)	(91.0, 0.0)	(92.0, 0.0)	(93.0, 0.0)	(94.0, 0.0)	(95.0, 0.0)	(96.0, 0.0)	(97.0, 0.0)	(98.0, 0.0)	(99.0, 0.0)	(100.0, 0.0)
SRR3667032_2	(0.0, 0.0)	(1.0, 0.0)	(2.0, 0.0)	(3.0, 0.0)	(4.0, 0.0)	(5.0, 0.0)	(6.0, 0.0)	(7.0, 0.0)	(8.0, 0.0)	(9.0, 0.0)	(10.0, 0.0)	(11.0, 0.0)	(12.0, 0.0)	(13.0, 0.0)	(14.0, 0.0)	(15.0, 0.0)	(16.0, 0.0)	(17.0, 0.0)	(18.0, 0.0)	(19.0, 0.0)	(20.0, 0.0)	(21.0, 0.0)	(22.0, 0.0)	(23.0, 0.00030375148268691924)	(24.0, 0.00030375148268691924)	(25.0, 0.0)	(26.0, 0.0)	(27.0, 0.00030375148268691924)	(28.0, 0.0)	(29.0, 0.0)	(30.0, 0.0)	(31.0, 0.00030375148268691924)	(32.0, 0.0)	(33.0, 0.0)	(34.0, 0.0006075029653738385)	(35.0, 0.0009112544480607579)	(36.0, 0.0021262603788084347)	(37.0, 0.0027337633441822736)	(38.0, 0.004556272240303788)	(39.0, 0.003037514826869193)	(40.0, 0.006075029653738384)	(41.0, 0.014883822651659055)	(42.0, 0.04191770461079491)	(43.0, 0.2764138492450967)	(44.0, 0.3392904061612855)	(45.0, 0.718372256554582)	(46.0, 2.363490286786975)	(47.0, 6.060145831085288)	(48.0, 7.494764083814384)	(49.0, 5.834154727966426)	(50.0, 7.90725859730397)	(51.0, 11.322640268641903)	(52.0, 13.537747956140292)	(53.0, 10.147577657865419)	(54.0, 7.640716671245714)	(55.0, 5.557892754462925)	(56.0, 8.265077843909813)	(57.0, 5.710983501736991)	(58.0, 1.519972419365253)	(59.0, 1.1109710479274093)	(60.0, 0.47142230113008876)	(61.0, 0.33670851855844675)	(62.0, 0.3558448619677216)	(63.0, 0.4349721232076596)	(64.0, 0.30770025196184764)	(65.0, 0.11709619657580674)	(66.0, 0.09887110761459181)	(67.0, 0.9853698098363965)	(68.0, 0.9048756669243717)	(69.0, 0.03979144423198646)	(70.0, 0.017313834513154398)	(71.0, 0.016402580065093642)	(72.0, 0.011542556342102937)	(73.0, 0.0018225088961215153)	(74.0, 0.0006075029653738385)	(75.0, 0.0009112544480607579)	(76.0, 0.0018225088961215153)	(77.0, 0.0015187574134345964)	(78.0, 0.001215005930747677)	(79.0, 0.00030375148268691924)	(80.0, 0.0006075029653738385)	(81.0, 0.0006075029653738385)	(82.0, 0.00030375148268691924)	(83.0, 0.0006075029653738385)	(84.0, 0.00030375148268691924)	(85.0, 0.0)	(86.0, 0.0)	(87.0, 0.0)	(88.0, 0.0)	(89.0, 0.0)	(90.0, 0.00030375148268691924)	(91.0, 0.0009112544480607579)	(92.0, 0.0009112544480607579)	(93.0, 0.00030375148268691924)	(94.0, 0.00030375148268691924)	(95.0, 0.0)	(96.0, 0.0)	(97.0, 0.00030375148268691924)	(98.0, 0.00030375148268691924)	(99.0, 0.00030375148268691924)	(100.0, 0.0022781361201518946)
SRR3667033_1	(0.0, 0.004652172564587765)	(1.0, 0.0023260862822938825)	(2.0, 0.0)	(3.0, 0.0)	(4.0, 0.0)	(5.0, 0.0)	(6.0, 0.0)	(7.0, 0.0)	(8.0, 0.0)	(9.0, 0.0)	(10.0, 0.0)	(11.0, 0.0)	(12.0, 0.0)	(13.0, 0.0)	(14.0, 0.0)	(15.0, 0.0)	(16.0, 0.0)	(17.0, 0.0)	(18.0, 0.0)	(19.0, 0.0)	(20.0, 0.0)	(21.0, 0.0)	(22.0, 0.0)	(23.0, 0.0007753620940979609)	(24.0, 0.0015507241881959218)	(25.0, 0.0007753620940979609)	(26.0, 0.0)	(27.0, 0.0)	(28.0, 0.0015507241881959218)	(29.0, 0.0007753620940979609)	(30.0, 0.0031014483763918436)	(31.0, 0.003876810470489804)	(32.0, 0.006202896752783687)	(33.0, 0.0069782588468816475)	(34.0, 0.003876810470489804)	(35.0, 0.005427534658685725)	(36.0, 0.0031014483763918436)	(37.0, 0.0007753620940979609)	(38.0, 0.0015507241881959218)	(39.0, 0.0031014483763918436)	(40.0, 0.005039853611636745)	(41.0, 0.008916664082126552)	(42.0, 0.005427534658685725)	(43.0, 0.003876810470489804)	(44.0, 0.0069782588468816475)	(45.0, 0.019384052352449013)	(46.0, 0.04613404459882866)	(47.0, 0.056601432869151085)	(48.0, 0.4853766709053271)	(49.0, 5.526005644636081)	(50.0, 12.274369630617002)	(51.0, 10.880268585430139)	(52.0, 8.036628105326416)	(53.0, 9.0097075334198)	(54.0, 10.573612877214673)	(55.0, 16.978879136552106)	(56.0, 11.011304779332573)	(57.0, 5.28215426604216)	(58.0, 4.924324659615788)	(59.0, 1.558090128089867)	(60.0, 0.3159600533449179)	(61.0, 0.19190211828924505)	(62.0, 0.9707533418106324)	(63.0, 1.3499054058245408)	(64.0, 0.3807027882020994)	(65.0, 0.030239121669820485)	(66.0, 0.01085506931737145)	(67.0, 0.0031014483763918436)	(68.0, 0.0007753620940979609)	(69.0, 0.0007753620940979609)	(70.0, 0.0007753620940979609)	(71.0, 0.0007753620940979609)	(72.0, 0.0)	(73.0, 0.0)	(74.0, 0.0)	(75.0, 0.0)	(76.0, 0.0)	(77.0, 0.0)	(78.0, 0.0)	(79.0, 0.0)	(80.0, 0.0)	(81.0, 0.0)	(82.0, 0.0)	(83.0, 0.0)	(84.0, 0.0)	(85.0, 0.0)	(86.0, 0.0)	(87.0, 0.0)	(88.0, 0.0)	(89.0, 0.0)	(90.0, 0.0)	(91.0, 0.0)	(92.0, 0.0)	(93.0, 0.0)	(94.0, 0.0)	(95.0, 0.0)	(96.0, 0.0)	(97.0, 0.0)	(98.0, 0.0)	(99.0, 0.0)	(100.0, 0.0)
SRR3667033_2	(0.0, 0.0046646686336022595)	(1.0, 0.0023323343168011297)	(2.0, 0.0)	(3.0, 0.0)	(4.0, 0.0)	(5.0, 0.0)	(6.0, 0.0)	(7.0, 0.0)	(8.0, 0.0)	(9.0, 0.0)	(10.0, 0.0)	(11.0, 0.0)	(12.0, 0.0007774447722670431)	(13.0, 0.0)	(14.0, 0.0)	(15.0, 0.0)	(16.0, 0.0)	(17.0, 0.0)	(18.0, 0.0)	(19.0, 0.0007774447722670431)	(20.0, 0.0007774447722670431)	(21.0, 0.0)	(22.0, 0.0007774447722670431)	(23.0, 0.0023323343168011297)	(24.0, 0.0007774447722670431)	(25.0, 0.0015548895445340863)	(26.0, 0.003887223861335216)	(27.0, 0.0007774447722670431)	(28.0, 0.0)	(29.0, 0.0)	(30.0, 0.0015548895445340863)	(31.0, 0.0015548895445340863)	(32.0, 0.0015548895445340863)	(33.0, 0.005442113405869302)	(34.0, 0.005442113405869302)	(35.0, 0.005442113405869302)	(36.0, 0.0031097790890681726)	(37.0, 0.006997002950403389)	(38.0, 0.005442113405869302)	(39.0, 0.006997002950403389)	(40.0, 0.004664668633602259)	(41.0, 0.0023323343168011297)	(42.0, 0.0077744477226704325)	(43.0, 0.017881229762141987)	(44.0, 0.020991008851210163)	(45.0, 0.17764613046301939)	(46.0, 0.49134509607277504)	(47.0, 0.7961034468014476)	(48.0, 0.6958130711790048)	(49.0, 0.5061165467458493)	(50.0, 5.462715692334257)	(51.0, 17.74090098074209)	(52.0, 22.71577007848422)	(53.0, 13.4727291809999)	(54.0, 9.903868953911282)	(55.0, 8.867535072479319)	(56.0, 13.289252214745046)	(57.0, 1.5070766910396713)	(58.0, 0.6511099967736524)	(59.0, 0.37356221307431464)	(60.0, 0.1729814618294172)	(61.0, 0.06997002950403382)	(62.0, 0.10262270993924981)	(63.0, 0.1632634021760793)	(64.0, 0.03653990429655106)	(65.0, 0.017103784989874943)	(66.0, 0.09795804130564749)	(67.0, 1.4973586313863325)	(68.0, 0.9974616428186004)	(69.0, 0.033430125207482876)	(70.0, 0.008551892494937477)	(71.0, 0.005442113405869302)	(72.0, 0.005442113405869302)	(73.0, 0.0031097790890681726)	(74.0, 0.0031097790890681726)	(75.0, 0.0023323343168011297)	(76.0, 0.0007774447722670431)	(77.0, 0.0023323343168011297)	(78.0, 0.0007774447722670431)	(79.0, 0.0007774447722670431)	(80.0, 0.0)	(81.0, 0.0007774447722670431)	(82.0, 0.0007774447722670431)	(83.0, 0.0015548895445340863)	(84.0, 0.0)	(85.0, 0.0)	(86.0, 0.0015548895445340863)	(87.0, 0.0023323343168011297)	(88.0, 0.0015548895445340863)	(89.0, 0.0007774447722670431)	(90.0, 0.0)	(91.0, 0.0)	(92.0, 0.0)	(93.0, 0.0)	(94.0, 0.0)	(95.0, 0.0)	(96.0, 0.0)	(97.0, 0.0)	(98.0, 0.0)	(99.0, 0.0)	(100.0, 0.0011661671584005649)
SRR3667034_1	(0.0, 0.01771682606342089)	(1.0, 0.008858413031710446)	(2.0, 0.0)	(3.0, 0.0)	(4.0, 0.0)	(5.0, 0.0)	(6.0, 0.0)	(7.0, 0.0)	(8.0, 0.0)	(9.0, 0.0)	(10.0, 0.0)	(11.0, 0.0)	(12.0, 0.0)	(13.0, 0.0)	(14.0, 0.0)	(15.0, 0.0)	(16.0, 0.0)	(17.0, 0.0)	(18.0, 0.0)	(19.0, 0.0006561787430896627)	(20.0, 0.0006561787430896627)	(21.0, 0.0013123574861793254)	(22.0, 0.0013123574861793254)	(23.0, 0.0013123574861793254)	(24.0, 0.0032808937154483126)	(25.0, 0.002624714972358651)	(26.0, 0.005905608687806964)	(27.0, 0.006561787430896627)	(28.0, 0.007874144917075951)	(29.0, 0.005249429944717302)	(30.0, 0.009842681146344939)	(31.0, 0.017716826063420888)	(32.0, 0.022638166636593366)	(33.0, 0.03740218835611076)	(34.0, 0.04297970767237288)	(35.0, 0.0452763332731867)	(36.0, 0.06594596368051103)	(37.0, 0.08070998540002854)	(38.0, 0.08136616414311822)	(39.0, 0.08759986220247006)	(40.0, 0.09842681146344956)	(41.0, 0.09219311340409772)	(42.0, 0.09711445397727021)	(43.0, 0.11220656506833256)	(44.0, 0.10892567135288422)	(45.0, 0.12467396118703623)	(46.0, 0.18963565675291197)	(47.0, 0.21522662773340848)	(48.0, 0.8297380206368656)	(49.0, 5.515838514412012)	(50.0, 11.175380173558679)	(51.0, 9.375809970636919)	(52.0, 7.408914188226549)	(53.0, 10.268213061238052)	(54.0, 11.739037713872191)	(55.0, 16.51405042733239)	(56.0, 9.549041158812434)	(57.0, 4.9121540707692475)	(58.0, 5.036171853213249)	(59.0, 1.8658442559755295)	(60.0, 0.6860348759002382)	(61.0, 0.4498105283879677)	(62.0, 0.9872209189783765)	(63.0, 1.1499532472646268)	(64.0, 0.3490870913237018)	(65.0, 0.12368969307240173)	(66.0, 0.07906953854230438)	(67.0, 0.08070998540002855)	(68.0, 0.07086730425368354)	(69.0, 0.06364933807969719)	(70.0, 0.05085385258944882)	(71.0, 0.035761741498386616)	(72.0, 0.025590970980496855)	(73.0, 0.01640446857724156)	(74.0, 0.017060647320331225)	(75.0, 0.011483128004069094)	(76.0, 0.008858413031710446)	(77.0, 0.003937072458537976)	(78.0, 0.0032808937154483126)	(79.0, 0.0013123574861793254)	(80.0, 0.0006561787430896627)	(81.0, 0.0006561787430896627)	(82.0, 0.0)	(83.0, 0.0006561787430896627)	(84.0, 0.0)	(85.0, 0.0)	(86.0, 0.0)	(87.0, 0.0)	(88.0, 0.0)	(89.0, 0.0)	(90.0, 0.0)	(91.0, 0.0)	(92.0, 0.0)	(93.0, 0.0)	(94.0, 0.0)	(95.0, 0.0)	(96.0, 0.0)	(97.0, 0.0)	(98.0, 0.0)	(99.0, 0.0)	(100.0, 0.0)
SRR3667034_2	(0.0, 0.011794655055484885)	(1.0, 0.005897327527742443)	(2.0, 0.0)	(3.0, 0.0)	(4.0, 0.0)	(5.0, 0.0)	(6.0, 0.0)	(7.0, 0.0)	(8.0, 0.0)	(9.0, 0.0)	(10.0, 0.0)	(11.0, 0.0)	(12.0, 0.0006552586141936046)	(13.0, 0.0)	(14.0, 0.0)	(15.0, 0.0)	(16.0, 0.0)	(17.0, 0.0006552586141936046)	(18.0, 0.0013105172283872093)	(19.0, 0.0006552586141936046)	(20.0, 0.0)	(21.0, 0.0)	(22.0, 0.0019657758425808145)	(23.0, 0.0006552586141936046)	(24.0, 0.0)	(25.0, 0.0019657758425808145)	(26.0, 0.005897327527742443)	(27.0, 0.005242068913548837)	(28.0, 0.009173620598710465)	(29.0, 0.010484137827097674)	(30.0, 0.00819073267742006)	(31.0, 0.020640646347098553)	(32.0, 0.027193232489034613)	(33.0, 0.0258827152606474)	(34.0, 0.03210767209548665)	(35.0, 0.03341818932387385)	(36.0, 0.05307594774968193)	(37.0, 0.06880215449032845)	(38.0, 0.08059680954581341)	(39.0, 0.08944280083742714)	(40.0, 0.09009805945162075)	(41.0, 0.09992693866452487)	(42.0, 0.11598077471226831)	(43.0, 0.12679254184646285)	(44.0, 0.12810305907485006)	(45.0, 0.5507448652297277)	(46.0, 1.3848890810982037)	(47.0, 1.0336704638903917)	(48.0, 0.9671617145497401)	(49.0, 0.9661788266284499)	(50.0, 5.445854342563326)	(51.0, 15.84087699812478)	(52.0, 21.076393325540483)	(53.0, 13.398728143027439)	(54.0, 9.77711378238267)	(55.0, 7.535146433920582)	(56.0, 12.55606556517522)	(57.0, 3.123617813860752)	(58.0, 0.911464732343287)	(59.0, 0.6031655543652134)	(60.0, 0.360392237806484)	(61.0, 0.18773159296646727)	(62.0, 0.28634801440260477)	(63.0, 0.324353014025835)	(64.0, 0.12449913669678521)	(65.0, 0.09796116282194405)	(66.0, 0.14088060205162511)	(67.0, 1.0824872306478206)	(68.0, 0.850525681223285)	(69.0, 0.07109555964000609)	(70.0, 0.058645645970327565)	(71.0, 0.04848913745032672)	(72.0, 0.04128129269419709)	(73.0, 0.021951163575485762)	(74.0, 0.012449913669678486)	(75.0, 0.012449913669678486)	(76.0, 0.009173620598710465)	(77.0, 0.011794655055484882)	(78.0, 0.009173620598710465)	(79.0, 0.0026210344567744186)	(80.0, 0.0013105172283872093)	(81.0, 0.003276293070968023)	(82.0, 0.0019657758425808145)	(83.0, 0.0019657758425808145)	(84.0, 0.0006552586141936046)	(85.0, 0.0013105172283872093)	(86.0, 0.0013105172283872093)	(87.0, 0.0013105172283872093)	(88.0, 0.0)	(89.0, 0.0)	(90.0, 0.0)	(91.0, 0.0)	(92.0, 0.0)	(93.0, 0.0)	(94.0, 0.0)	(95.0, 0.0006552586141936046)	(96.0, 0.0006552586141936046)	(97.0, 0.0)	(98.0, 0.0)	(99.0, 0.0006552586141936046)	(100.0, 0.0029486637638712213)
SRR3667035_1	(0.0, 0.0)	(1.0, 0.0)	(2.0, 0.0)	(3.0, 0.0)	(4.0, 0.0)	(5.0, 0.0)	(6.0, 0.0)	(7.0, 0.0)	(8.0, 0.0)	(9.0, 0.0)	(10.0, 0.0)	(11.0, 0.0)	(12.0, 0.0)	(13.0, 0.0)	(14.0, 0.0)	(15.0, 0.0)	(16.0, 0.0)	(17.0, 0.0007552698956970886)	(18.0, 0.0015105397913941772)	(19.0, 0.002265809687091266)	(20.0, 0.003776349478485443)	(21.0, 0.0030210795827883543)	(22.0, 0.002265809687091266)	(23.0, 0.003776349478485443)	(24.0, 0.0030210795827883543)	(25.0, 0.007552698956970887)	(26.0, 0.00528688926987962)	(27.0, 0.003776349478485443)	(28.0, 0.004531619374182531)	(29.0, 0.003776349478485443)	(30.0, 0.004531619374182531)	(31.0, 0.009063238748365064)	(32.0, 0.0067974290612737975)	(33.0, 0.009818508644062151)	(34.0, 0.007552698956970887)	(35.0, 0.013217223174699047)	(36.0, 0.00793033390481943)	(37.0, 0.012839588226850503)	(38.0, 0.01850411244457867)	(39.0, 0.015860667809638858)	(40.0, 0.01888174739242721)	(41.0, 0.020014652235972846)	(42.0, 0.012084318331153416)	(43.0, 0.012839588226850503)	(44.0, 0.16766991684475374)	(45.0, 2.095873960559501)	(46.0, 3.3462232728858234)	(47.0, 1.3319184610618091)	(48.0, 0.8122927728222124)	(49.0, 2.351910455200832)	(50.0, 2.5947297266673908)	(51.0, 2.8904178908327336)	(52.0, 4.327696502343967)	(53.0, 5.5670944011832395)	(54.0, 23.20453464045119)	(55.0, 31.966420700449056)	(56.0, 11.94534867034442)	(57.0, 2.272984751100488)	(58.0, 1.4769302810356666)	(59.0, 1.372325400481608)	(60.0, 1.122708699953698)	(61.0, 0.5147164339175707)	(62.0, 0.20845449121239595)	(63.0, 0.15634086840929756)	(64.0, 0.040406939419794244)	(65.0, 0.0067974290612737975)	(66.0, 0.007175064009122343)	(67.0, 0.0007552698956970886)	(68.0, 0.0007552698956970886)	(69.0, 0.0015105397913941772)	(70.0, 0.0)	(71.0, 0.0)	(72.0, 0.0)	(73.0, 0.0007552698956970886)	(74.0, 0.0)	(75.0, 0.0)	(76.0, 0.0)	(77.0, 0.0)	(78.0, 0.0)	(79.0, 0.0)	(80.0, 0.0)	(81.0, 0.0)	(82.0, 0.0)	(83.0, 0.0)	(84.0, 0.0)	(85.0, 0.0)	(86.0, 0.0)	(87.0, 0.0)	(88.0, 0.0)	(89.0, 0.0)	(90.0, 0.0)	(91.0, 0.0)	(92.0, 0.0)	(93.0, 0.0)	(94.0, 0.0)	(95.0, 0.0)	(96.0, 0.0)	(97.0, 0.0)	(98.0, 0.0)	(99.0, 0.0)	(100.0, 0.0)
SRR3667035_2	(0.0, 0.0)	(1.0, 0.0007289267282850649)	(2.0, 0.0007289267282850649)	(3.0, 0.0)	(4.0, 0.0007289267282850649)	(5.0, 0.0007289267282850649)	(6.0, 0.0)	(7.0, 0.0)	(8.0, 0.0)	(9.0, 0.0)	(10.0, 0.0)	(11.0, 0.0)	(12.0, 0.0007289267282850649)	(13.0, 0.0)	(14.0, 0.0)	(15.0, 0.0)	(16.0, 0.0)	(17.0, 0.0)	(18.0, 0.0007289267282850649)	(19.0, 0.0014578534565701299)	(20.0, 0.0014578534565701299)	(21.0, 0.0029157069131402597)	(22.0, 0.005102487097995455)	(23.0, 0.004009097005567857)	(24.0, 0.006924803918708118)	(25.0, 0.005102487097995455)	(26.0, 0.005831413826280519)	(27.0, 0.0036446336414253247)	(28.0, 0.0021867801848551947)	(29.0, 0.004373560369710389)	(30.0, 0.005102487097995455)	(31.0, 0.004373560369710389)	(32.0, 0.0029157069131402597)	(33.0, 0.009476047467705844)	(34.0, 0.012391754380846103)	(35.0, 0.016036388022271423)	(36.0, 0.006560340554565586)	(37.0, 0.012027291016703572)	(38.0, 0.012756217744988634)	(39.0, 0.014942997929843828)	(40.0, 0.02150333848440942)	(41.0, 0.018952094935411685)	(42.0, 0.053211651164809706)	(43.0, 0.12646878735745906)	(44.0, 0.2168557016648061)	(45.0, 0.8725252937572113)	(46.0, 3.43980523077705)	(47.0, 8.648715631103784)	(48.0, 6.171093681661723)	(49.0, 0.927923725106873)	(50.0, 1.4064641222260403)	(51.0, 3.6121964020164294)	(52.0, 3.355978657024287)	(53.0, 3.9449514534784855)	(54.0, 3.31625215033276)	(55.0, 3.759439601129979)	(56.0, 35.3398256407417)	(57.0, 22.95317374697106)	(58.0, 0.600271160742755)	(59.0, 0.1235530804443188)	(60.0, 0.06341662536080059)	(61.0, 0.2966731784120203)	(62.0, 0.21065982447438314)	(63.0, 0.030614922587972743)	(64.0, 0.044464530425388955)	(65.0, 0.1027786686881943)	(66.0, 0.03243723940868541)	(67.0, 0.04191328687639124)	(68.0, 0.03280170277282795)	(69.0, 0.021138875120266885)	(70.0, 0.029157069131402615)	(71.0, 0.01676531475055649)	(72.0, 0.005102487097995455)	(73.0, 0.0029157069131402597)	(74.0, 0.0007289267282850649)	(75.0, 0.0029157069131402597)	(76.0, 0.0021867801848551947)	(77.0, 0.0021867801848551947)	(78.0, 0.0014578534565701299)	(79.0, 0.0)	(80.0, 0.0)	(81.0, 0.0007289267282850649)	(82.0, 0.0007289267282850649)	(83.0, 0.0)	(84.0, 0.0)	(85.0, 0.0)	(86.0, 0.0)	(87.0, 0.0)	(88.0, 0.0)	(89.0, 0.0)	(90.0, 0.0007289267282850649)	(91.0, 0.0007289267282850649)	(92.0, 0.0)	(93.0, 0.0)	(94.0, 0.0)	(95.0, 0.0)	(96.0, 0.0)	(97.0, 0.0007289267282850649)	(98.0, 0.0007289267282850649)	(99.0, 0.0)	(100.0, 0.0021867801848551947)
SRR3667036_1	(0.0, 0.0)	(1.0, 0.0)	(2.0, 0.0)	(3.0, 0.0)	(4.0, 0.0)	(5.0, 0.0)	(6.0, 0.0)	(7.0, 0.0)	(8.0, 0.0)	(9.0, 0.0)	(10.0, 0.0)	(11.0, 0.0)	(12.0, 0.0)	(13.0, 0.0)	(14.0, 0.0)	(15.0, 0.0)	(16.0, 0.0004646019754876339)	(17.0, 0.0)	(18.0, 0.0)	(19.0, 0.0)	(20.0, 0.0)	(21.0, 0.0)	(22.0, 0.0)	(23.0, 0.0)	(24.0, 0.0)	(25.0, 0.0009292039509752678)	(26.0, 0.0013938059264629015)	(27.0, 0.0018584079019505356)	(28.0, 0.0009292039509752678)	(29.0, 0.0018584079019505356)	(30.0, 0.0018584079019505356)	(31.0, 0.002787611852925803)	(32.0, 0.0004646019754876339)	(33.0, 0.002787611852925803)	(34.0, 0.003716815803901071)	(35.0, 0.003716815803901071)	(36.0, 0.003716815803901071)	(37.0, 0.004646019754876339)	(38.0, 0.005110621730363973)	(39.0, 0.004181417779388705)	(40.0, 0.003716815803901071)	(41.0, 0.004646019754876339)	(42.0, 0.007898233583289775)	(43.0, 0.009756641485240308)	(44.0, 0.016028768154323376)	(45.0, 0.35100679248091127)	(46.0, 1.1457084715525379)	(47.0, 0.9598676813574634)	(48.0, 2.470056402679833)	(49.0, 9.948289800126142)	(50.0, 12.51312500580628)	(51.0, 10.215668237019033)	(52.0, 14.16734033953301)	(53.0, 14.616378148842626)	(54.0, 10.532062182325824)	(55.0, 6.384328046163744)	(56.0, 6.283741718470765)	(57.0, 5.8175136360693465)	(58.0, 2.4853882678709214)	(59.0, 0.9480203309825275)	(60.0, 0.6211728412269555)	(61.0, 0.26296471812600214)	(62.0, 0.08084074373484848)	(63.0, 0.06481197558052501)	(64.0, 0.03019912840669619)	(65.0, 0.010221243460727942)	(66.0, 0.0032522138284134367)	(67.0, 0.0004646019754876339)	(68.0, 0.0004646019754876339)	(69.0, 0.0018584079019505356)	(70.0, 0.0004646019754876339)	(71.0, 0.0009292039509752678)	(72.0, 0.0004646019754876339)	(73.0, 0.0)	(74.0, 0.0)	(75.0, 0.0)	(76.0, 0.0)	(77.0, 0.0004646019754876339)	(78.0, 0.0004646019754876339)	(79.0, 0.0)	(80.0, 0.0)	(81.0, 0.0)	(82.0, 0.0)	(83.0, 0.0)	(84.0, 0.0)	(85.0, 0.0)	(86.0, 0.0)	(87.0, 0.0)	(88.0, 0.0)	(89.0, 0.0)	(90.0, 0.0)	(91.0, 0.0)	(92.0, 0.0)	(93.0, 0.0)	(94.0, 0.0)	(95.0, 0.0)	(96.0, 0.0)	(97.0, 0.0)	(98.0, 0.0)	(99.0, 0.0)	(100.0, 0.0)
SRR3667036_2	(0.0, 0.0)	(1.0, 0.0)	(2.0, 0.0)	(3.0, 0.0)	(4.0, 0.0)	(5.0, 0.0)	(6.0, 0.0)	(7.0, 0.0004640812699120771)	(8.0, 0.0)	(9.0, 0.0)	(10.0, 0.0)	(11.0, 0.0)	(12.0, 0.0)	(13.0, 0.0)	(14.0, 0.0)	(15.0, 0.0)	(16.0, 0.0)	(17.0, 0.0)	(18.0, 0.0)	(19.0, 0.0)	(20.0, 0.0004640812699120771)	(21.0, 0.0009281625398241542)	(22.0, 0.0009281625398241542)	(23.0, 0.0013922438097362314)	(24.0, 0.0004640812699120771)	(25.0, 0.0)	(26.0, 0.0004640812699120771)	(27.0, 0.0009281625398241542)	(28.0, 0.0009281625398241542)	(29.0, 0.0013922438097362314)	(30.0, 0.0013922438097362314)	(31.0, 0.0018563250796483084)	(32.0, 0.0013922438097362314)	(33.0, 0.002784487619472463)	(34.0, 0.0032485688893845394)	(35.0, 0.0013922438097362314)	(36.0, 0.0023204063495603855)	(37.0, 0.0037126501592966168)	(38.0, 0.004640812699120772)	(39.0, 0.005104893969032849)	(40.0, 0.006497137778769079)	(41.0, 0.008817544128329463)	(42.0, 0.023204063495603867)	(43.0, 0.1735663949471159)	(44.0, 0.19653841780776418)	(45.0, 1.269030232574622)	(46.0, 3.823101501535874)	(47.0, 11.705057789718804)	(48.0, 13.961420924035428)	(49.0, 10.240881383146716)	(50.0, 9.841307409752782)	(51.0, 10.290538079027263)	(52.0, 7.607452217033028)	(53.0, 11.316621766801934)	(54.0, 10.416768184443233)	(55.0, 4.637332089596984)	(56.0, 2.3482512257549657)	(57.0, 0.9502064001449888)	(58.0, 0.6587633626401803)	(59.0, 0.1867927111396103)	(60.0, 0.05104893969032847)	(61.0, 0.04826445207085598)	(62.0, 0.0283089574646367)	(63.0, 0.011369991112845887)	(64.0, 0.009745706668153616)	(65.0, 0.008817544128329463)	(66.0, 0.023668144765515944)	(67.0, 0.05336934603988886)	(68.0, 0.03759058286287821)	(69.0, 0.008817544128329463)	(70.0, 0.004176731429208695)	(71.0, 0.0037126501592966168)	(72.0, 0.0013922438097362314)	(73.0, 0.0018563250796483084)	(74.0, 0.0013922438097362314)	(75.0, 0.0)	(76.0, 0.0004640812699120771)	(77.0, 0.0)	(78.0, 0.0)	(79.0, 0.0004640812699120771)	(80.0, 0.0004640812699120771)	(81.0, 0.0)	(82.0, 0.0)	(83.0, 0.0004640812699120771)	(84.0, 0.0009281625398241542)	(85.0, 0.0004640812699120771)	(86.0, 0.0004640812699120771)	(87.0, 0.0009281625398241542)	(88.0, 0.0009281625398241542)	(89.0, 0.0)	(90.0, 0.0)	(91.0, 0.0)	(92.0, 0.0)	(93.0, 0.0)	(94.0, 0.0009281625398241542)	(95.0, 0.0)	(96.0, 0.0)	(97.0, 0.0)	(98.0, 0.0)	(99.0, 0.0009281625398241542)	(100.0, 0.0006961219048681157)
SRR3667037_1	(0.0, 0.0)	(1.0, 0.0)	(2.0, 0.0)	(3.0, 0.0)	(4.0, 0.0)	(5.0, 0.0)	(6.0, 0.0)	(7.0, 0.0)	(8.0, 0.0)	(9.0, 0.0)	(10.0, 0.0)	(11.0, 0.0)	(12.0, 0.0)	(13.0, 0.0)	(14.0, 0.0)	(15.0, 0.0)	(16.0, 0.0)	(17.0, 0.0)	(18.0, 0.0)	(19.0, 0.0)	(20.0, 0.0)	(21.0, 0.0)	(22.0, 0.00047647182145646287)	(23.0, 0.00047647182145646287)	(24.0, 0.0)	(25.0, 0.0)	(26.0, 0.00047647182145646287)	(27.0, 0.0)	(28.0, 0.00047647182145646287)	(29.0, 0.0)	(30.0, 0.0019058872858258515)	(31.0, 0.0019058872858258515)	(32.0, 0.0023823591072823142)	(33.0, 0.0014294154643693887)	(34.0, 0.0014294154643693887)	(35.0, 0.003811774571651703)	(36.0, 0.004288246393108167)	(37.0, 0.0019058872858258515)	(38.0, 0.003811774571651703)	(39.0, 0.005241190036021092)	(40.0, 0.0019058872858258515)	(41.0, 0.0023823591072823142)	(42.0, 0.004288246393108167)	(43.0, 0.006908841411118712)	(44.0, 0.020250052411899682)	(45.0, 0.9801025367359556)	(46.0, 3.1451904934339443)	(47.0, 2.113628999980788)	(48.0, 1.2890945129505071)	(49.0, 6.65559663801494)	(50.0, 16.258647963562893)	(51.0, 15.473422401801216)	(52.0, 15.871276372718087)	(53.0, 11.522518058277551)	(54.0, 8.891917132018813)	(55.0, 8.189597667192624)	(56.0, 3.918504259658135)	(57.0, 1.7226838704758491)	(58.0, 0.6644399550210247)	(59.0, 0.24371533667498146)	(60.0, 0.19868874954734442)	(61.0, 0.1879681335645737)	(62.0, 0.5998780232136777)	(63.0, 0.8586022222645437)	(64.0, 0.5727191293906608)	(65.0, 0.4240599210962528)	(66.0, 0.1424650746154819)	(67.0, 0.0035735386609234716)	(68.0, 0.003097066839467009)	(69.0, 0.0014294154643693887)	(70.0, 0.0009529436429129257)	(71.0, 0.0)	(72.0, 0.0)	(73.0, 0.0)	(74.0, 0.00047647182145646287)	(75.0, 0.0)	(76.0, 0.0)	(77.0, 0.0)	(78.0, 0.0)	(79.0, 0.0)	(80.0, 0.0)	(81.0, 0.0)	(82.0, 0.0)	(83.0, 0.0)	(84.0, 0.0)	(85.0, 0.0)	(86.0, 0.0)	(87.0, 0.0)	(88.0, 0.0)	(89.0, 0.0)	(90.0, 0.0)	(91.0, 0.0)	(92.0, 0.0)	(93.0, 0.0)	(94.0, 0.0)	(95.0, 0.0)	(96.0, 0.0)	(97.0, 0.0)	(98.0, 0.0)	(99.0, 0.0)	(100.0, 0.0)
SRR3667037_2	(0.0, 0.0)	(1.0, 0.0)	(2.0, 0.0)	(3.0, 0.0)	(4.0, 0.0)	(5.0, 0.0)	(6.0, 0.0)	(7.0, 0.0)	(8.0, 0.0)	(9.0, 0.0)	(10.0, 0.0)	(11.0, 0.0)	(12.0, 0.0)	(13.0, 0.0)	(14.0, 0.0)	(15.0, 0.00047697748904743364)	(16.0, 0.00047697748904743364)	(17.0, 0.0)	(18.0, 0.0)	(19.0, 0.00047697748904743364)	(20.0, 0.0)	(21.0, 0.0)	(22.0, 0.0)	(23.0, 0.00047697748904743364)	(24.0, 0.0009539549780948673)	(25.0, 0.0009539549780948673)	(26.0, 0.00047697748904743364)	(27.0, 0.0)	(28.0, 0.0019079099561897345)	(29.0, 0.0014309324671423012)	(30.0, 0.0)	(31.0, 0.00047697748904743364)	(32.0, 0.0009539549780948673)	(33.0, 0.0014309324671423012)	(34.0, 0.002861864934284602)	(35.0, 0.003815819912379469)	(36.0, 0.004292797401426903)	(37.0, 0.005723729868569205)	(38.0, 0.004292797401426903)	(39.0, 0.010255016014519822)	(40.0, 0.010255016014519822)	(41.0, 0.011924437226185839)	(42.0, 0.020987009518087095)	(43.0, 0.043404951503316413)	(44.0, 0.07321604456878118)	(45.0, 0.4071002869019865)	(46.0, 1.222016326939564)	(47.0, 18.267760853035302)	(48.0, 30.881192062132524)	(49.0, 12.052744170735938)	(50.0, 2.6708354499208977)	(51.0, 5.852513790613074)	(52.0, 8.286529917219926)	(53.0, 3.623597984293402)	(54.0, 3.505307567009585)	(55.0, 2.3634234582298963)	(56.0, 4.3023369512082095)	(57.0, 3.259425671405521)	(58.0, 0.18602122072849817)	(59.0, 0.10278864888972207)	(60.0, 0.050321125094504225)	(61.0, 0.05175205756164653)	(62.0, 0.22298697612967538)	(63.0, 0.6212631794842721)	(64.0, 0.2361038570784801)	(65.0, 0.03863517661284209)	(66.0, 0.04817472639379075)	(67.0, 0.8342336283439564)	(68.0, 0.6625217322868727)	(69.0, 0.018602122072849923)	(70.0, 0.004292797401426903)	(71.0, 0.002861864934284602)	(72.0, 0.002861864934284602)	(73.0, 0.0009539549780948673)	(74.0, 0.0014309324671423012)	(75.0, 0.0023848874452371683)	(76.0, 0.0009539549780948673)	(77.0, 0.0009539549780948673)	(78.0, 0.0009539549780948673)	(79.0, 0.0019079099561897345)	(80.0, 0.0023848874452371683)	(81.0, 0.0009539549780948673)	(82.0, 0.0)	(83.0, 0.00047697748904743364)	(84.0, 0.00047697748904743364)	(85.0, 0.0)	(86.0, 0.0014309324671423012)	(87.0, 0.0009539549780948673)	(88.0, 0.0)	(89.0, 0.00047697748904743364)	(90.0, 0.0009539549780948673)	(91.0, 0.00047697748904743364)	(92.0, 0.00047697748904743364)	(93.0, 0.00047697748904743364)	(94.0, 0.0)	(95.0, 0.0)	(96.0, 0.00047697748904743364)	(97.0, 0.0)	(98.0, 0.0)	(99.0, 0.0)	(100.0, 0.0007154662335711506)
SRR3667038_1	(0.0, 0.0)	(1.0, 0.0)	(2.0, 0.0)	(3.0, 0.0)	(4.0, 0.0)	(5.0, 0.0)	(6.0, 0.0)	(7.0, 0.0)	(8.0, 0.0)	(9.0, 0.0)	(10.0, 0.0)	(11.0, 0.0)	(12.0, 0.0)	(13.0, 0.0)	(14.0, 0.0)	(15.0, 0.0)	(16.0, 0.0)	(17.0, 0.0)	(18.0, 0.0)	(19.0, 0.0)	(20.0, 0.0)	(21.0, 0.0)	(22.0, 0.0)	(23.0, 0.0)	(24.0, 0.0)	(25.0, 0.00046796323680801043)	(26.0, 0.0018718529472320417)	(27.0, 0.0014038897104240314)	(28.0, 0.0)	(29.0, 0.00046796323680801043)	(30.0, 0.0014038897104240314)	(31.0, 0.0009359264736160209)	(32.0, 0.00046796323680801043)	(33.0, 0.0009359264736160209)	(34.0, 0.0018718529472320417)	(35.0, 0.002807779420848063)	(36.0, 0.0009359264736160209)	(37.0, 0.0009359264736160209)	(38.0, 0.0018718529472320417)	(39.0, 0.0021058345656360467)	(40.0, 0.0035097242760600785)	(41.0, 0.004211669131272094)	(42.0, 0.002339816184040052)	(43.0, 0.0065514853153121454)	(44.0, 0.03696909570783279)	(45.0, 2.7193343690911225)	(46.0, 9.454261273229914)	(47.0, 6.34207176684107)	(48.0, 1.263734721000078)	(49.0, 2.103026786215113)	(50.0, 4.105441476516973)	(51.0, 5.545598337794281)	(52.0, 5.803914044512347)	(53.0, 7.4144095239856505)	(54.0, 19.76349138012355)	(55.0, 23.827752091804)	(56.0, 8.648428579447252)	(57.0, 0.9944218782170371)	(58.0, 0.44269322202037725)	(59.0, 0.45111656028292096)	(60.0, 0.2047339161035043)	(61.0, 0.09218875765117827)	(62.0, 0.27024876925662755)	(63.0, 0.3100256443853096)	(64.0, 0.11511895625477048)	(65.0, 0.03626715085262078)	(66.0, 0.017314639761896393)	(67.0, 0.00046796323680801043)	(68.0, 0.0)	(69.0, 0.0)	(70.0, 0.0)	(71.0, 0.00046796323680801043)	(72.0, 0.00046796323680801043)	(73.0, 0.00046796323680801043)	(74.0, 0.00046796323680801043)	(75.0, 0.0)	(76.0, 0.0)	(77.0, 0.0)	(78.0, 0.0)	(79.0, 0.0)	(80.0, 0.0)	(81.0, 0.0)	(82.0, 0.0)	(83.0, 0.0)	(84.0, 0.0)	(85.0, 0.0)	(86.0, 0.0)	(87.0, 0.0)	(88.0, 0.0)	(89.0, 0.0)	(90.0, 0.0)	(91.0, 0.0)	(92.0, 0.0)	(93.0, 0.0)	(94.0, 0.0)	(95.0, 0.0)	(96.0, 0.0)	(97.0, 0.0)	(98.0, 0.0)	(99.0, 0.0)	(100.0, 0.0)
SRR3667038_2	(0.0, 0.0)	(1.0, 0.0)	(2.0, 0.0)	(3.0, 0.0)	(4.0, 0.0)	(5.0, 0.0)	(6.0, 0.0)	(7.0, 0.0)	(8.0, 0.0)	(9.0, 0.0)	(10.0, 0.0)	(11.0, 0.0)	(12.0, 0.0)	(13.0, 0.0)	(14.0, 0.0)	(15.0, 0.0)	(16.0, 0.0)	(17.0, 0.0)	(18.0, 0.0)	(19.0, 0.00046606575255627445)	(20.0, 0.00046606575255627445)	(21.0, 0.0)	(22.0, 0.0)	(23.0, 0.0)	(24.0, 0.0)	(25.0, 0.00046606575255627445)	(26.0, 0.00046606575255627445)	(27.0, 0.00046606575255627445)	(28.0, 0.0013981972576688235)	(29.0, 0.0013981972576688235)	(30.0, 0.00046606575255627445)	(31.0, 0.0)	(32.0, 0.0)	(33.0, 0.00046606575255627445)	(34.0, 0.0013981972576688235)	(35.0, 0.0009321315051125489)	(36.0, 0.002330328762781372)	(37.0, 0.0037285260204501956)	(38.0, 0.00512672327811902)	(39.0, 0.005825821906953431)	(40.0, 0.010486479432516172)	(41.0, 0.007923117793456665)	(42.0, 0.11698250389162473)	(43.0, 0.3504814459223223)	(44.0, 0.10230143268610231)	(45.0, 0.13306177235481598)	(46.0, 0.6333833577239654)	(47.0, 14.375099038970598)	(48.0, 16.117252822029123)	(49.0, 4.581659380504977)	(50.0, 3.331204966395924)	(51.0, 11.33425303641198)	(52.0, 6.367623344300559)	(53.0, 0.9524053653487574)	(54.0, 0.7126145356585276)	(55.0, 0.9503080694622539)	(56.0, 20.95804476096367)	(57.0, 16.587280133482977)	(58.0, 0.4572105032577036)	(59.0, 0.5737269413967657)	(60.0, 0.3938255609100539)	(61.0, 0.04474231224540229)	(62.0, 0.05662698893558737)	(63.0, 0.1750076900848801)	(64.0, 0.29175716110023)	(65.0, 0.05732608756442178)	(66.0, 0.019574761607363537)	(67.0, 0.14587858055011335)	(68.0, 0.1071951230879431)	(69.0, 0.005592789030675294)	(70.0, 0.0013981972576688235)	(71.0, 0.0018642630102250978)	(72.0, 0.0027963945153376465)	(73.0, 0.0013981972576688235)	(74.0, 0.0009321315051125489)	(75.0, 0.0013981972576688235)	(76.0, 0.0013981972576688235)	(77.0, 0.0013981972576688235)	(78.0, 0.00046606575255627445)	(79.0, 0.0009321315051125489)	(80.0, 0.0)	(81.0, 0.0)	(82.0, 0.00046606575255627445)	(83.0, 0.0009321315051125489)	(84.0, 0.00046606575255627445)	(85.0, 0.00046606575255627445)	(86.0, 0.0009321315051125489)	(87.0, 0.0)	(88.0, 0.0)	(89.0, 0.0)	(90.0, 0.0009321315051125489)	(91.0, 0.0009321315051125489)	(92.0, 0.0009321315051125489)	(93.0, 0.00046606575255627445)	(94.0, 0.0)	(95.0, 0.0009321315051125489)	(96.0, 0.0009321315051125489)	(97.0, 0.0)	(98.0, 0.0)	(99.0, 0.0)	(100.0, 0.0013981972576688235)
SRR3667039_1	(0.0, 0.0)	(1.0, 0.0)	(2.0, 0.0)	(3.0, 0.0)	(4.0, 0.0)	(5.0, 0.0)	(6.0, 0.0)	(7.0, 0.0)	(8.0, 0.0)	(9.0, 0.0)	(10.0, 0.0)	(11.0, 0.0)	(12.0, 0.0)	(13.0, 0.0)	(14.0, 0.0)	(15.0, 0.0)	(16.0, 0.0)	(17.0, 0.0)	(18.0, 0.0)	(19.0, 0.0)	(20.0, 0.0)	(21.0, 0.0)	(22.0, 0.0)	(23.0, 0.0)	(24.0, 0.0007574323044878361)	(25.0, 0.0)	(26.0, 0.0007574323044878361)	(27.0, 0.0015148646089756723)	(28.0, 0.0015148646089756723)	(29.0, 0.0007574323044878361)	(30.0, 0.0015148646089756723)	(31.0, 0.0015148646089756723)	(32.0, 0.0)	(33.0, 0.0007574323044878361)	(34.0, 0.0022722969134635084)	(35.0, 0.0007574323044878361)	(36.0, 0.0015148646089756723)	(37.0, 0.0022722969134635084)	(38.0, 0.0037871615224391807)	(39.0, 0.0007574323044878361)	(40.0, 0.0037871615224391807)	(41.0, 0.0037871615224391807)	(42.0, 0.005302026131414853)	(43.0, 0.006438174588146608)	(44.0, 0.009467903806097954)	(45.0, 0.02726756296156211)	(46.0, 0.25866313198259483)	(47.0, 0.602537398220079)	(48.0, 2.6313198257907793)	(49.0, 9.110017042229053)	(50.0, 10.438932020452022)	(51.0, 6.45521681499798)	(52.0, 6.197311115319755)	(53.0, 7.943950009469497)	(54.0, 11.377769361863841)	(55.0, 18.138231395563878)	(56.0, 16.31244082559761)	(57.0, 6.770308653665063)	(58.0, 1.3039197121757995)	(59.0, 0.346146563150941)	(60.0, 0.39803067600835934)	(61.0, 0.37795871993943114)	(62.0, 0.5415640977088083)	(63.0, 0.4798333648930479)	(64.0, 0.17496686233669012)	(65.0, 0.03408445370195265)	(66.0, 0.010604052262829705)	(67.0, 0.004544593826927017)	(68.0, 0.008331755349366199)	(69.0, 0.0022722969134635084)	(70.0, 0.0)	(71.0, 0.0007574323044878361)	(72.0, 0.0018935807612195904)	(73.0, 0.0011361484567317542)	(74.0, 0.0)	(75.0, 0.0)	(76.0, 0.0007574323044878361)	(77.0, 0.0)	(78.0, 0.0)	(79.0, 0.0)	(80.0, 0.0)	(81.0, 0.0)	(82.0, 0.0)	(83.0, 0.0)	(84.0, 0.0)	(85.0, 0.0)	(86.0, 0.0)	(87.0, 0.0)	(88.0, 0.0)	(89.0, 0.0)	(90.0, 0.0)	(91.0, 0.0)	(92.0, 0.0)	(93.0, 0.0)	(94.0, 0.0)	(95.0, 0.0)	(96.0, 0.0)	(97.0, 0.0)	(98.0, 0.0)	(99.0, 0.0)	(100.0, 0.0)
SRR3667039_2	(0.0, 0.0)	(1.0, 0.0)	(2.0, 0.0)	(3.0, 0.0)	(4.0, 0.0)	(5.0, 0.0)	(6.0, 0.0)	(7.0, 0.0)	(8.0, 0.0)	(9.0, 0.0)	(10.0, 0.0)	(11.0, 0.0)	(12.0, 0.0)	(13.0, 0.0)	(14.0, 0.0)	(15.0, 0.0)	(16.0, 0.0)	(17.0, 0.0)	(18.0, 0.0)	(19.0, 0.0)	(20.0, 0.0)	(21.0, 0.0)	(22.0, 0.0)	(23.0, 0.0)	(24.0, 0.0)	(25.0, 0.0)	(26.0, 0.0007535340748109575)	(27.0, 0.0007535340748109575)	(28.0, 0.0007535340748109575)	(29.0, 0.001507068149621915)	(30.0, 0.00301413629924383)	(31.0, 0.0007535340748109575)	(32.0, 0.0022606022244328725)	(33.0, 0.0037676703740547875)	(34.0, 0.00301413629924383)	(35.0, 0.004521204448865745)	(36.0, 0.0037676703740547875)	(37.0, 0.007535340748109575)	(38.0, 0.00602827259848766)	(39.0, 0.0037676703740547875)	(40.0, 0.010549477047353404)	(41.0, 0.0158242155710301)	(42.0, 0.03767670374054789)	(43.0, 0.7339421888658704)	(44.0, 0.7565482111101978)	(45.0, 0.28069144286708014)	(46.0, 1.542861018175453)	(47.0, 13.027097085330091)	(48.0, 12.842481237001573)	(49.0, 2.625689483678816)	(50.0, 4.594297254121995)	(51.0, 6.750535009194507)	(52.0, 20.790381891069117)	(53.0, 18.45404949211367)	(54.0, 5.937848509510517)	(55.0, 3.0209181059170738)	(56.0, 3.7823642885133735)	(57.0, 2.9127859661817253)	(58.0, 0.21814811465777156)	(59.0, 0.10549477047353417)	(60.0, 0.05613828857341629)	(61.0, 0.060659493022282025)	(62.0, 0.16276336015916695)	(63.0, 0.38053470777953446)	(64.0, 0.13412906531635077)	(65.0, 0.03843023781535885)	(66.0, 0.024113090393950643)	(67.0, 0.32100551586946713)	(68.0, 0.2840823462037294)	(69.0, 0.01921511890767941)	(70.0, 0.006405039635893139)	(71.0, 0.012056545196975318)	(72.0, 0.007535340748109575)	(73.0, 0.001507068149621915)	(74.0, 0.00301413629924383)	(75.0, 0.0007535340748109575)	(76.0, 0.0)	(77.0, 0.0)	(78.0, 0.0)	(79.0, 0.0)	(80.0, 0.0007535340748109575)	(81.0, 0.0007535340748109575)	(82.0, 0.0007535340748109575)	(83.0, 0.001507068149621915)	(84.0, 0.0)	(85.0, 0.0)	(86.0, 0.0)	(87.0, 0.0)	(88.0, 0.0)	(89.0, 0.0)	(90.0, 0.0)	(91.0, 0.0)	(92.0, 0.0)	(93.0, 0.0)	(94.0, 0.0)	(95.0, 0.0)	(96.0, 0.0)	(97.0, 0.0007535340748109575)	(98.0, 0.0)	(99.0, 0.0007535340748109575)	(100.0, 0.0)
SRR3667040_1	(0.0, 0.0)	(1.0, 0.0)	(2.0, 0.0)	(3.0, 0.0)	(4.0, 0.0)	(5.0, 0.0)	(6.0, 0.0)	(7.0, 0.0)	(8.0, 0.0)	(9.0, 0.0)	(10.0, 0.0)	(11.0, 0.0)	(12.0, 0.0)	(13.0, 0.0)	(14.0, 0.0)	(15.0, 0.0)	(16.0, 0.0)	(17.0, 0.0)	(18.0, 0.0)	(19.0, 0.0)	(20.0, 0.0)	(21.0, 0.0)	(22.0, 0.0)	(23.0, 0.0)	(24.0, 0.0)	(25.0, 0.0)	(26.0, 0.0)	(27.0, 0.0)	(28.0, 0.0)	(29.0, 0.0)	(30.0, 0.0)	(31.0, 0.00033702942266857134)	(32.0, 0.00033702942266857134)	(33.0, 0.00033702942266857134)	(34.0, 0.0)	(35.0, 0.0)	(36.0, 0.0013481176906742854)	(37.0, 0.006066529608034282)	(38.0, 0.012807118061405717)	(39.0, 0.021569883050788555)	(40.0, 0.03774729533887998)	(41.0, 0.0704391493377315)	(42.0, 0.10818644467661094)	(43.0, 0.16986282902496033)	(44.0, 0.23339287519798785)	(45.0, 0.4453843820565093)	(46.0, 0.7674159954163534)	(47.0, 1.0771460348487913)	(48.0, 1.8253513531728494)	(49.0, 3.7851774459913154)	(50.0, 5.345792187657202)	(51.0, 6.567523844829662)	(52.0, 10.561828047588818)	(53.0, 12.401334636517229)	(54.0, 11.392774089179694)	(55.0, 11.457820767754844)	(56.0, 10.39095413029554)	(57.0, 7.598496848771888)	(58.0, 5.42196083718023)	(59.0, 3.720636311550255)	(60.0, 2.1160392302244575)	(61.0, 1.024232415489834)	(62.0, 1.135452124970441)	(63.0, 1.255434599440425)	(64.0, 0.6895621987799045)	(65.0, 0.22513565434260763)	(66.0, 0.08122409086312563)	(67.0, 0.018199588824102855)	(68.0, 0.01668295642209429)	(69.0, 0.008762764989382853)	(70.0, 0.0032017795153514274)	(71.0, 0.0013481176906742854)	(72.0, 0.00033702942266857134)	(73.0, 0.00033702942266857134)	(74.0, 0.00033702942266857134)	(75.0, 0.0)	(76.0, 0.00033702942266857134)	(77.0, 0.00033702942266857134)	(78.0, 0.00033702942266857134)	(79.0, 0.00033702942266857134)	(80.0, 0.00033702942266857134)	(81.0, 0.0)	(82.0, 0.0)	(83.0, 0.0)	(84.0, 0.0)	(85.0, 0.0)	(86.0, 0.0)	(87.0, 0.0)	(88.0, 0.0)	(89.0, 0.0)	(90.0, 0.0)	(91.0, 0.0)	(92.0, 0.0)	(93.0, 0.0)	(94.0, 0.0)	(95.0, 0.0)	(96.0, 0.0)	(97.0, 0.0)	(98.0, 0.0)	(99.0, 0.0)	(100.0, 0.0)
SRR3667040_2	(0.0, 0.0)	(1.0, 0.0)	(2.0, 0.0)	(3.0, 0.0)	(4.0, 0.0)	(5.0, 0.0)	(6.0, 0.0)	(7.0, 0.0)	(8.0, 0.0)	(9.0, 0.0)	(10.0, 0.0)	(11.0, 0.0)	(12.0, 0.0)	(13.0, 0.0)	(14.0, 0.0)	(15.0, 0.0)	(16.0, 0.0)	(17.0, 0.0)	(18.0, 0.0)	(19.0, 0.0)	(20.0, 0.00033580034654595315)	(21.0, 0.00033580034654595315)	(22.0, 0.00033580034654595315)	(23.0, 0.00033580034654595315)	(24.0, 0.0)	(25.0, 0.0)	(26.0, 0.0)	(27.0, 0.00033580034654595315)	(28.0, 0.00033580034654595315)	(29.0, 0.0)	(30.0, 0.0006716006930919063)	(31.0, 0.0006716006930919063)	(32.0, 0.00033580034654595315)	(33.0, 0.00033580034654595315)	(34.0, 0.0)	(35.0, 0.0006716006930919063)	(36.0, 0.0013432013861838126)	(37.0, 0.0016790017327297658)	(38.0, 0.003022203118913579)	(39.0, 0.006044406237827155)	(40.0, 0.01141721178256241)	(41.0, 0.022498623218578852)	(42.0, 0.04667624816988754)	(43.0, 0.24647745436473223)	(44.0, 0.31195852194119034)	(45.0, 0.5839568026434084)	(46.0, 1.9939824577896978)	(47.0, 5.529960106918231)	(48.0, 6.802475520152962)	(49.0, 6.026105118939425)	(50.0, 8.625703501723574)	(51.0, 11.769802146439053)	(52.0, 14.334813093534981)	(53.0, 10.593997233006258)	(54.0, 7.58824833106978)	(55.0, 5.56622654434516)	(56.0, 7.852019503281385)	(57.0, 5.0244126851937585)	(58.0, 1.6338365861192454)	(59.0, 1.1793308170694006)	(60.0, 0.512431328829113)	(61.0, 0.45366626818357464)	(62.0, 0.37240258431945844)	(63.0, 0.3940617066716712)	(64.0, 0.34318795416996223)	(65.0, 0.17461618020389622)	(66.0, 0.10560920898870187)	(67.0, 0.9226114521350408)	(68.0, 0.8201923464385135)	(69.0, 0.04231084366479011)	(70.0, 0.020651721312576116)	(71.0, 0.030893631882227653)	(72.0, 0.021491222178940995)	(73.0, 0.004365404505097391)	(74.0, 0.002686402772367625)	(75.0, 0.002686402772367625)	(76.0, 0.0006716006930919063)	(77.0, 0.0006716006930919063)	(78.0, 0.0006716006930919063)	(79.0, 0.0010074010396378594)	(80.0, 0.0010074010396378594)	(81.0, 0.0013432013861838126)	(82.0, 0.0016790017327297658)	(83.0, 0.00033580034654595315)	(84.0, 0.0010074010396378594)	(85.0, 0.00033580034654595315)	(86.0, 0.0006716006930919063)	(87.0, 0.0006716006930919063)	(88.0, 0.0010074010396378594)	(89.0, 0.0010074010396378594)	(90.0, 0.0)	(91.0, 0.0)	(92.0, 0.0)	(93.0, 0.0)	(94.0, 0.0)	(95.0, 0.00033580034654595315)	(96.0, 0.0)	(97.0, 0.0)	(98.0, 0.0)	(99.0, 0.0010074010396378594)	(100.0, 0.002014802079275719)
SRR3667041_1	(0.0, 0.0)	(1.0, 0.0)	(2.0, 0.0)	(3.0, 0.0)	(4.0, 0.0)	(5.0, 0.0)	(6.0, 0.0)	(7.0, 0.0)	(8.0, 0.0)	(9.0, 0.0)	(10.0, 0.0)	(11.0, 0.0)	(12.0, 0.0)	(13.0, 0.0)	(14.0, 0.0)	(15.0, 0.0)	(16.0, 0.0)	(17.0, 0.0)	(18.0, 0.0)	(19.0, 0.0)	(20.0, 0.0)	(21.0, 0.0)	(22.0, 0.0)	(23.0, 0.0)	(24.0, 0.0)	(25.0, 0.0)	(26.0, 0.0)	(27.0, 0.0)	(28.0, 0.0)	(29.0, 0.0)	(30.0, 0.0003382236718238265)	(31.0, 0.0)	(32.0, 0.0)	(33.0, 0.0)	(34.0, 0.0003382236718238265)	(35.0, 0.0003382236718238265)	(36.0, 0.000676447343647653)	(37.0, 0.0003382236718238265)	(38.0, 0.001352894687295306)	(39.0, 0.0049606138534161225)	(40.0, 0.003720460390062092)	(41.0, 0.005749802421005051)	(42.0, 0.009357521587125866)	(43.0, 0.0076664032280067355)	(44.0, 0.013867170544776887)	(45.0, 0.1758763093483898)	(46.0, 0.770135300742853)	(47.0, 2.5240505215972764)	(48.0, 4.661962351195685)	(49.0, 4.7523808127965905)	(50.0, 5.880356758329054)	(51.0, 6.753199314082399)	(52.0, 7.16166076842161)	(53.0, 10.02235658470744)	(54.0, 13.443150801533784)	(55.0, 12.661628637172829)	(56.0, 7.211266906955788)	(57.0, 5.866827811456117)	(58.0, 3.5974597147421736)	(59.0, 2.495639733164054)	(60.0, 3.6499971250988086)	(61.0, 2.266211342443573)	(62.0, 0.665511444925349)	(63.0, 0.3710313679907379)	(64.0, 0.3177047690665145)	(65.0, 0.32785147922122926)	(66.0, 0.826956877609256)	(67.0, 2.3530220848783614)	(68.0, 1.0714925923378824)	(69.0, 0.08387947061230898)	(70.0, 0.018376819502427907)	(71.0, 0.014543617888424542)	(72.0, 0.005073355077357398)	(73.0, 0.0003382236718238265)	(74.0, 0.0003382236718238265)	(75.0, 0.0)	(76.0, 0.0)	(77.0, 0.0)	(78.0, 0.0)	(79.0, 0.0)	(80.0, 0.0)	(81.0, 0.0)	(82.0, 0.0003382236718238265)	(83.0, 0.0003382236718238265)	(84.0, 0.0)	(85.0, 0.0)	(86.0, 0.0)	(87.0, 0.0)	(88.0, 0.0)	(89.0, 0.0)	(90.0, 0.0)	(91.0, 0.0)	(92.0, 0.0)	(93.0, 0.0)	(94.0, 0.0)	(95.0, 0.0)	(96.0, 0.0)	(97.0, 0.0)	(98.0, 0.0)	(99.0, 0.0003382236718238265)	(100.0, 0.0)
SRR3667041_2	(0.0, 0.0)	(1.0, 0.0)	(2.0, 0.0)	(3.0, 0.0)	(4.0, 0.0)	(5.0, 0.0)	(6.0, 0.0)	(7.0, 0.0)	(8.0, 0.0)	(9.0, 0.0)	(10.0, 0.0)	(11.0, 0.0)	(12.0, 0.0)	(13.0, 0.0)	(14.0, 0.0)	(15.0, 0.0)	(16.0, 0.0)	(17.0, 0.0)	(18.0, 0.0)	(19.0, 0.0)	(20.0, 0.0)	(21.0, 0.0)	(22.0, 0.0)	(23.0, 0.0)	(24.0, 0.0)	(25.0, 0.0)	(26.0, 0.0)	(27.0, 0.0)	(28.0, 0.0)	(29.0, 0.0)	(30.0, 0.0)	(31.0, 0.0)	(32.0, 0.0)	(33.0, 0.0)	(34.0, 0.0)	(35.0, 0.0)	(36.0, 0.0004311227514254043)	(37.0, 0.0004311227514254043)	(38.0, 0.0006466841271381065)	(39.0, 0.0028022978842651277)	(40.0, 0.0033412013235468835)	(41.0, 0.0023711751328397237)	(42.0, 0.003664543387115937)	(43.0, 0.02371175132839724)	(44.0, 0.044513424084672966)	(45.0, 0.05766266800314785)	(46.0, 0.3394013860596506)	(47.0, 1.0599152843793658)	(48.0, 2.3099557021372896)	(49.0, 6.999708992142802)	(50.0, 8.099503131028838)	(51.0, 5.444218105000239)	(52.0, 7.658787898384217)	(53.0, 12.953837531391338)	(54.0, 12.17555318438029)	(55.0, 8.795011909765718)	(56.0, 8.227331026826437)	(57.0, 7.073862105387938)	(58.0, 4.850562076287304)	(59.0, 4.653646759573732)	(60.0, 2.102585658701691)	(61.0, 0.7703085761093409)	(62.0, 0.3814358543236266)	(63.0, 0.33552128129682174)	(64.0, 0.2887444627671651)	(65.0, 0.2651404921266239)	(66.0, 0.30879167070844626)	(67.0, 0.8903762623813198)	(68.0, 1.6038844159903607)	(69.0, 1.281835720675586)	(70.0, 0.6310559273989349)	(71.0, 0.22914174238260243)	(72.0, 0.07038078917019726)	(73.0, 0.024897338894817097)	(74.0, 0.010778068785635109)	(75.0, 0.0054968150806739054)	(76.0, 0.004526788889966746)	(77.0, 0.0034489820114032344)	(78.0, 0.0024789558206960746)	(79.0, 0.001616710317845266)	(80.0, 0.0006466841271381065)	(81.0, 0.001293368254276213)	(82.0, 0.00032334206356905324)	(83.0, 0.00032334206356905324)	(84.0, 0.0006466841271381065)	(85.0, 0.0006466841271381065)	(86.0, 0.0)	(87.0, 0.00032334206356905324)	(88.0, 0.0)	(89.0, 0.0)	(90.0, 0.0)	(91.0, 0.00032334206356905324)	(92.0, 0.00032334206356905324)	(93.0, 0.0)	(94.0, 0.0)	(95.0, 0.00032334206356905324)	(96.0, 0.00032334206356905324)	(97.0, 0.0)	(98.0, 0.0)	(99.0, 0.00032334206356905324)	(100.0, 0.0008622455028508086)
SRR3667042_1	(0.0, 0.0)	(1.0, 0.0)	(2.0, 0.0)	(3.0, 0.0)	(4.0, 0.0)	(5.0, 0.0)	(6.0, 0.0)	(7.0, 0.0)	(8.0, 0.0)	(9.0, 0.0)	(10.0, 0.0)	(11.0, 0.0)	(12.0, 0.0)	(13.0, 0.0)	(14.0, 0.0)	(15.0, 0.0)	(16.0, 0.0)	(17.0, 0.0)	(18.0, 0.0)	(19.0, 0.0)	(20.0, 0.0)	(21.0, 0.0)	(22.0, 0.0)	(23.0, 0.0)	(24.0, 0.0)	(25.0, 0.0)	(26.0, 0.0)	(27.0, 0.0)	(28.0, 0.0)	(29.0, 0.0)	(30.0, 0.0002651183753545159)	(31.0, 0.0002651183753545159)	(32.0, 0.0)	(33.0, 0.0)	(34.0, 0.0002651183753545159)	(35.0, 0.0)	(36.0, 0.0002651183753545159)	(37.0, 0.0007953551260635477)	(38.0, 0.0013255918767725795)	(39.0, 0.0029163021288996756)	(40.0, 0.003976775630317738)	(41.0, 0.006362841008508379)	(42.0, 0.006893077759217413)	(43.0, 0.012460563641662257)	(44.0, 0.03367003367002354)	(45.0, 0.38919377502042113)	(46.0, 0.9281794321161713)	(47.0, 0.8339298496776624)	(48.0, 1.1787162968261318)	(49.0, 3.8707282801759666)	(50.0, 7.032132347089427)	(51.0, 8.737506296560452)	(52.0, 11.564198414595442)	(53.0, 11.605291762775467)	(54.0, 11.904742967738935)	(55.0, 12.335295209315454)	(56.0, 9.533391659376155)	(57.0, 6.460934807387233)	(58.0, 4.703730215539099)	(59.0, 2.9844375513662538)	(60.0, 1.8619263501147232)	(61.0, 0.9981706832097476)	(62.0, 0.9051141334603336)	(63.0, 0.978021686682809)	(64.0, 0.6239560963968686)	(65.0, 0.33259100188223517)	(66.0, 0.14316392269143918)	(67.0, 0.015907102521270953)	(68.0, 0.004904689944058543)	(69.0, 0.0018558286274816113)	(70.0, 0.0009279143137408056)	(71.0, 0.0005302367507090318)	(72.0, 0.0007953551260635477)	(73.0, 0.0002651183753545159)	(74.0, 0.0)	(75.0, 0.0)	(76.0, 0.0)	(77.0, 0.0)	(78.0, 0.0)	(79.0, 0.0)	(80.0, 0.0)	(81.0, 0.0)	(82.0, 0.0)	(83.0, 0.0)	(84.0, 0.0)	(85.0, 0.0)	(86.0, 0.0)	(87.0, 0.0)	(88.0, 0.0)	(89.0, 0.0)	(90.0, 0.0)	(91.0, 0.0)	(92.0, 0.0)	(93.0, 0.0)	(94.0, 0.0)	(95.0, 0.0)	(96.0, 0.0)	(97.0, 0.0)	(98.0, 0.0)	(99.0, 0.0)	(100.0, 0.0)
SRR3667042_2	(0.0, 0.0)	(1.0, 0.0)	(2.0, 0.0)	(3.0, 0.0)	(4.0, 0.0)	(5.0, 0.0)	(6.0, 0.0)	(7.0, 0.0)	(8.0, 0.0)	(9.0, 0.0)	(10.0, 0.0)	(11.0, 0.0)	(12.0, 0.0)	(13.0, 0.0)	(14.0, 0.0)	(15.0, 0.0)	(16.0, 0.0)	(17.0, 0.0)	(18.0, 0.0)	(19.0, 0.0)	(20.0, 0.0)	(21.0, 0.0)	(22.0, 0.0)	(23.0, 0.0)	(24.0, 0.0)	(25.0, 0.0)	(26.0, 0.0)	(27.0, 0.000264457564478028)	(28.0, 0.000264457564478028)	(29.0, 0.000528915128956056)	(30.0, 0.000264457564478028)	(31.0, 0.000264457564478028)	(32.0, 0.0007933726934340841)	(33.0, 0.001057830257912112)	(34.0, 0.0013222878223901398)	(35.0, 0.0018512029513461958)	(36.0, 0.0023801180803022523)	(37.0, 0.0018512029513461958)	(38.0, 0.0042313210316484474)	(39.0, 0.004495778596126475)	(40.0, 0.008991557192252954)	(41.0, 0.01639636899763773)	(42.0, 0.05950295200755632)	(43.0, 0.24462324714217584)	(44.0, 0.26075515857533466)	(45.0, 0.6828294314822905)	(46.0, 2.455224028614242)	(47.0, 7.251690875551012)	(48.0, 10.577112520086024)	(49.0, 6.358485451525231)	(50.0, 6.270288853771888)	(51.0, 9.906051450221804)	(52.0, 12.192154866356278)	(53.0, 9.20113981210434)	(54.0, 7.498297554427221)	(55.0, 5.3248530607637985)	(56.0, 8.546078424891073)	(57.0, 6.865847288976864)	(58.0, 1.8999953719923697)	(59.0, 1.019483911062788)	(60.0, 0.44481762345203824)	(61.0, 0.33189424341992013)	(62.0, 0.38227340945298166)	(63.0, 0.5023371437260158)	(64.0, 0.27252352019460624)	(65.0, 0.11953481914406859)	(66.0, 0.07510594831175975)	(67.0, 0.5783686935134575)	(68.0, 0.5569476307907348)	(69.0, 0.038346346849314115)	(70.0, 0.011107217708077183)	(71.0, 0.004495778596126475)	(72.0, 0.0029090332092583087)	(73.0, 0.0023801180803022523)	(74.0, 0.001057830257912112)	(75.0, 0.0015867453868681682)	(76.0, 0.0007933726934340841)	(77.0, 0.000264457564478028)	(78.0, 0.000528915128956056)	(79.0, 0.001057830257912112)	(80.0, 0.0007933726934340841)	(81.0, 0.000264457564478028)	(82.0, 0.000528915128956056)	(83.0, 0.0007933726934340841)	(84.0, 0.0)	(85.0, 0.000528915128956056)	(86.0, 0.0)	(87.0, 0.0)	(88.0, 0.0)	(89.0, 0.000264457564478028)	(90.0, 0.000528915128956056)	(91.0, 0.0007933726934340841)	(92.0, 0.0007933726934340841)	(93.0, 0.0)	(94.0, 0.000264457564478028)	(95.0, 0.000264457564478028)	(96.0, 0.000264457564478028)	(97.0, 0.0)	(98.0, 0.000264457564478028)	(99.0, 0.0007933726934340841)	(100.0, 0.005156922507321546)
SRR3667043_1	(0.0, 0.07947532698663062)	(1.0, 0.03973766349331531)	(2.0, 0.0010189144485465464)	(3.0, 0.0010189144485465464)	(4.0, 0.0)	(5.0, 0.0)	(6.0, 0.0)	(7.0, 0.0)	(8.0, 0.0)	(9.0, 0.0006792762990310309)	(10.0, 0.0006792762990310309)	(11.0, 0.0)	(12.0, 0.0)	(13.0, 0.0)	(14.0, 0.0)	(15.0, 0.0010189144485465464)	(16.0, 0.0020378288970930927)	(17.0, 0.0010189144485465464)	(18.0, 0.0010189144485465464)	(19.0, 0.0010189144485465464)	(20.0, 0.0)	(21.0, 0.0006792762990310309)	(22.0, 0.0006792762990310309)	(23.0, 0.006792762990310309)	(24.0, 0.013245887831105104)	(25.0, 0.012566611532074072)	(26.0, 0.011887335233043042)	(27.0, 0.029888157157365373)	(28.0, 0.049247531679749726)	(29.0, 0.06724835360407203)	(30.0, 0.08898519517306511)	(31.0, 0.1110616748915737)	(32.0, 0.10528782634980992)	(33.0, 0.09306085296725132)	(34.0, 0.10698601709738745)	(35.0, 0.11479769453624433)	(36.0, 0.09747614891095302)	(37.0, 0.10800493154593407)	(38.0, 0.11106167489157365)	(39.0, 0.11547697083527533)	(40.0, 0.11887335233043053)	(41.0, 0.10630674079835642)	(42.0, 0.11275986563915123)	(43.0, 0.11955262862946162)	(44.0, 0.26797449996774075)	(45.0, 2.4919251029953395)	(46.0, 4.527036894892091)	(47.0, 2.2141010966917087)	(48.0, 6.323722705829973)	(49.0, 13.066558888158152)	(50.0, 8.371401109259905)	(51.0, 5.79150972553892)	(52.0, 10.830381311750026)	(53.0, 12.373357424997616)	(54.0, 10.098800737694269)	(55.0, 9.50749071938828)	(56.0, 5.390057432811399)	(57.0, 1.8187622906556475)	(58.0, 1.096012308486552)	(59.0, 0.7621480075128099)	(60.0, 0.5264391317490539)	(61.0, 0.3987351875312173)	(62.0, 0.7122211995340315)	(63.0, 0.9751011272590263)	(64.0, 0.3674884777757892)	(65.0, 0.1236282864236479)	(66.0, 0.05026644612829627)	(67.0, 0.024793584914632634)	(68.0, 0.01562335487771371)	(69.0, 0.011887335233043042)	(70.0, 0.007472039289341341)	(71.0, 0.0037360196446706694)	(72.0, 0.004754934093217217)	(73.0, 0.004754934093217217)	(74.0, 0.0037360196446706694)	(75.0, 0.0006792762990310309)	(76.0, 0.0030567433456396387)	(77.0, 0.0030567433456396387)	(78.0, 0.0006792762990310309)	(79.0, 0.0)	(80.0, 0.0)	(81.0, 0.0)	(82.0, 0.0)	(83.0, 0.0)	(84.0, 0.0)	(85.0, 0.0)	(86.0, 0.0)	(87.0, 0.0)	(88.0, 0.0)	(89.0, 0.0)	(90.0, 0.0)	(91.0, 0.0)	(92.0, 0.0)	(93.0, 0.0)	(94.0, 0.0)	(95.0, 0.0)	(96.0, 0.0)	(97.0, 0.0)	(98.0, 0.0)	(99.0, 0.0)	(100.0, 0.0)
SRR3667043_2	(0.0, 0.04924053316555381)	(1.0, 0.024620266582776905)	(2.0, 0.0)	(3.0, 0.0)	(4.0, 0.000683896293966025)	(5.0, 0.000683896293966025)	(6.0, 0.0)	(7.0, 0.0)	(8.0, 0.0)	(9.0, 0.0)	(10.0, 0.0)	(11.0, 0.0)	(12.0, 0.000683896293966025)	(13.0, 0.000683896293966025)	(14.0, 0.0)	(15.0, 0.0017097407349150626)	(16.0, 0.0027355851758641)	(17.0, 0.0010258444409490378)	(18.0, 0.0010258444409490378)	(19.0, 0.0037614296168131385)	(20.0, 0.004787274057762176)	(21.0, 0.0037614296168131385)	(22.0, 0.0054711703517282)	(23.0, 0.0071809110866432645)	(24.0, 0.012652081438371463)	(25.0, 0.019491044378031716)	(26.0, 0.02427831843579389)	(27.0, 0.02838169619959004)	(28.0, 0.0495824813125368)	(29.0, 0.06804768124961945)	(30.0, 0.09198405153843045)	(31.0, 0.09574548115524356)	(32.0, 0.09232599968541347)	(33.0, 0.08924846636256635)	(34.0, 0.09608742930222658)	(35.0, 0.09369379227334548)	(36.0, 0.10771366629964907)	(37.0, 0.11557847368025838)	(38.0, 0.0971132737431756)	(39.0, 0.10908145888758108)	(40.0, 0.1114750959164622)	(41.0, 0.10737171815266601)	(42.0, 0.1566122513182197)	(43.0, 0.3884530949727039)	(44.0, 0.5354907981754023)	(45.0, 3.6407219209278847)	(46.0, 11.588280753105943)	(47.0, 12.232169113874374)	(48.0, 9.81972493691141)	(49.0, 3.9655726605616746)	(50.0, 8.07168600953538)	(51.0, 13.882068923065919)	(52.0, 12.209600536173532)	(53.0, 7.959185069177914)	(54.0, 5.316951737438984)	(55.0, 2.4521101620151997)	(56.0, 1.3363333584096206)	(57.0, 1.0278961298309142)	(58.0, 0.7498922863337403)	(59.0, 0.1822583623419455)	(60.0, 0.14019874026303533)	(61.0, 0.17405160681435317)	(62.0, 0.18465199937082652)	(63.0, 0.2202146066570594)	(64.0, 0.27663605090925625)	(65.0, 0.08959041450954934)	(66.0, 0.0957454811552436)	(67.0, 0.9403574042032672)	(68.0, 0.746814753010893)	(69.0, 0.02735585175864101)	(70.0, 0.012994029585354476)	(71.0, 0.014703770320269536)	(72.0, 0.0071809110866432645)	(73.0, 0.00923259996854134)	(74.0, 0.006838962939660253)	(75.0, 0.00136779258793205)	(76.0, 0.0)	(77.0, 0.0027355851758641)	(78.0, 0.0020516888818980757)	(79.0, 0.0027355851758641)	(80.0, 0.000683896293966025)	(81.0, 0.000683896293966025)	(82.0, 0.00136779258793205)	(83.0, 0.00136779258793205)	(84.0, 0.0)	(85.0, 0.0)	(86.0, 0.0)	(87.0, 0.000683896293966025)	(88.0, 0.0)	(89.0, 0.000683896293966025)	(90.0, 0.0)	(91.0, 0.0)	(92.0, 0.000683896293966025)	(93.0, 0.000683896293966025)	(94.0, 0.000683896293966025)	(95.0, 0.00136779258793205)	(96.0, 0.0020516888818980757)	(97.0, 0.000683896293966025)	(98.0, 0.0)	(99.0, 0.0)	(100.0, 0.0)
SRR3667044_1	(0.0, 0.002801192374220731)	(1.0, 0.0014005961871103654)	(2.0, 0.0)	(3.0, 0.0)	(4.0, 0.0)	(5.0, 0.0)	(6.0, 0.0)	(7.0, 0.0)	(8.0, 0.0)	(9.0, 0.0)	(10.0, 0.0)	(11.0, 0.0)	(12.0, 0.0)	(13.0, 0.0)	(14.0, 0.0)	(15.0, 0.0)	(16.0, 0.0)	(17.0, 0.0)	(18.0, 0.0)	(19.0, 0.0)	(20.0, 0.0)	(21.0, 0.0004668653957034551)	(22.0, 0.0004668653957034551)	(23.0, 0.0)	(24.0, 0.0009337307914069102)	(25.0, 0.0)	(26.0, 0.0)	(27.0, 0.0004668653957034551)	(28.0, 0.0004668653957034551)	(29.0, 0.0004668653957034551)	(30.0, 0.0)	(31.0, 0.0004668653957034551)	(32.0, 0.0)	(33.0, 0.0009337307914069102)	(34.0, 0.0018674615828138204)	(35.0, 0.0028011923742207305)	(36.0, 0.0023343269785172753)	(37.0, 0.0009337307914069102)	(38.0, 0.002100894280665548)	(39.0, 0.00583581744629319)	(40.0, 0.004435221259182823)	(41.0, 0.004902086654886279)	(42.0, 0.0060692501441449165)	(43.0, 0.0046686539570345515)	(44.0, 0.00746984633125528)	(45.0, 0.007703279029107008)	(46.0, 0.014939692662510566)	(47.0, 0.07726622298892198)	(48.0, 1.1708984124243007)	(49.0, 7.099622072462246)	(50.0, 9.528489293607263)	(51.0, 5.542859410490224)	(52.0, 11.323353307387567)	(53.0, 16.971257431919973)	(54.0, 12.705741744067604)	(55.0, 8.975954097792734)	(56.0, 6.999012579688244)	(57.0, 7.0127851088614825)	(58.0, 6.373412949446182)	(59.0, 2.838775038574605)	(60.0, 0.7009983916487227)	(61.0, 0.632836043876022)	(62.0, 0.790869980321645)	(63.0, 0.6715858717194065)	(64.0, 0.34407979663345006)	(65.0, 0.11741664701941881)	(66.0, 0.03548177007346256)	(67.0, 0.003501490467775914)	(68.0, 0.0030346250720724582)	(69.0, 0.0018674615828138204)	(70.0, 0.0009337307914069102)	(71.0, 0.0009337307914069102)	(72.0, 0.0004668653957034551)	(73.0, 0.0004668653957034551)	(74.0, 0.0)	(75.0, 0.0)	(76.0, 0.0)	(77.0, 0.0)	(78.0, 0.0)	(79.0, 0.0)	(80.0, 0.0)	(81.0, 0.0)	(82.0, 0.0)	(83.0, 0.0)	(84.0, 0.0)	(85.0, 0.0)	(86.0, 0.0)	(87.0, 0.0)	(88.0, 0.0)	(89.0, 0.0)	(90.0, 0.0)	(91.0, 0.0)	(92.0, 0.0)	(93.0, 0.0)	(94.0, 0.0)	(95.0, 0.0)	(96.0, 0.0)	(97.0, 0.0)	(98.0, 0.0)	(99.0, 0.0004668653957034551)	(100.0, 0.0007002980935551827)
SRR3667044_2	(0.0, 0.0)	(1.0, 0.0)	(2.0, 0.0)	(3.0, 0.0)	(4.0, 0.0)	(5.0, 0.0)	(6.0, 0.0)	(7.0, 0.0)	(8.0, 0.0)	(9.0, 0.0)	(10.0, 0.0)	(11.0, 0.0)	(12.0, 0.0)	(13.0, 0.0004623935338888634)	(14.0, 0.0004623935338888634)	(15.0, 0.0)	(16.0, 0.0)	(17.0, 0.0)	(18.0, 0.0)	(19.0, 0.0)	(20.0, 0.0)	(21.0, 0.0)	(22.0, 0.0009247870677777268)	(23.0, 0.0004623935338888634)	(24.0, 0.0)	(25.0, 0.0)	(26.0, 0.0004623935338888634)	(27.0, 0.0013871806016665903)	(28.0, 0.0009247870677777268)	(29.0, 0.0)	(30.0, 0.0018495741355554537)	(31.0, 0.002311967669444317)	(32.0, 0.0004623935338888634)	(33.0, 0.0004623935338888634)	(34.0, 0.0018495741355554537)	(35.0, 0.0018495741355554537)	(36.0, 0.0013871806016665903)	(37.0, 0.002311967669444317)	(38.0, 0.004161541804999771)	(39.0, 0.0036991482711109074)	(40.0, 0.007860690076110677)	(41.0, 0.01155983834722158)	(42.0, 0.018264544588610113)	(43.0, 0.18796297152582228)	(44.0, 0.24368139235943187)	(45.0, 0.5606521598402392)	(46.0, 1.0033939685388507)	(47.0, 10.33565146624762)	(48.0, 10.476450297316651)	(49.0, 4.778374779208136)	(50.0, 7.238308379495886)	(51.0, 3.4346591697264888)	(52.0, 3.7807607298424606)	(53.0, 4.93905653223459)	(54.0, 4.383721898033812)	(55.0, 9.786327947988156)	(56.0, 27.25833001951549)	(57.0, 8.257192531419072)	(58.0, 0.97588155327246)	(59.0, 0.7715036112935597)	(60.0, 0.15143388234860214)	(61.0, 0.07675732662555149)	(62.0, 0.11166803843416044)	(63.0, 0.11259282550193815)	(64.0, 0.05132568226166381)	(65.0, 0.02982438293583168)	(66.0, 0.039765843914442205)	(67.0, 0.5072457066760785)	(68.0, 0.39881442297914627)	(69.0, 0.013178215715832609)	(70.0, 0.00693590300833295)	(71.0, 0.0036991482711109074)	(72.0, 0.0036991482711109074)	(73.0, 0.0036991482711109074)	(74.0, 0.002311967669444317)	(75.0, 0.002311967669444317)	(76.0, 0.0004623935338888634)	(77.0, 0.0)	(78.0, 0.0004623935338888634)	(79.0, 0.0004623935338888634)	(80.0, 0.0004623935338888634)	(81.0, 0.0009247870677777268)	(82.0, 0.0004623935338888634)	(83.0, 0.0004623935338888634)	(84.0, 0.0004623935338888634)	(85.0, 0.0)	(86.0, 0.0)	(87.0, 0.0004623935338888634)	(88.0, 0.0009247870677777268)	(89.0, 0.0)	(90.0, 0.0)	(91.0, 0.0004623935338888634)	(92.0, 0.0004623935338888634)	(93.0, 0.0004623935338888634)	(94.0, 0.0009247870677777268)	(95.0, 0.0)	(96.0, 0.0)	(97.0, 0.0)	(98.0, 0.0)	(99.0, 0.0004623935338888634)	(100.0, 0.0013871806016665903)
SRR3667045_1	(0.0, 0.0025674417012436375)	(1.0, 0.0012837208506218188)	(2.0, 0.0)	(3.0, 0.0)	(4.0, 0.0)	(5.0, 0.0)	(6.0, 0.0)	(7.0, 0.0)	(8.0, 0.0)	(9.0, 0.0)	(10.0, 0.0)	(11.0, 0.0)	(12.0, 0.0)	(13.0, 0.0)	(14.0, 0.0)	(15.0, 0.0)	(16.0, 0.0)	(17.0, 0.00028527130013818197)	(18.0, 0.0)	(19.0, 0.0)	(20.0, 0.0)	(21.0, 0.0)	(22.0, 0.0)	(23.0, 0.0)	(24.0, 0.00028527130013818197)	(25.0, 0.00028527130013818197)	(26.0, 0.00028527130013818197)	(27.0, 0.00028527130013818197)	(28.0, 0.00028527130013818197)	(29.0, 0.0005705426002763639)	(30.0, 0.000855813900414546)	(31.0, 0.00028527130013818197)	(32.0, 0.0005705426002763639)	(33.0, 0.00028527130013818197)	(34.0, 0.00028527130013818197)	(35.0, 0.0011410852005527279)	(36.0, 0.0025674417012436375)	(37.0, 0.001711627800829092)	(38.0, 0.0022821704011054557)	(39.0, 0.003423255601658184)	(40.0, 0.001711627800829092)	(41.0, 0.0022821704011054557)	(42.0, 0.0019968991009672735)	(43.0, 0.0025674417012436375)	(44.0, 0.0037085269017963656)	(45.0, 0.008272867704007276)	(46.0, 0.019968991009672726)	(47.0, 0.07160309633468359)	(48.0, 1.2440681399025677)	(49.0, 7.593636738376776)	(50.0, 10.737469101555329)	(51.0, 6.63598098381218)	(52.0, 11.26222565816047)	(53.0, 16.484402078486085)	(54.0, 12.643794564732197)	(55.0, 8.839273870432413)	(56.0, 6.3214693754101186)	(57.0, 5.683460112651655)	(58.0, 5.724824451171655)	(59.0, 2.829320754770819)	(60.0, 0.8254325069498636)	(61.0, 0.7692340608226353)	(62.0, 0.9396836626551966)	(63.0, 0.7961921986856966)	(64.0, 0.3473178079182318)	(65.0, 0.12195348080907253)	(66.0, 0.04806821407328377)	(67.0, 0.0022821704011054557)	(68.0, 0.0014263565006909099)	(69.0, 0.0)	(70.0, 0.00028527130013818197)	(71.0, 0.0005705426002763639)	(72.0, 0.0014263565006909099)	(73.0, 0.0022821704011054557)	(74.0, 0.0005705426002763639)	(75.0, 0.0005705426002763639)	(76.0, 0.0028527130013818198)	(77.0, 0.004279069502072729)	(78.0, 0.0031379843015200016)	(79.0, 0.0005705426002763639)	(80.0, 0.0)	(81.0, 0.0)	(82.0, 0.00028527130013818197)	(83.0, 0.0)	(84.0, 0.0)	(85.0, 0.0)	(86.0, 0.0)	(87.0, 0.0)	(88.0, 0.0)	(89.0, 0.0)	(90.0, 0.0)	(91.0, 0.0)	(92.0, 0.0)	(93.0, 0.0)	(94.0, 0.0)	(95.0, 0.0)	(96.0, 0.0)	(97.0, 0.0)	(98.0, 0.0)	(99.0, 0.0)	(100.0, 0.0)
SRR3667045_2	(0.0, 0.002540528486381842)	(1.0, 0.001270264243190921)	(2.0, 0.0)	(3.0, 0.0)	(4.0, 0.0)	(5.0, 0.0)	(6.0, 0.0)	(7.0, 0.0)	(8.0, 0.0)	(9.0, 0.0)	(10.0, 0.0)	(11.0, 0.0)	(12.0, 0.0)	(13.0, 0.0)	(14.0, 0.0)	(15.0, 0.0)	(16.0, 0.00028228094293131575)	(17.0, 0.00028228094293131575)	(18.0, 0.0)	(19.0, 0.0)	(20.0, 0.0)	(21.0, 0.0)	(22.0, 0.00028228094293131575)	(23.0, 0.0)	(24.0, 0.0)	(25.0, 0.00028228094293131575)	(26.0, 0.0)	(27.0, 0.0)	(28.0, 0.00028228094293131575)	(29.0, 0.0005645618858626315)	(30.0, 0.00028228094293131575)	(31.0, 0.0008468428287939474)	(32.0, 0.0008468428287939474)	(33.0, 0.0)	(34.0, 0.0014114047146565787)	(35.0, 0.0014114047146565787)	(36.0, 0.002540528486381842)	(37.0, 0.001129123771725263)	(38.0, 0.0019759666005192103)	(39.0, 0.002258247543450526)	(40.0, 0.003951933201038421)	(41.0, 0.013831766203634483)	(42.0, 0.015243170918291055)	(43.0, 0.15497223766929308)	(44.0, 0.38587804898710154)	(45.0, 0.9840313670585795)	(46.0, 1.5516983432933265)	(47.0, 9.927961903368757)	(48.0, 12.31718780434376)	(49.0, 3.6078327316056513)	(50.0, 5.757119831082734)	(51.0, 3.5949889487022886)	(52.0, 4.267805576178467)	(53.0, 4.448888801068742)	(54.0, 3.6635832178345353)	(55.0, 6.734799876924459)	(56.0, 25.665547893168288)	(57.0, 11.804283331036626)	(58.0, 1.104141908275827)	(59.0, 1.9200749738187366)	(60.0, 0.5520003839021916)	(61.0, 0.06647716206032485)	(62.0, 0.12053396263167157)	(63.0, 0.12166308640339685)	(64.0, 0.03740222493839937)	(65.0, 0.02427616109209313)	(66.0, 0.028933796650459843)	(67.0, 0.5013309546460146)	(68.0, 0.5230665872517284)	(69.0, 0.03274458938003263)	(70.0, 0.010726675831390003)	(71.0, 0.006774742630351577)	(72.0, 0.00649246168742026)	(73.0, 0.003105090372244474)	(74.0, 0.0016936856575878944)	(75.0, 0.002258247543450526)	(76.0, 0.003105090372244474)	(77.0, 0.0033873713151757897)	(78.0, 0.0016936856575878944)	(79.0, 0.0008468428287939474)	(80.0, 0.001129123771725263)	(81.0, 0.0005645618858626315)	(82.0, 0.0005645618858626315)	(83.0, 0.00028228094293131575)	(84.0, 0.0)	(85.0, 0.00028228094293131575)	(86.0, 0.0005645618858626315)	(87.0, 0.0008468428287939474)	(88.0, 0.00028228094293131575)	(89.0, 0.0)	(90.0, 0.00028228094293131575)	(91.0, 0.0)	(92.0, 0.00028228094293131575)	(93.0, 0.0)	(94.0, 0.0)	(95.0, 0.0)	(96.0, 0.00028228094293131575)	(97.0, 0.0005645618858626315)	(98.0, 0.0005645618858626315)	(99.0, 0.0005645618858626315)	(100.0, 0.002117107071984868)
