Sample	0	1	2	3	4	5	6	7	8	9	10	11	12	13	14	15	16	17	18	19	20	21	22	23	24	25	26	27	28	29	30	31	32	33	34	35	36	37	38	39	40	41	42	43	44	45	46	47	48	49	50	51	52	53	54	55	56	57	58	59	60	61	62	63	64	65	66	67
SRR3666996_1	(1, 33.41891903700791)	(2, 33.43886048848692)	(3, 33.487080001747714)	(4, 33.4435181544108)	(5, 33.867112334513045)	(6, 37.789417573294884)	(7, 37.814462358544155)	(8, 37.75364180539171)	(9, 37.87172630751081)	(10, 37.50341066981256)	(15, 37.54931970114039)	(20, 37.617000043692926)	(25, 37.55144317734958)	(30, 37.45046183422904)	(35, 37.393051077030634)	(40, 37.40578144798358)	(45, 36.96072530257352)	(50, 37.45314807532661)	(55, 37.272439952457006)	(60, 37.00437632172257)	(65, 37.38979673873149)	(70, 36.974243668839684)	(75, 37.03717077092473)	(80, 36.68234440813045)	(85, 36.96183651711904)	(90, 36.70796441617002)	(95, 36.88614223045598)	(100, 36.67574038957294)	(105, 36.10669999038739)	(110, 36.49699999126126)	(115, 36.11492314279972)	(120, 35.712755935787754)	(125, 35.70151966652976)	(130, 35.65439864374787)	(135, 35.52945808189656)	(140, 35.570796375108145)	(145, 35.487397645742845)	(150, 35.45155421170836)	(155, 35.44578654385613)	(160, 35.424668140626224)	(165, 35.457699399638216)	(170, 34.78695633176324)	(175, 34.77473586702904)	(180, 34.97671959521459)	(185, 35.01379870839196)	(190, 34.771371394115235)	(195, 34.774010539102164)	(200, 34.14675240202439)	(205, 34.58794896443241)	(210, 34.160543563750764)	(215, 33.95601328322992)	(220, 33.61094468233855)	(225, 33.80151009350694)	(230, 33.53475920405917)	(235, 32.210436165657306)	(240, 31.47912329916367)	(245, 31.043450523905655)	(250, 31.077153518775834)	(255, 28.95980627448795)	(260, 29.205124619848288)	(265, 29.199328835599676)	(270, 28.129632607403785)	(275, 28.834505540601953)	(280, 29.298278393400217)	(285, 27.931560457230745)	(290, 25.63506639545701)	(295, 25.192524193942667)	(300, 19.943285801964166)
SRR3666996_2	(1, 32.40711320837156)	(2, 32.852422772753094)	(3, 33.60958622798969)	(4, 33.43045396950234)	(5, 33.31852143138026)	(6, 37.434552365971946)	(7, 36.166487525669595)	(8, 35.94944728448464)	(9, 36.89246297024512)	(10, 37.1695320487613)	(15, 37.134820640538294)	(20, 37.115768777035)	(25, 36.92406169441167)	(30, 37.049147551011494)	(35, 36.59884475903352)	(40, 36.701385065757854)	(45, 36.606090793900464)	(50, 36.838533665399574)	(55, 36.514836054350646)	(60, 35.77148749497526)	(65, 36.04690214446755)	(70, 36.13032315570547)	(75, 36.895429679990215)	(80, 36.335478966041556)	(85, 35.836316129821554)	(90, 36.60328049355961)	(95, 35.77519967841725)	(100, 36.35265701327414)	(105, 36.0019819457674)	(110, 36.33891796946685)	(115, 36.118892277577274)	(120, 35.81813462899688)	(125, 34.81049871977489)	(130, 36.19058488373109)	(135, 34.86457446391525)	(140, 34.76170967657365)	(145, 33.89637947758912)	(150, 34.59873985196319)	(155, 33.556392935480766)	(160, 34.08878887713994)	(165, 33.75038232646748)	(170, 32.98651239611644)	(175, 32.27610525119941)	(180, 33.122540220744376)	(185, 33.208059004989906)	(190, 32.45053875261074)	(195, 32.295925055273486)	(200, 31.419841846117787)	(205, 28.237430743686097)	(210, 29.303790963908067)	(215, 27.98779865419907)	(220, 26.904741763523553)	(225, 24.613770864283843)	(230, 27.78234379096391)	(235, 27.217581053919425)	(240, 24.70906930000874)	(245, 25.58328060823211)	(250, 22.455878703137287)	(255, 21.400493960518723)	(260, 21.216929274921565)	(265, 22.12998802751051)	(270, 18.224032369416843)	(275, 18.57298237334941)	(280, 16.0902044062257)	(285, 17.010749023411897)	(290, 13.975785858479929)	(295, 15.292833415940908)	(300, 12.199201567667465)
SRR3666997_1	(1, 33.4309447893942)	(2, 33.43879006544722)	(3, 33.49016193992281)	(4, 33.46637439167645)	(5, 33.868727974492366)	(6, 37.78568132236953)	(7, 37.78972982043967)	(8, 37.74618224534318)	(9, 37.866546400402754)	(10, 37.523527437489506)	(15, 37.56055965766068)	(20, 37.61869021647927)	(25, 37.56974324551099)	(30, 37.47268417519719)	(35, 37.39088773284108)	(40, 37.39027101862728)	(45, 36.9101107568384)	(50, 37.41452844436986)	(55, 37.24715136767914)	(60, 36.984909380768585)	(65, 37.361264473905024)	(70, 36.960593220338986)	(75, 37.019726464171846)	(80, 36.673149857358624)	(85, 36.938957878838735)	(90, 36.658915086423896)	(95, 36.860035240812216)	(100, 36.68734687028025)	(105, 36.090312971975166)	(110, 36.43268165799631)	(115, 36.05516445712368)	(120, 35.69557392179896)	(125, 35.59876657157241)	(130, 35.572944285954016)	(135, 35.521878670917935)	(140, 35.54100520221513)	(145, 35.475239134082905)	(150, 35.38832438328579)	(155, 35.41217905688874)	(160, 35.36884963920121)	(165, 35.43145154501936)	(170, 34.79485221623209)	(175, 34.769007761694986)	(180, 34.952125026221935)	(185, 35.008223201174744)	(190, 34.7282903293476)	(195, 34.68724984266834)	(200, 34.08006293266205)	(205, 34.52298720369205)	(210, 34.17409691629956)	(215, 33.97059366477869)	(220, 33.59565764631844)	(225, 33.77348437172226)	(230, 33.578430878959516)	(235, 32.17619886721208)	(240, 31.438242080973357)	(245, 30.92591986574366)	(250, 30.89063142437592)	(255, 28.95840151038389)	(260, 29.198409901405494)	(265, 29.277092511013215)	(270, 28.259358086847072)	(275, 28.82889448290329)	(280, 29.257436542899097)	(285, 28.00252989301447)	(290, 25.86307111390812)	(295, 25.08796303547623)	(300, 19.909259860020324)
SRR3666997_2	(1, 32.638718744755835)	(2, 32.970527773116295)	(3, 33.76109666051351)	(4, 33.52024249035073)	(5, 33.38867679140795)	(6, 37.17127454270851)	(7, 36.2237372042289)	(8, 36.07400570565531)	(9, 36.9769466353415)	(10, 37.21681070649438)	(15, 37.17063265648599)	(20, 37.1887313307602)	(25, 36.97274290988421)	(30, 37.10233260614198)	(35, 36.68242993790905)	(40, 36.7371580802148)	(45, 36.61405856687363)	(50, 36.90666638697768)	(55, 36.57962325893607)	(60, 35.94939587179057)	(65, 36.16883285786206)	(70, 36.26325725792918)	(75, 36.92447558315153)	(80, 36.41263215304581)	(85, 35.92310790401075)	(90, 36.68362560832354)	(95, 35.92539436147005)	(100, 36.43106225876825)	(105, 36.08454858197684)	(110, 36.43584913576103)	(115, 36.20714465514348)	(120, 35.96688202718577)	(125, 34.98752307434133)	(130, 36.28716647088438)	(135, 35.09022486994463)	(140, 34.96075683839571)	(145, 34.16807769760027)	(150, 34.81866504447055)	(155, 33.91875314650109)	(160, 34.28822369525088)	(165, 33.99029780097008)	(170, 33.2750351366659)	(175, 32.56363407522393)	(180, 33.42533196282856)	(185, 33.453529399425236)	(190, 32.636831616706175)	(195, 32.55570892156657)	(200, 31.752109248809546)	(205, 28.67258920517715)	(210, 29.72217490717627)	(215, 28.424916615971973)	(220, 27.46778964150112)	(225, 25.130041324914522)	(230, 27.955830588827588)	(235, 27.514467915504184)	(240, 25.067101592162953)	(245, 25.98364204652724)	(250, 22.968748295609494)	(255, 21.81577478970443)	(260, 21.558633131253803)	(265, 22.68187367581968)	(270, 18.69435086320824)	(275, 18.943131044030963)	(280, 16.527574416311804)	(285, 17.515336368022485)	(290, 14.218921356799731)	(295, 15.475119269071076)	(300, 12.369049956341577)
SRR3666998_1	(1, 33.22310209169166)	(2, 33.355092899154755)	(3, 33.37747438943637)	(4, 33.42601955361664)	(5, 33.279858216803646)	(6, 34.98039574650411)	(7, 35.6528882483543)	(8, 36.31776964125735)	(9, 36.677088770303435)	(10, 34.82719978187201)	(15, 37.23135044599384)	(20, 37.714230514548355)	(25, 37.79970396915047)	(30, 38.33141121022085)	(35, 37.93992287617341)	(40, 37.91418844700658)	(45, 37.42784715459821)	(50, 38.17555797919994)	(55, 38.03000585843253)	(60, 37.68936816194737)	(65, 37.33670811130847)	(70, 37.46377956436384)	(75, 37.79335212961102)	(80, 37.63905549474734)	(85, 37.709864564303714)	(90, 37.4020847047642)	(95, 37.80071749368006)	(100, 37.83598530734984)	(105, 37.6206600786049)	(110, 37.091077290822014)	(115, 37.12048331684364)	(120, 37.00344102272462)	(125, 36.852428659348874)	(130, 37.02595685672663)	(135, 37.07778799186682)	(140, 36.96963611009403)	(145, 36.68131548810795)	(150, 36.74977992100527)	(155, 36.646321759385486)	(160, 36.66489278410751)	(165, 36.30649281826691)	(170, 36.019882831367546)	(175, 36.1725929607627)	(180, 36.13930431080662)	(185, 35.89017004232474)	(190, 35.67713072608289)	(195, 35.54529894553967)	(200, 35.611629478888304)	(205, 35.53913273812306)	(210, 35.3311893298431)	(215, 35.26727901650072)	(220, 35.3060983248215)	(225, 35.289611301139935)	(230, 34.99924179379296)	(235, 34.83649160510066)	(240, 34.76061142634634)	(245, 34.58476834947102)	(250, 32.023341569429874)										
SRR3666998_2	(1, 31.70082577026448)	(2, 31.562306703540685)	(3, 32.58184473960971)	(4, 32.81410041678028)	(5, 32.644996689128654)	(6, 36.13596385307522)	(7, 35.881700619327695)	(8, 35.36071748529584)	(9, 34.649620223581195)	(10, 34.4723257897402)	(15, 37.07603474467339)	(20, 37.338414676897905)	(25, 37.637468157207955)	(30, 37.57122424336852)	(35, 36.995803373193624)	(40, 37.1217582674405)	(45, 37.39930199041795)	(50, 37.39987223931757)	(55, 37.51480602195215)	(60, 37.59185098144092)	(65, 37.32028060827023)	(70, 37.15503784175408)	(75, 37.2641002452505)	(80, 36.8888721827941)	(85, 36.96498290005687)	(90, 37.411500198655375)	(95, 37.47264242811402)	(100, 37.615192851522636)	(105, 37.28393306482398)	(110, 37.51837563197988)	(115, 37.16881254260395)	(120, 37.26850053559256)	(125, 37.005802665114935)	(130, 37.47934201710787)	(135, 36.99167744348016)	(140, 37.30686623503235)	(145, 37.094348383276916)	(150, 37.28441004506803)	(155, 37.13171141004106)	(160, 36.91041827346312)	(165, 37.01590208825924)	(170, 36.67763603289173)	(175, 36.67434338036834)	(180, 35.98177703334372)	(185, 36.02964875992817)	(190, 35.90855526860108)	(195, 35.62673439338106)	(200, 35.92201002143303)	(205, 35.47047994484198)	(210, 35.40103538137326)	(215, 34.68823412551565)	(220, 34.317808325899726)	(225, 34.1098486187455)	(230, 34.44769864910332)	(235, 33.983824396563094)	(240, 33.242542794520226)	(245, 33.56770572749758)	(250, 30.389693571135542)										
SRR3666999_1	(1, 33.26872075604298)	(2, 33.40972671734078)	(3, 33.475553747233576)	(4, 33.500952451406484)	(5, 33.59322619025602)	(6, 35.21349090393495)	(7, 35.85318685925296)	(8, 36.51232638567809)	(9, 36.746610937471104)	(10, 35.02152971710036)	(15, 37.49691701651532)	(20, 37.90551435458317)	(25, 38.04402853038906)	(30, 38.44594329677646)	(35, 38.078423577487996)	(40, 38.13709589919365)	(45, 37.543984415456315)	(50, 38.36357270278292)	(55, 37.98592977286853)	(60, 37.837690846755294)	(65, 37.42534592901364)	(70, 37.553411247855294)	(75, 38.19809947831235)	(80, 37.92907628460857)	(85, 37.829774339173376)	(90, 37.55978785075547)	(95, 38.04227640006212)	(100, 38.03242996533731)	(105, 37.652354225517165)	(110, 37.39085694548953)	(115, 37.405131158487976)	(120, 37.218072928231315)	(125, 37.07917548155503)	(130, 37.07158162226841)	(135, 37.320344659565414)	(140, 37.125599669403144)	(145, 36.88505837871845)	(150, 36.868434784217705)	(155, 36.96692180257433)	(160, 36.954378783021454)	(165, 36.49969538891532)	(170, 36.13047710100231)	(175, 36.31213076329992)	(180, 36.18673986121819)	(185, 36.07239599074787)	(190, 35.816577332305314)	(195, 35.67124255693784)	(200, 36.00052307255781)	(205, 35.788314037218)	(210, 35.621095235493215)	(215, 35.514420894196604)	(220, 35.64895257599684)	(225, 35.469588926174495)	(230, 35.50941077773392)	(235, 35.596975750367314)	(240, 35.36900543293453)	(245, 35.35674912096725)	(250, 34.98562041011142)	(255, 31.201513919881165)									
SRR3666999_2	(1, 32.90465005887321)	(2, 32.04488542841819)	(3, 32.78156497937896)	(4, 32.60265823331052)	(5, 32.97742474400942)	(6, 36.12214803992282)	(7, 36.04340589225278)	(8, 35.838483968609175)	(9, 35.108394518318505)	(10, 35.00357924457349)	(15, 37.40461985167649)	(20, 37.69919920105047)	(25, 38.03217867865091)	(30, 37.973460820032926)	(35, 37.44194713966123)	(40, 37.48391857569107)	(45, 37.689772643207654)	(50, 37.67892062063987)	(55, 37.82753461419536)	(60, 37.72992748439928)	(65, 37.80247761635794)	(70, 37.735728957319)	(75, 37.667930392314055)	(80, 37.33770240159096)	(85, 37.341523529241506)	(90, 37.94047646946365)	(95, 37.956222695126115)	(100, 38.1505745212323)	(105, 37.64504394486077)	(110, 37.99087427144046)	(115, 37.7231901616926)	(120, 37.77772692789254)	(125, 37.44090247452692)	(130, 38.085229319320064)	(135, 37.91881183233415)	(140, 37.888033207509935)	(145, 37.80720153948634)	(150, 37.98652949448597)	(155, 37.67338685121409)	(160, 37.74269396621239)	(165, 37.623911363025655)	(170, 37.45868522013742)	(175, 37.26287948879267)	(180, 37.020373043188634)	(185, 37.21973403402292)	(190, 37.16074781342907)	(195, 36.90365145031235)	(200, 37.152492921866035)	(205, 36.64975150260625)	(210, 36.3347980561133)	(215, 36.04514656533755)	(220, 35.92187253257008)	(225, 35.43915194433478)	(230, 35.662079303197785)	(235, 35.485340145890135)	(240, 34.62538877682576)	(245, 35.047163980235766)	(250, 33.813210485348904)	(255, 30.446635750447747)									
SRR3667000_1	(1, 33.33226538633359)	(2, 33.479971481302655)	(3, 33.55019877351552)	(4, 33.56453483387408)	(5, 33.65002323912837)	(6, 35.39385133275273)	(7, 36.15614889286987)	(8, 36.41795685193291)	(9, 36.758723698044754)	(10, 34.98216588676453)	(15, 37.498543831703586)	(20, 37.89074360698346)	(25, 37.98659530975728)	(30, 38.419023595612096)	(35, 38.38347121094182)	(40, 38.06052002202106)	(45, 37.74343113453607)	(50, 38.345278063572856)	(55, 38.35033253124986)	(60, 37.73455864767173)	(65, 37.50365744146063)	(70, 37.608665045148314)	(75, 38.194064159781234)	(80, 37.98427909369458)	(85, 37.95685201308804)	(90, 37.80113901486946)	(95, 38.29731266499695)	(100, 38.21521153455629)	(105, 37.9976460925407)	(110, 37.65906610887724)	(115, 37.687066596266064)	(120, 37.43551349570602)	(125, 37.253745613591114)	(130, 37.69408000433236)	(135, 37.594376049244545)	(140, 37.4779098051781)	(145, 37.13321900653017)	(150, 37.34364922129909)	(155, 37.22411125785295)	(160, 37.18978450707404)	(165, 36.74343570187513)	(170, 36.31527314574542)	(175, 36.451743574700444)	(180, 36.42831960647156)	(185, 36.25214612902498)	(190, 36.034460960074185)	(195, 36.05147145764792)	(200, 36.049603985865346)	(205, 35.763958878787115)	(210, 35.60754573927485)	(215, 35.56708487151484)	(220, 35.80522497948675)	(225, 35.58332167469233)	(230, 35.28662024271034)	(235, 35.329251154205465)	(240, 35.19940608626191)	(245, 35.16031210543089)	(250, 35.27105060834391)	(255, 33.84515000158228)									
SRR3667000_2	(1, 31.165638579660573)	(2, 31.411404771466863)	(3, 32.1459688009061)	(4, 32.04654143107906)	(5, 32.32921496870615)	(6, 35.90712471063901)	(7, 35.62721730615634)	(8, 35.27988484222211)	(9, 34.54531178787865)	(10, 34.48788722479683)	(15, 37.05174609334458)	(20, 37.37145964288454)	(25, 37.61415736725494)	(30, 37.649569286445946)	(35, 37.10142521769189)	(40, 37.02715630443218)	(45, 37.240649621400145)	(50, 37.33911481742207)	(55, 37.39151641159235)	(60, 36.96110160963525)	(65, 37.26025640447106)	(70, 37.17634598809583)	(75, 37.35397715734895)	(80, 36.84967532027996)	(85, 36.93079585839049)	(90, 37.51876080236467)	(95, 37.301715291410005)	(100, 37.585854373970534)	(105, 37.35173857908109)	(110, 37.56074353871356)	(115, 37.082479725979184)	(120, 37.147608410164764)	(125, 36.57361688413967)	(130, 37.647572973265696)	(135, 36.916247269707746)	(140, 37.412369859242645)	(145, 37.040826402270895)	(150, 37.327095903640554)	(155, 36.77595001554469)	(160, 36.87578581582689)	(165, 37.000704921362)	(170, 36.81825394318207)	(175, 36.68876322855789)	(180, 35.97723311596001)	(185, 36.12502831870388)	(190, 36.01289721574507)	(195, 35.665022136174706)	(200, 36.346004883046085)	(205, 35.801263489673055)	(210, 35.64637199772544)	(215, 35.165359099565855)	(220, 34.754773402171665)	(225, 34.42969555288788)	(230, 35.05920607269543)	(235, 34.945031636143725)	(240, 33.85510014351346)	(245, 34.05496719733512)	(250, 32.459407874025906)	(255, 32.825928482227276)									
SRR3667001_1	(1, 33.33143503724059)	(2, 33.48329457990873)	(3, 33.55288288176268)	(4, 33.57916267734355)	(5, 33.65454534150678)	(6, 35.39146139785882)	(7, 36.1545329072529)	(8, 36.429031495965084)	(9, 36.76077738955274)	(10, 34.99760764955299)	(15, 37.506198475560474)	(20, 37.89147880581426)	(25, 37.995926538428066)	(30, 38.43674819392463)	(35, 38.38383812231824)	(40, 38.07243796800225)	(45, 37.75035384600034)	(50, 38.35701530770857)	(55, 38.34881630025169)	(60, 37.724456806352705)	(65, 37.50491226324757)	(70, 37.60577781646789)	(75, 38.182813296688266)	(80, 37.99522577756775)	(85, 37.963725112235885)	(90, 37.797303851463106)	(95, 38.29143773861785)	(100, 38.220969767817834)	(105, 38.00354304759299)	(110, 37.64204690283306)	(115, 37.70768245440583)	(120, 37.43862057815832)	(125, 37.25299307926203)	(130, 37.694619483773884)	(135, 37.60906722380784)	(140, 37.490051672356216)	(145, 37.12855535035847)	(150, 37.357627424279165)	(155, 37.23775253231854)	(160, 37.20699411146555)	(165, 36.75066937775539)	(170, 36.316723562221355)	(175, 36.4671317800536)	(180, 36.44911205073996)	(185, 36.24481005905021)	(190, 36.059554691652565)	(195, 36.07201834916845)	(200, 36.052913889165254)	(205, 35.793049809077274)	(210, 35.61470012125734)	(215, 35.59581877199746)	(220, 35.8093300334548)	(225, 35.56300296121527)	(230, 35.25859600902912)	(235, 35.34702045232662)	(240, 35.20902908255185)	(245, 35.16086213007817)	(250, 35.27759997667114)	(255, 34.11851696430735)									
SRR3667001_2	(1, 31.74338808549793)	(2, 32.13692600375514)	(3, 32.52411001827835)	(4, 32.497332852542186)	(5, 32.501237208261315)	(6, 36.024594954179776)	(7, 35.91785931885157)	(8, 35.946470537035424)	(9, 35.07651418126655)	(10, 34.98034517488778)	(15, 37.38869850664611)	(20, 37.735809407756484)	(25, 38.04720167116372)	(30, 38.016201832809024)	(35, 37.50204520891827)	(40, 37.558929352391296)	(45, 37.723805715030316)	(50, 37.759377992215576)	(55, 37.84656834094096)	(60, 37.590821763419584)	(65, 37.7960166893627)	(70, 37.72803676136823)	(75, 37.71734412794349)	(80, 37.29821105452646)	(85, 37.49061254438165)	(90, 37.93218174243413)	(95, 37.780543585725745)	(100, 38.008980170500124)	(105, 37.754494748820115)	(110, 37.95843702004092)	(115, 37.51704068498517)	(120, 37.60950373396509)	(125, 37.2043078951132)	(130, 38.07672132370773)	(135, 37.41497192530826)	(140, 37.90003668675111)	(145, 37.586382375436045)	(150, 37.84085287369187)	(155, 37.49012380223976)	(160, 37.45291846214114)	(165, 37.61516841705996)	(170, 37.47528370051175)	(175, 37.349893359698044)	(180, 36.76501927620943)	(185, 36.871984578001715)	(190, 36.71637397512815)	(195, 36.44496787428841)	(200, 36.927195055218384)	(205, 36.48572302541588)	(210, 36.38145197898206)	(215, 35.92182901136387)	(220, 35.601851840336295)	(225, 35.31325778904838)	(230, 35.7257207173594)	(235, 35.66997239012014)	(240, 34.845384322470935)	(245, 35.021834463030906)	(250, 33.780193844562476)	(255, 33.8305210919568)									
SRR3667002_1	(1, 33.34957195929575)	(2, 33.510660636407685)	(3, 33.563487320303665)	(4, 33.58343563236957)	(5, 33.50445000807624)	(6, 35.26885801970602)	(7, 36.034962041673396)	(8, 36.333080277822646)	(9, 36.73687611048296)	(10, 34.97170408657729)	(15, 37.40852204813439)	(20, 37.81835406234857)	(25, 38.023206267162)	(30, 38.459749636569214)	(35, 37.95751736391536)	(40, 38.10654659990308)	(45, 37.412783072201584)	(50, 38.38510232760988)	(55, 37.983935157398754)	(60, 37.921882824236356)	(65, 37.60350364256062)	(70, 37.74655693217245)	(75, 38.04348781236371)	(80, 37.56261812072948)	(85, 37.995247120403725)	(90, 37.51859336257097)	(95, 38.087851982757144)	(100, 38.168465092236616)	(105, 37.99204438988143)	(110, 37.479623945982624)	(115, 37.52712984201854)	(120, 37.42355345200788)	(125, 37.33377863211966)	(130, 37.517933641327176)	(135, 37.4810147643201)	(140, 37.34988046392918)	(145, 37.328816269828444)	(150, 37.23970374438665)	(155, 37.12999224630892)	(160, 37.10517881950053)	(165, 36.720406102850305)	(170, 36.66874463109151)	(175, 36.748046199822305)	(180, 36.68009530732574)	(185, 36.43171149341733)	(190, 36.070889265810514)	(195, 35.83715854939019)	(200, 35.93436071399725)	(205, 35.67233179872385)	(210, 35.68779581616994)	(215, 35.51876585090057)	(220, 35.773472255875944)	(225, 35.687170664728214)	(230, 35.61823116064939)	(235, 35.20718203038551)	(240, 35.22035393226663)	(245, 34.97798779613916)	(250, 34.15724162759601)	(255, 29.46864435994687)									
SRR3667002_2	(1, 31.535293167501212)	(2, 31.647157163624616)	(3, 32.055653367791955)	(4, 32.02465675981263)	(5, 32.2005814892586)	(6, 36.31721046680666)	(7, 36.01692779841706)	(8, 35.8054837667582)	(9, 34.82748344370861)	(10, 34.66711516717816)	(15, 37.264889355516075)	(20, 37.450999838475205)	(25, 37.78376514294944)	(30, 37.73076885801971)	(35, 37.316574059118075)	(40, 37.32974963656921)	(45, 37.506711355193026)	(50, 37.5837487279717)	(55, 37.618646768407096)	(60, 37.396518972006405)	(65, 37.64041707722875)	(70, 37.69887411762805)	(75, 37.693167170109994)	(80, 37.20369102040157)	(85, 37.337176895531044)	(90, 37.808441762981275)	(95, 37.79431980739703)	(100, 37.99435595903467)	(105, 37.75381707750461)	(110, 37.95081898362032)	(115, 37.51927276839079)	(120, 37.62399444318806)	(125, 37.33930798307111)	(130, 37.89070849352244)	(135, 37.174824734274544)	(140, 37.88003101476433)	(145, 37.271353342163934)	(150, 37.657571156269185)	(155, 37.45295124866733)	(160, 37.24541563014894)	(165, 37.25473019360154)	(170, 37.003583476755395)	(175, 37.164083676601244)	(180, 36.323075680478155)	(185, 36.491530571036265)	(190, 36.32113884177368)	(195, 36.304894596559244)	(200, 36.241457071318955)	(205, 35.72272191260803)	(210, 35.60042322914143)	(215, 35.04792504644213)	(220, 34.73184880058154)	(225, 34.6475034326791)	(230, 35.09461271302803)	(235, 34.7962119376464)	(240, 34.09202164607059)	(245, 34.4733769223737)	(250, 32.88840827165868)	(255, 31.143462040313086)									
SRR3667003_1	(1, 33.337747443550064)	(2, 33.49583926771112)	(3, 33.54542399462305)	(4, 33.561530829425976)	(5, 33.50927363215926)	(6, 35.26985549456705)	(7, 36.052833298660566)	(8, 36.333114628174556)	(9, 36.74554721631007)	(10, 34.956104274352285)	(15, 37.411774872377535)	(20, 37.8426459056794)	(25, 37.942588295540006)	(30, 38.457563731216695)	(35, 38.138795628030536)	(40, 38.1574547769887)	(45, 37.677851124606924)	(50, 38.335662847266676)	(55, 38.1931314812444)	(60, 37.990401357060556)	(65, 37.71349699142236)	(70, 37.794150876968374)	(75, 37.9819581359621)	(80, 37.902648508513636)	(85, 37.95822468937521)	(90, 37.60588437687537)	(95, 38.126118023604725)	(100, 38.21311782356471)	(105, 38.06488177635527)	(110, 37.588261652330466)	(115, 37.59723144628926)	(120, 37.46843448689738)	(125, 37.324460092018406)	(130, 37.50675095019004)	(135, 37.519345469093814)	(140, 37.431779155831165)	(145, 37.26444328865773)	(150, 37.276397679535904)	(155, 37.22157071414283)	(160, 37.1491274254851)	(165, 36.86065533106622)	(170, 36.51779955991198)	(175, 36.74179315863172)	(180, 36.67309621924385)	(185, 36.44127398654952)	(190, 36.09702498119609)	(195, 36.02507081472946)	(200, 35.90931073663322)	(205, 35.919203994430845)	(210, 35.68523532894842)	(215, 35.574468289404194)	(220, 35.7037767855714)	(225, 35.591026933602194)	(230, 35.49936946884952)	(235, 35.40532430745595)	(240, 35.463680445532674)	(245, 35.162669286975955)	(250, 34.86792879441896)	(255, 31.93284649654234)									
SRR3667003_2	(1, 31.573212885467843)	(2, 31.695794459824928)	(3, 32.71397365936405)	(4, 32.86103154155131)	(5, 32.34630094896702)	(6, 35.98429323560947)	(7, 36.05713805629791)	(8, 35.7134135607867)	(9, 34.899982396901855)	(10, 34.76432492118613)	(15, 37.290889596568995)	(20, 37.50475763734418)	(25, 37.82485717486278)	(30, 37.81469858695131)	(35, 37.27312006913216)	(40, 37.37173422522364)	(45, 37.51699019027349)	(50, 37.66354289189211)	(55, 37.731040111380494)	(60, 37.6971346727798)	(65, 37.746779007337345)	(70, 37.7060819190731)	(75, 37.726880946094084)	(80, 37.44910663562096)	(85, 37.36082979270746)	(90, 37.88650460888491)	(95, 37.963700230444246)	(100, 38.10516419152478)	(105, 37.7567244911023)	(110, 38.021997823582126)	(115, 37.69590481372423)	(120, 37.781073166047875)	(125, 37.59617686595827)	(130, 37.9911214953271)	(135, 37.34072141851236)	(140, 37.90885450006401)	(145, 37.524529509665854)	(150, 37.85873447701958)	(155, 37.668253104596076)	(160, 37.423561323774166)	(165, 37.52632025348867)	(170, 37.16535014722827)	(175, 37.10875848162847)	(180, 36.5476507489438)	(185, 36.68621070436082)	(190, 36.59579915983197)	(195, 36.549477895579116)	(200, 36.6512550510102)	(205, 36.12514342868574)	(210, 35.987504700940185)	(215, 35.49003400680136)	(220, 35.14784716943389)	(225, 34.99764592918584)	(230, 35.30118823764754)	(235, 34.830753350670136)	(240, 34.07134866973395)	(245, 34.46986406890003)	(250, 33.05758068521603)	(255, 30.104971445043095)									
SRR3667004_1	(1, 33.202667825596336)	(2, 33.33706935660342)	(3, 33.35170084365505)	(4, 33.40642214775591)	(5, 33.25714895677269)	(6, 34.968076062383965)	(7, 35.65083431499251)	(8, 36.307573834112944)	(9, 36.67997148423055)	(10, 34.78472271464025)	(15, 37.197098863562715)	(20, 37.696101955312585)	(25, 37.78804472553571)	(30, 38.30418472728937)	(35, 37.91443668012398)	(40, 37.85559285740642)	(45, 37.35740840989669)	(50, 38.17858106820175)	(55, 38.039287103046014)	(60, 37.86771758606229)	(65, 37.347933361290075)	(70, 37.50289428538752)	(75, 37.9284655560215)	(80, 37.78884525942588)	(85, 37.817031058789446)	(90, 37.47259152149792)	(95, 37.86879698674841)	(100, 37.94169144669625)	(105, 37.65032095706311)	(110, 36.98392265551434)	(115, 37.08162344123488)	(120, 37.00952852954744)	(125, 37.008188146668395)	(130, 37.140884310690566)	(135, 37.26267963031191)	(140, 37.06721945826423)	(145, 36.79226777987458)	(150, 36.86982024742189)	(155, 36.69449152703913)	(160, 36.8369360866699)	(165, 36.45358191548737)	(170, 36.1763098401467)	(175, 36.36750780585811)	(180, 36.255468675539355)	(185, 36.079936561915034)	(190, 35.70826105686935)	(195, 35.57990949398216)	(200, 35.76057423460996)	(205, 35.49547010697593)	(210, 35.52893916172961)	(215, 35.428969335115255)	(220, 35.471441588099175)	(225, 35.51442655575084)	(230, 35.196365244509174)	(235, 34.98809154368455)	(240, 34.910299998856274)	(245, 34.60688402303896)	(250, 32.92400116443692)										
SRR3667004_2	(1, 30.742892978182386)	(2, 29.987511007925708)	(3, 31.479049677672688)	(4, 31.896443534582996)	(5, 31.887865930136364)	(6, 35.64061743502941)	(7, 35.42491546294284)	(8, 35.05740895349413)	(9, 34.238831005943325)	(10, 34.167934245990445)	(15, 36.78213875895407)	(20, 37.027446046868036)	(25, 37.35871313059689)	(30, 37.26204695952514)	(35, 36.64448612524828)	(40, 36.736389247877526)	(45, 37.03307676765367)	(50, 37.042620400974414)	(55, 37.19926956932801)	(60, 37.300643892173795)	(65, 36.84505567818353)	(70, 36.61960268536203)	(75, 36.84988963482279)	(80, 36.45145952704995)	(85, 36.582442148602794)	(90, 37.043345464041586)	(95, 37.05179311422787)	(100, 37.26605568242035)	(105, 36.91051850177215)	(110, 37.150213489485644)	(115, 36.81081857968495)	(120, 36.90675312990835)	(125, 36.670614203967105)	(130, 37.14229204710511)	(135, 36.70383690715637)	(140, 36.92830663423636)	(145, 36.673277012344364)	(150, 36.856691802703715)	(155, 36.73535641578919)	(160, 36.47053575030183)	(165, 36.592350126760834)	(170, 36.222964106669714)	(175, 36.29999961876442)	(180, 35.56596481195554)	(185, 35.57576104153562)	(190, 35.25253273860582)	(195, 34.84209286379564)	(200, 35.45970156278529)	(205, 35.00383449674613)	(210, 34.95623086240514)	(215, 34.21994350002478)	(220, 33.542793203228356)	(225, 33.4344825219881)	(230, 33.69987609654557)	(235, 33.37830126457772)	(240, 32.56960591076664)	(245, 32.86707578640528)	(250, 29.606938768698818)										
SRR3667005_1	(1, 33.29461955846415)	(2, 33.44622664954645)	(3, 33.510303193472225)	(4, 33.53019508760303)	(5, 33.60707037236466)	(6, 35.38045189081721)	(7, 36.13868409062668)	(8, 36.381249223377374)	(9, 36.70467630369051)	(10, 35.01531085614878)	(15, 37.490429938284386)	(20, 37.865296359193145)	(25, 38.0546990846208)	(30, 38.40155531624073)	(35, 38.21164572312094)	(40, 38.01961076275693)	(45, 37.47778362468068)	(50, 38.33461833925533)	(55, 38.13762856501659)	(60, 38.16570020066861)	(65, 37.49686602542486)	(70, 37.73009573588583)	(75, 38.354955512255124)	(80, 38.21284323897217)	(85, 37.95427302529241)	(90, 37.69142534518129)	(95, 38.17177086184202)	(100, 38.14079565323636)	(105, 37.79012026039556)	(110, 37.40414053087069)	(115, 37.52427837844435)	(120, 37.108923489332184)	(125, 37.23440912590374)	(130, 37.69568230180916)	(135, 37.61015552126811)	(140, 37.26852275644935)	(145, 37.0621744385081)	(150, 36.97900636661701)	(155, 37.03772274168415)	(160, 37.17966501233991)	(165, 36.75903799286973)	(170, 36.43845531987993)	(175, 36.72255691859536)	(180, 36.479506733297384)	(185, 36.3628166079768)	(190, 35.789734588592)	(195, 35.441396521555134)	(200, 35.803933712404614)	(205, 35.24627433123365)	(210, 35.71645932770216)	(215, 35.4024938401325)	(220, 35.704179414907095)	(225, 36.03040237789295)	(230, 35.76830823358584)	(235, 35.531727788937204)	(240, 35.4430829109691)	(245, 35.1547241680993)	(250, 34.30433971049935)	(255, 29.677988555587394)									
SRR3667005_2	(1, 31.39358199063911)	(2, 31.827320548399122)	(3, 32.12613386903036)	(4, 32.54202046141739)	(5, 32.52296731972)	(6, 36.033581162241646)	(7, 35.88839415151389)	(8, 35.829484736776706)	(9, 34.65361595493518)	(10, 34.91136354222756)	(15, 37.299061839870774)	(20, 37.602389926686826)	(25, 37.81917325932982)	(30, 37.764364412044905)	(35, 37.213365857924)	(40, 37.2820544286918)	(45, 37.45220463446085)	(50, 37.509910700732874)	(55, 37.61708130566958)	(60, 37.69761430920952)	(65, 37.442292045390104)	(70, 37.10916030132815)	(75, 37.558973571092594)	(80, 37.20529078304131)	(85, 37.14589466251964)	(90, 37.77916229931898)	(95, 37.7657093095111)	(100, 38.04179787873405)	(105, 37.53438614303101)	(110, 37.769429375220085)	(115, 37.343594976208465)	(120, 37.4772003699335)	(125, 37.43973746044223)	(130, 37.94229364870487)	(135, 37.73309538174215)	(140, 37.643585993832744)	(145, 37.33101698453446)	(150, 37.683010583756804)	(155, 37.43106614020142)	(160, 37.49584387861073)	(165, 37.318834035182405)	(170, 37.02404244685257)	(175, 36.96522439696782)	(180, 36.722847246971575)	(185, 36.85447013818998)	(190, 36.164976247211854)	(195, 35.52752013612887)	(200, 36.47355900273949)	(205, 36.00243459224568)	(210, 36.031313363748474)	(215, 35.67987124407057)	(220, 35.09670436816478)	(225, 34.91650953347549)	(230, 35.082609498522984)	(235, 35.239911208649474)	(240, 34.492352552033445)	(245, 34.64477628313246)	(250, 33.659163803113906)	(255, 33.434663865674295)									
SRR3667006_1	(1, 33.30187448759037)	(2, 33.453380040247445)	(3, 33.51785048818663)	(4, 33.53206752627264)	(5, 33.48182343295819)	(6, 35.26461764925095)	(7, 36.04266043079675)	(8, 36.32577140940598)	(9, 36.718062905269434)	(10, 34.91498285756876)	(15, 37.388140046210026)	(20, 37.79687150629798)	(25, 37.98303830960721)	(30, 38.40282663784751)	(35, 38.05911343817545)	(40, 38.05347879555787)	(45, 37.546459715286574)	(50, 38.32694715659238)	(55, 38.16641737054827)	(60, 37.852063243610885)	(65, 37.43578462885839)	(70, 37.572019267499606)	(75, 38.03994558887926)	(80, 38.05338066355479)	(85, 37.8797651640827)	(90, 37.65612939893969)	(95, 38.14207235830686)	(100, 38.173084126081974)	(105, 37.951570434280285)	(110, 37.540723210375766)	(115, 37.53671862625434)	(120, 37.44880971237433)	(125, 37.36886897052932)	(130, 37.52970827471186)	(135, 37.44046015034521)	(140, 37.48615619700725)	(145, 37.22424016547715)	(150, 37.270795520190816)	(155, 37.228151612843114)	(160, 37.204463037847304)	(165, 36.79027262732236)	(170, 36.43542478057507)	(175, 36.651398542757576)	(180, 36.565195758716435)	(185, 36.24222753461843)	(190, 36.05637749339997)	(195, 35.9967776203966)	(200, 35.94676830177427)	(205, 35.917246906217386)	(210, 35.58820076039958)	(215, 35.50236133889966)	(220, 35.68416393320412)	(225, 35.75906515580736)	(230, 35.476705307887286)	(235, 35.35622856716863)	(240, 35.38929663038616)	(245, 35.03581401116136)	(250, 34.59447332939357)	(255, 33.152060591322424)									
SRR3667006_2	(1, 31.804604233435192)	(2, 31.86179846463442)	(3, 32.393157933964375)	(4, 32.417418200790046)	(5, 32.73684504732802)	(6, 35.843221286427664)	(7, 35.92260751285682)	(8, 35.78060482969367)	(9, 35.03073526123575)	(10, 34.82450995006335)	(15, 37.29468957292987)	(20, 37.57338823880151)	(25, 37.894419393307)	(30, 37.82990795259745)	(35, 37.271141089662365)	(40, 37.39028471342327)	(45, 37.637107773719904)	(50, 37.754421629276294)	(55, 37.8306888122345)	(60, 37.823411689073986)	(65, 37.70872161817182)	(70, 37.62465830002516)	(75, 37.589551946781455)	(80, 37.2073324575379)	(85, 37.29102883967006)	(90, 37.78572772927596)	(95, 37.877512648261856)	(100, 38.05585919666068)	(105, 37.686259748246016)	(110, 37.88857603398959)	(115, 37.479355614151146)	(120, 37.594549367819845)	(125, 37.58168960280265)	(130, 37.97884222982101)	(135, 37.29638617015864)	(140, 37.75870338967259)	(145, 37.59709296908484)	(150, 37.7867282857835)	(155, 37.671703035611124)	(160, 37.503535024132084)	(165, 37.64664480181876)	(170, 37.35735795613365)	(175, 37.32070141438235)	(180, 36.82755902577195)	(185, 36.92789854474781)	(190, 36.61290062339106)	(195, 36.487279267190374)	(200, 36.75799949679909)	(205, 36.39806733573751)	(210, 36.36239411814039)	(215, 35.82095925004426)	(220, 35.36074473735708)	(225, 35.066150419800024)	(230, 35.36755658680681)	(235, 35.05495326754448)	(240, 34.302067783027226)	(245, 34.59956121144644)	(250, 33.40641121762626)	(255, 31.63991976800148)									
SRR3667007_1	(1, 33.319358344738745)	(2, 33.4714646566299)	(3, 33.535267893084296)	(4, 33.551847677320666)	(5, 33.63504850656147)	(6, 35.38331253522261)	(7, 36.143612631833186)	(8, 36.404732912003865)	(9, 36.75232469205378)	(10, 35.00448736011594)	(15, 37.50546453586668)	(20, 37.86824229128089)	(25, 38.10580367925288)	(30, 38.41468782706706)	(35, 38.1953053296836)	(40, 38.14308328636986)	(45, 37.62956283713067)	(50, 38.377048771023475)	(55, 38.21788850254867)	(60, 37.92659927238327)	(65, 37.46139253563863)	(70, 37.59413277244114)	(75, 38.1768460884311)	(80, 38.12191354142031)	(85, 37.86898606149047)	(90, 37.75554855735583)	(95, 38.261051985367004)	(100, 38.21533545682814)	(105, 37.99501312520043)	(110, 37.68255001811521)	(115, 37.507462461253574)	(120, 37.48689211052717)	(125, 37.290554378619916)	(130, 37.58464023509639)	(135, 37.5276444569686)	(140, 37.531436750786625)	(145, 37.1542775191848)	(150, 37.29775596497882)	(155, 37.300670263341374)	(160, 37.25751380075583)	(165, 36.84239612320791)	(170, 36.15335676688655)	(175, 36.63464457234782)	(180, 36.43763139179383)	(185, 36.13938875049827)	(190, 35.896893554943276)	(195, 36.00314038202741)	(200, 35.925679159810315)	(205, 35.97707936824719)	(210, 35.53355121296767)	(215, 35.51178473220238)	(220, 35.66170680351348)	(225, 35.79404920189222)	(230, 35.60138199964613)	(235, 35.523652409403965)	(240, 35.55705488924215)	(245, 35.428169715125165)	(250, 35.3873503657028)	(255, 33.80866732499641)									
SRR3667007_2	(1, 31.624733314547942)	(2, 32.117140326865794)	(3, 32.698026527654775)	(4, 32.883201835601)	(5, 32.730904315272525)	(6, 35.86767369776991)	(7, 35.93073222767893)	(8, 35.89519764914258)	(9, 35.256435673456245)	(10, 35.042425126801376)	(15, 37.443212100475)	(20, 37.76966729731905)	(25, 38.05203083487642)	(30, 37.98547419692456)	(35, 37.391717655583285)	(40, 37.52271858143466)	(45, 37.779486353755736)	(50, 37.79195798902384)	(55, 37.94285843678138)	(60, 37.89603782065742)	(65, 37.85615357520253)	(70, 37.781047652593976)	(75, 37.67679062043979)	(80, 37.31549640215367)	(85, 37.2999612537677)	(90, 37.881851536588684)	(95, 37.97449780604645)	(100, 38.17374401191579)	(105, 37.75127839910219)	(110, 37.96401596159556)	(115, 37.538140262772544)	(120, 37.62299536550141)	(125, 37.57802613635792)	(130, 38.12184353409451)	(135, 37.37375696306994)	(140, 37.90761426007913)	(145, 37.71489545854825)	(150, 37.9083167801833)	(155, 37.72081336102109)	(160, 37.66970279454216)	(165, 37.71876770716439)	(170, 37.58489180965332)	(175, 37.31844234901871)	(180, 36.800375847547116)	(185, 37.18700996924382)	(190, 36.73001463978109)	(195, 36.53556587858563)	(200, 36.96674022272217)	(205, 36.62518368100167)	(210, 36.59859436871469)	(215, 36.17539716404143)	(220, 35.72335016926455)	(225, 35.412518032821666)	(230, 35.753179330236165)	(235, 35.58213867505807)	(240, 34.78935845901004)	(245, 35.12620681310555)	(250, 33.84607694629089)	(255, 31.99847732856025)									
SRR3667008_1	(1, 33.44895297517816)	(2, 33.46234988470728)	(3, 33.505034274803585)	(4, 33.482560020032764)	(5, 33.86998528844047)	(6, 37.79172187848878)	(7, 37.814415241593025)	(8, 37.75358659474349)	(9, 37.868555867408155)	(10, 37.50610686226433)	(15, 37.551595839028415)	(20, 37.62484688500986)	(25, 37.52586208695471)	(30, 37.48720302995524)	(35, 37.417424329372)	(40, 37.397838131110255)	(45, 36.99842868023747)	(50, 37.42297298707261)	(55, 37.29138904249658)	(60, 36.95613242490323)	(65, 37.348912283630526)	(70, 37.00185720396899)	(75, 37.07174650209196)	(80, 36.684358795112836)	(85, 36.95115553561554)	(90, 36.765151341256015)	(95, 36.94825078513819)	(100, 36.78614609308975)	(105, 36.21491814738687)	(110, 36.65154471375061)	(115, 36.338891729182095)	(120, 35.937155556483)	(125, 35.86248343645337)	(130, 35.77676608016546)	(135, 35.752592808998145)	(140, 35.832468020283386)	(145, 35.65752175455437)	(150, 35.79849126687674)	(155, 35.6196323115127)	(160, 35.58105957974741)	(165, 35.637714548053545)	(170, 34.989899938439706)	(175, 35.09201072609843)	(180, 35.215600838889415)	(185, 35.24948612806628)	(190, 34.96738939899833)	(195, 35.08005217028381)	(200, 34.50132512520868)	(205, 34.86874791318865)	(210, 34.398101001669446)	(215, 34.07383785105851)	(220, 33.848952931478834)	(225, 34.216139567399495)	(230, 33.65420966412421)	(235, 32.510956917330105)	(240, 31.87336470539133)	(245, 31.661476017070292)	(250, 31.750264506098766)	(255, 29.686929120712865)	(260, 30.043746282828494)	(265, 29.99896075710306)	(270, 29.031953588831264)	(275, 29.70673942758167)	(280, 30.17718256659606)	(285, 28.917200722044264)	(290, 26.722482496687157)	(295, 26.534442619395804)	(300, 20.268831917445382)
SRR3667008_2	(1, 32.490844401782084)	(2, 32.857788257880074)	(3, 33.73847855346765)	(4, 33.46244378827875)	(5, 33.49988001210313)	(6, 37.239433239777554)	(7, 36.30633431758188)	(8, 36.08439844328746)	(9, 36.93370407854512)	(10, 37.16243857141367)	(15, 37.09304174535438)	(20, 37.17089406633765)	(25, 37.00759366881254)	(30, 37.10503218805755)	(35, 36.76452531744624)	(40, 36.74700708450278)	(45, 36.68275200066776)	(50, 36.87487453439479)	(55, 36.69783082749914)	(60, 35.99598092714126)	(65, 36.35827489906474)	(70, 36.374873228855826)	(75, 36.97933265165585)	(80, 36.50671730556541)	(85, 36.05572504747397)	(90, 36.764510339934475)	(95, 36.02242232006844)	(100, 36.53055862774149)	(105, 36.20944888462261)	(110, 36.46833747208948)	(115, 36.28907994407462)	(120, 35.97747125477348)	(125, 35.206122152032336)	(130, 36.37872849990539)	(135, 35.41832846410684)	(140, 35.1530070951586)	(145, 34.52261477462437)	(150, 35.091026711185314)	(155, 34.09947829716194)	(160, 34.674907011965715)	(165, 34.444224167614436)	(170, 33.94497229729025)	(175, 33.37079059672993)	(180, 34.016191738227654)	(185, 34.03200575965943)	(190, 33.380469124981744)	(195, 33.211362924935834)	(200, 32.484548926313146)	(205, 29.942390283603583)	(210, 31.010642959994993)	(215, 29.659683763499537)	(220, 28.563377401212477)	(225, 26.353502300781535)	(230, 29.78078612644386)	(235, 28.75043459206778)	(240, 26.21473334933272)	(245, 27.145599298809437)	(250, 23.97365526884189)	(255, 22.636549558103866)	(260, 22.09866126861233)	(265, 23.284695889896387)	(270, 19.50629088973987)	(275, 19.733818879973285)	(280, 17.26628755073719)	(285, 18.39357241983785)	(290, 14.612816308784701)	(295, 15.9200967245117)	(300, 12.728088987830468)
SRR3667009_1	(1, 30.0)	(2, 30.0)	(3, 30.0)	(4, 30.0)	(5, 30.0)	(6, 30.0)	(7, 30.0)	(8, 30.0)	(9, 30.0)	(10, 30.0)	(15, 30.0)	(20, 30.0)	(25, 30.0)	(30, 30.0)	(35, 30.0)	(40, 30.0)	(45, 30.0)	(50, 30.0)	(55, 30.0)	(60, 30.0)	(65, 30.0)	(70, 30.0)	(75, 30.0)	(80, 30.0)	(85, 30.0)	(90, 30.0)	(95, 30.0)	(100, 30.0)	(105, 30.0)	(110, 30.0)	(115, 30.0)	(120, 30.0)	(125, 30.0)	(130, 30.0)	(135, 30.0)	(140, 30.0)	(145, 30.0)	(150, 30.0)	(155, 30.0)	(160, 30.0)	(165, 30.0)	(170, 30.0)	(175, 30.0)	(180, 30.0)	(185, 30.0)	(190, 30.0)	(195, 30.0)	(200, 30.0)	(205, 30.0)	(210, 30.0)	(215, 30.0)	(220, 30.0)	(225, 30.0)	(230, 30.0)	(235, 30.0)	(240, 30.0)	(245, 30.0)	(250, 30.0)	(255, 30.0)									
SRR3667009_2	(1, 30.0)	(2, 30.0)	(3, 30.0)	(4, 30.0)	(5, 30.0)	(6, 30.0)	(7, 30.0)	(8, 30.0)	(9, 30.0)	(10, 30.0)	(15, 30.0)	(20, 30.0)	(25, 30.0)	(30, 30.0)	(35, 30.0)	(40, 30.0)	(45, 30.0)	(50, 30.0)	(55, 30.0)	(60, 30.0)	(65, 30.0)	(70, 30.0)	(75, 30.0)	(80, 30.0)	(85, 30.0)	(90, 30.0)	(95, 30.0)	(100, 30.0)	(105, 30.0)	(110, 30.0)	(115, 30.0)	(120, 30.0)	(125, 30.0)	(130, 30.0)	(135, 30.0)	(140, 30.0)	(145, 30.0)	(150, 30.0)	(155, 30.0)	(160, 30.0)	(165, 30.0)	(170, 30.0)	(175, 30.0)	(180, 30.0)	(185, 30.0)	(190, 30.0)	(195, 30.0)	(200, 30.0)	(205, 30.0)	(210, 30.0)	(215, 30.0)	(220, 30.0)	(225, 30.0)	(230, 30.0)	(235, 30.0)	(240, 30.0)	(245, 30.0)	(250, 30.0)	(255, 30.0)									
SRR3667010_1	(1, 33.29090558395217)	(2, 33.45589095701932)	(3, 33.52394637862861)	(4, 33.54260455845951)	(5, 33.63053332047449)	(6, 35.387919117883435)	(7, 36.14846176101842)	(8, 36.408409682708076)	(9, 36.74531134471341)	(10, 34.958284630469024)	(15, 37.48301668434757)	(20, 37.892631240556796)	(25, 37.96286752177967)	(30, 38.42789597196772)	(35, 38.23351583626818)	(40, 38.07883880923295)	(45, 37.666918013415824)	(50, 38.36539683356269)	(55, 38.21481362346851)	(60, 37.859286996467794)	(65, 37.436934380770396)	(70, 37.53687371661997)	(75, 38.169621083922614)	(80, 37.998597322043274)	(85, 37.946677149635036)	(90, 37.753295154751946)	(95, 38.19128241425906)	(100, 38.13593205070459)	(105, 37.766434592368576)	(110, 37.50499967827038)	(115, 37.51868476931986)	(120, 37.33974132938679)	(125, 37.34742809343028)	(130, 37.43881346116723)	(135, 37.530525706196514)	(140, 37.39457489918465)	(145, 37.01747842705739)	(150, 37.115718486773105)	(155, 37.027157169012185)	(160, 37.10674475841249)	(165, 36.734380952380945)	(170, 36.17751351351352)	(175, 36.425268983268985)	(180, 36.33868468468469)	(185, 36.132196911196914)	(190, 35.84914965346715)	(195, 35.748005895110786)	(200, 35.893335821808044)	(205, 35.652150536772766)	(210, 35.594488098855436)	(215, 35.53840173508987)	(220, 35.668994278579746)	(225, 35.65189695007756)	(230, 35.28008958624285)	(235, 35.40186251858335)	(240, 35.24853986961404)	(245, 35.15701342348888)	(250, 34.99579477317177)	(255, 33.8791136900651)									
SRR3667010_2	(1, 31.669829941813738)	(2, 32.53168740154949)	(3, 32.09027550069116)	(4, 32.144681261452405)	(5, 32.63763140129231)	(6, 35.60970842575626)	(7, 35.60191596746713)	(8, 35.599472787475484)	(9, 34.98035168933038)	(10, 34.74183302793583)	(15, 37.23941363680201)	(20, 37.49657247564856)	(25, 37.769199215610634)	(30, 37.74441765519015)	(35, 37.212852655470726)	(40, 37.199826400051435)	(45, 37.42833701954409)	(50, 37.56443375539365)	(55, 37.61972423447149)	(60, 37.47226790194943)	(65, 37.41465868879881)	(70, 37.236196116420615)	(75, 37.37412028130409)	(80, 37.04162039390293)	(85, 37.141502248119906)	(90, 37.64528865209894)	(95, 37.654439811597555)	(100, 37.85963246081384)	(105, 37.37453092425295)	(110, 37.6476321004813)	(115, 37.37849072143722)	(120, 37.410421331686095)	(125, 36.9776027591177)	(130, 37.83281085115692)	(135, 37.394835662625795)	(140, 37.56393635442598)	(145, 37.223878253595444)	(150, 37.48196261381551)	(155, 37.14760909860063)	(160, 36.93346503307508)	(165, 37.023355898175076)	(170, 36.9915420452498)	(175, 36.937699158322815)	(180, 36.26014002213585)	(185, 36.522991686185684)	(190, 36.24670954828986)	(195, 35.83113279188601)	(200, 36.46965621098426)	(205, 35.87585754212027)	(210, 35.73438445791221)	(215, 35.21436441332442)	(220, 35.091380064871544)	(225, 34.60565309169541)	(230, 34.8172012562426)	(235, 34.90617566802244)	(240, 33.89956312679802)	(245, 34.24604232770546)	(250, 32.977919925998876)	(255, 32.535726792934)									
SRR3667011_1	(1, 33.25516845994371)	(2, 33.37926361751659)	(3, 33.411548395316245)	(4, 33.45360257583303)	(5, 33.306748821533226)	(6, 35.00040536940735)	(7, 35.675165911907435)	(8, 36.33766692533096)	(9, 36.70128328372384)	(10, 34.85380062774348)	(15, 37.247701555460324)	(20, 37.73314416094323)	(25, 37.816012091590316)	(30, 38.35186527837296)	(35, 37.96270022353228)	(40, 37.93232068194716)	(45, 37.47666925330955)	(50, 38.18004515021748)	(55, 38.054939454832905)	(60, 37.696416963950355)	(65, 37.35643361381523)	(70, 37.487745469918174)	(75, 37.80504858671206)	(80, 37.669646393866046)	(85, 37.72105421651861)	(90, 37.42434936702996)	(95, 37.79937158091536)	(100, 37.82241062793539)	(105, 37.63742478731969)	(110, 37.10820896818917)	(115, 37.11520155202804)	(120, 36.98558572123515)	(125, 36.81884338298316)	(130, 36.970384977901894)	(135, 36.993801071376865)	(140, 36.88179759664109)	(145, 36.61737599536702)	(150, 36.6646205000513)	(155, 36.564137044372636)	(160, 36.56588116870385)	(165, 36.21458719421794)	(170, 35.89502293365456)	(175, 36.05315974796146)	(180, 36.014008032072525)	(185, 35.789441130480114)	(190, 35.58359172752491)	(195, 35.42062790657269)	(200, 35.500152324109855)	(205, 35.434853400855616)	(210, 35.23870414669883)	(215, 35.17278397803814)	(220, 35.19085846032211)	(225, 35.18084465603317)	(230, 34.89418632936025)	(235, 34.72871042846718)	(240, 34.67418887769168)	(245, 34.47190794652357)	(250, 31.99755829082863)										
SRR3667011_2	(1, 31.770097636117256)	(2, 31.697218007667274)	(3, 32.11382772958386)	(4, 32.24095157572879)	(5, 32.456573354489755)	(6, 35.52901865857472)	(7, 35.788501407210944)	(8, 35.31728842612432)	(9, 34.66965288796748)	(10, 34.54825749064755)	(15, 37.181320577709315)	(20, 37.40921810032314)	(25, 37.77958675484417)	(30, 37.68253784412967)	(35, 37.19203532395923)	(40, 37.27120611076043)	(45, 37.53735643475592)	(50, 37.567517402805876)	(55, 37.64883916213508)	(60, 37.76763994759996)	(65, 37.48803745605279)	(70, 37.30064457095203)	(75, 37.372622212383575)	(80, 37.006687824314305)	(85, 37.07978595255745)	(90, 37.454195237212744)	(95, 37.54472531214897)	(100, 37.64040168876071)	(105, 37.29819308507557)	(110, 37.54301152487404)	(115, 37.21240516592344)	(120, 37.28676087334221)	(125, 37.01315109746916)	(130, 37.482284214376094)	(135, 36.98607618540249)	(140, 37.27855930780056)	(145, 37.09495502904434)	(150, 37.25782941047252)	(155, 37.12840589939041)	(160, 36.901418237572194)	(165, 36.99663703590873)	(170, 36.67184292829839)	(175, 36.643229468319234)	(180, 35.97414663606112)	(185, 36.02651136929653)	(190, 35.91062910493577)	(195, 35.62034310602462)	(200, 35.88124616293482)	(205, 35.42266329970231)	(210, 35.37401220910702)	(215, 34.71260410754208)	(220, 34.35230803090502)	(225, 34.142524195370015)	(230, 34.482142050423676)	(235, 34.04106986684583)	(240, 33.33987813919007)	(245, 33.645679139879185)	(250, 30.625242061872335)										
SRR3667012_1	(1, 33.29266076146774)	(2, 33.45173649872939)	(3, 33.519900595194684)	(4, 33.53543960821492)	(5, 33.62262076393603)	(6, 35.360477053309474)	(7, 36.131599172000605)	(8, 36.40923140787946)	(9, 36.750035060949955)	(10, 34.947620623692224)	(15, 37.47757726030932)	(20, 37.89626783199915)	(25, 37.941620432960654)	(30, 38.4265733951902)	(35, 38.28121350155109)	(40, 38.10258665664391)	(45, 37.6062122393569)	(50, 38.32150049646305)	(55, 38.24387157344343)	(60, 37.81037308072192)	(65, 37.451482683681036)	(70, 37.54093725373417)	(75, 38.12378385881823)	(80, 37.85863484070332)	(85, 37.874117750409354)	(90, 37.658112796559735)	(95, 38.13188797124951)	(100, 38.05824645044923)	(105, 37.64891748641244)	(110, 37.478073485154745)	(115, 37.49496656078939)	(120, 37.00389906795669)	(125, 37.25550750845192)	(130, 37.327898885741284)	(135, 37.429432512580874)	(140, 37.3482240744069)	(145, 37.06393669122933)	(150, 36.959826563623295)	(155, 37.00852803738318)	(160, 37.000027920220354)	(165, 36.754520843396506)	(170, 36.185556217072374)	(175, 36.261669718381064)	(180, 36.356976443760466)	(185, 35.981691606436485)	(190, 35.812828153747944)	(195, 35.75032775190838)	(200, 35.70658705506345)	(205, 35.7050165420629)	(210, 35.61776319854407)	(215, 35.45578691351507)	(220, 35.8221141261915)	(225, 35.689904567182126)	(230, 35.314211569895136)	(235, 35.549602035600536)	(240, 35.35094630946193)	(245, 35.36008874908723)	(250, 35.04874860271504)	(255, 33.40923644286409)									
SRR3667012_2	(1, 31.3975631237343)	(2, 31.0254738837996)	(3, 32.34196487173302)	(4, 32.67819657692933)	(5, 32.467208194725714)	(6, 36.02501388413618)	(7, 35.871805947459066)	(8, 35.59460005273167)	(9, 34.98001806340142)	(10, 34.771480020868275)	(15, 37.278119162351835)	(20, 37.532603317607325)	(25, 37.71064113855526)	(30, 37.72978497820612)	(35, 37.328682100964315)	(40, 37.248076696529246)	(45, 37.502303925143465)	(50, 37.61026472419655)	(55, 37.73831495818541)	(60, 37.6197709199679)	(65, 37.4427373754555)	(70, 37.335618160390595)	(75, 37.56611354658379)	(80, 37.15433467392798)	(85, 37.12977335641521)	(90, 37.74939424901474)	(95, 37.86447464087141)	(100, 38.03654426344828)	(105, 37.472459911063204)	(110, 37.76744486367515)	(115, 37.46536297366644)	(120, 37.5259179881928)	(125, 37.25875765863411)	(130, 37.9818541198241)	(135, 37.45797505181157)	(140, 37.58123213272751)	(145, 37.43853321276727)	(150, 37.73528747704283)	(155, 37.37539329061101)	(160, 37.14430080558534)	(165, 37.1255584325135)	(170, 37.0514752054279)	(175, 36.977430171363096)	(180, 36.20327785984285)	(185, 36.797358131884735)	(190, 36.371738810179046)	(195, 36.024187786465355)	(200, 36.56998629459873)	(205, 35.80016289206435)	(210, 35.486166531859446)	(215, 35.21698571043408)	(220, 35.14495820976005)	(225, 34.59449424822503)	(230, 34.92950480812438)	(235, 34.928093825829066)	(240, 33.96132019206971)	(245, 34.41831254107431)	(250, 33.07538688355279)	(255, 32.103652183116864)									
SRR3667013_1	(1, 33.350594927257895)	(2, 33.50765831279752)	(3, 33.57487192987756)	(4, 33.57708591379705)	(5, 33.663375181801314)	(6, 35.40721767389268)	(7, 36.16552227146982)	(8, 36.4339408482191)	(9, 36.76957735780656)	(10, 35.02175832617637)	(15, 37.52958236408598)	(20, 37.92921207203864)	(25, 38.0170834969725)	(30, 38.488282285107616)	(35, 38.32159045288492)	(40, 38.2968367052575)	(45, 37.885309757669766)	(50, 38.24883100055938)	(55, 38.26625050406968)	(60, 38.11481355156529)	(65, 37.839599135091404)	(70, 37.89472666200381)	(75, 38.040995086737645)	(80, 38.00057163087497)	(85, 37.82194648084345)	(90, 37.59074769663843)	(95, 38.262393250956315)	(100, 38.28767366957663)	(105, 38.10334170919358)	(110, 37.83897365489729)	(115, 37.89302040428637)	(120, 37.59485014118074)	(125, 37.34576932708166)	(130, 37.706768903971195)	(135, 37.57689989551761)	(140, 37.53146732982756)	(145, 37.2645908349092)	(150, 37.26101943717673)	(155, 37.488568245991246)	(160, 37.43688314379712)	(165, 37.10397810187464)	(170, 36.335319362053035)	(175, 36.84650761167094)	(180, 36.72571854897618)	(185, 36.62806529745227)	(190, 36.27178056878381)	(195, 36.24089337138466)	(200, 36.02768017891606)	(205, 36.1871650181118)	(210, 35.604707771882026)	(215, 35.64880902524426)	(220, 35.626135387298866)	(225, 35.565577656216945)	(230, 35.62211927449194)	(235, 35.99515310738672)	(240, 35.921189382426086)	(245, 35.79022949852555)	(250, 35.548285650435716)	(255, 32.04193581050179)									
SRR3667013_2	(1, 31.540056709061798)	(2, 31.937386981084032)	(3, 32.8155013400429)	(4, 32.52136516061094)	(5, 32.29766646958038)	(6, 36.45247702937736)	(7, 36.22093660582886)	(8, 35.91638218627675)	(9, 34.965357409509345)	(10, 35.03514235528185)	(15, 37.48235070713697)	(20, 37.77931025553604)	(25, 38.20088904617429)	(30, 38.18050313108252)	(35, 37.422555954324494)	(40, 37.56027574454517)	(45, 37.51662197887435)	(50, 37.83337502337281)	(55, 37.99273720774049)	(60, 38.05886279250497)	(65, 38.04381400440909)	(70, 37.98331743078072)	(75, 37.801593133551215)	(80, 37.75571002378907)	(85, 37.36036853625998)	(90, 38.129090445947874)	(95, 38.22287722509812)	(100, 38.345669396724794)	(105, 37.819581295144175)	(110, 38.197273107992004)	(115, 37.95110504751337)	(120, 38.00578018210941)	(125, 37.881566710848425)	(130, 38.18050505355779)	(135, 37.64899425349388)	(140, 38.09193805344121)	(145, 37.92625561806243)	(150, 38.155952663641585)	(155, 37.99013463590842)	(160, 38.054753084820696)	(165, 38.01637005759483)	(170, 37.5438420157328)	(175, 37.43411910991374)	(180, 37.32801706002432)	(185, 37.41732947063471)	(190, 37.422960318111365)	(195, 37.530354853054824)	(200, 37.55815505770302)	(205, 37.12328887775941)	(210, 37.08897274379687)	(215, 36.635856608107346)	(220, 36.35493249631936)	(225, 35.73652711156781)	(230, 36.016332998009645)	(235, 35.61229355829181)	(240, 34.64355571290412)	(245, 35.29826672844981)	(250, 34.03715584260436)	(255, 28.636961588072417)									
SRR3667014_1	(1, 33.237352014615134)	(2, 33.369281374819586)	(3, 33.38955938835105)	(4, 33.43810386907759)	(5, 33.29096000498679)	(6, 34.99578040862907)	(7, 35.66650843199026)	(8, 36.32459206620923)	(9, 36.687390614286194)	(10, 34.82742734391108)	(15, 37.22674549630546)	(20, 37.71544322491861)	(25, 37.827803271142315)	(30, 38.32942158033287)	(35, 37.99426519172768)	(40, 37.89556127757719)	(45, 37.42622968243758)	(50, 38.210342843442824)	(55, 38.131694709636584)	(60, 37.84740198398574)	(65, 37.41251367192213)	(70, 37.538464156065686)	(75, 37.918053351107446)	(80, 37.78660611960123)	(85, 37.86937274327117)	(90, 37.494675589818215)	(95, 37.89670461438205)	(100, 37.965778351652645)	(105, 37.671160448834755)	(110, 37.07936305124522)	(115, 37.13941105409407)	(120, 37.0941693800141)	(125, 37.03430388768892)	(130, 37.1642409250803)	(135, 37.269445416836504)	(140, 37.11528136763613)	(145, 36.82707599163664)	(150, 36.91585352988002)	(155, 36.74910182512205)	(160, 36.84052633767186)	(165, 36.48792852929752)	(170, 36.26208226036167)	(175, 36.39738842293546)	(180, 36.33617029438985)	(185, 36.072786910402236)	(190, 35.7907400303071)	(195, 35.705455277847044)	(200, 35.784276753687685)	(205, 35.58407246849404)	(210, 35.53406000038363)	(215, 35.448734818963395)	(220, 35.55096149235122)	(225, 35.5030777161016)	(230, 35.18572189000091)	(235, 34.98473977240576)	(240, 34.896756806007794)	(245, 34.638167986023674)	(250, 32.3738191911508)										
SRR3667014_2	(1, 31.156868104204726)	(2, 31.518750809154596)	(3, 32.0567439139587)	(4, 32.42797684978734)	(5, 32.682331899631265)	(6, 35.49044118704777)	(7, 35.59792568724197)	(8, 35.452637484356345)	(9, 34.696793590057105)	(10, 34.478751000954205)	(15, 37.0084152077909)	(20, 37.268330528264066)	(25, 37.6619723712665)	(30, 37.56940412656856)	(35, 37.01194240257779)	(40, 37.09651643962388)	(45, 37.35861125278941)	(50, 37.389929513306164)	(55, 37.48726965844957)	(60, 37.60007314222346)	(65, 37.19350267182604)	(70, 36.99671212075022)	(75, 37.13553271987072)	(80, 36.71150026613216)	(85, 36.87196980958364)	(90, 37.272265192310456)	(95, 37.27467223862563)	(100, 37.46704713661984)	(105, 37.1825866376396)	(110, 37.40975395094119)	(115, 37.03740789516434)	(120, 37.142853306607456)	(125, 36.86901625389479)	(130, 37.369512843858544)	(135, 36.88640413553665)	(140, 37.17262700566813)	(145, 36.96525859160463)	(150, 37.11338924774496)	(155, 37.05586453942541)	(160, 36.764224607219305)	(165, 36.88563673680778)	(170, 36.55661385302975)	(175, 36.65485776763278)	(180, 36.02048126906182)	(185, 35.97221899861412)	(190, 35.79693570740082)	(195, 35.472601544142336)	(200, 35.8859377547595)	(205, 35.48120558193066)	(210, 35.43907255550759)	(215, 34.76847043840915)	(220, 34.24269334241281)	(225, 34.09482901658762)	(230, 34.40551577957982)	(235, 34.01750547885426)	(240, 33.34018600600143)	(245, 33.609496864336336)	(250, 30.455613666801206)										
SRR3667015_1	(1, 33.261655615754236)	(2, 33.4177375294202)	(3, 33.488821953175425)	(4, 33.48382133380275)	(5, 33.57990233470899)	(6, 35.328710857276974)	(7, 36.08897451444442)	(8, 36.36140721471369)	(9, 36.69221741936746)	(10, 34.94102007419433)	(15, 37.45286182773616)	(20, 37.82172107366623)	(25, 38.109833682137946)	(30, 38.38214120393008)	(35, 38.19640624852449)	(40, 38.128066718909025)	(45, 37.50058941387511)	(50, 38.38443436397437)	(55, 38.03742754432741)	(60, 37.77608845573447)	(65, 37.51598728389611)	(70, 37.65644322177534)	(75, 38.06767012615056)	(80, 37.638095362576465)	(85, 37.82283359145016)	(90, 37.45799494198701)	(95, 37.97149850871544)	(100, 37.97007903030877)	(105, 37.77065813827247)	(110, 37.470185283287876)	(115, 37.5997277739494)	(120, 37.19835707465107)	(125, 36.90907342851724)	(130, 37.18996205346447)	(135, 37.43742176003139)	(140, 37.3336124130135)	(145, 37.12029877494424)	(150, 37.131633593378425)	(155, 37.08537597849341)	(160, 36.97285065115674)	(165, 36.53823873782534)	(170, 36.45205977973352)	(175, 36.62088244802118)	(180, 36.459149047826166)	(185, 36.216111379405376)	(190, 35.96199885449352)	(195, 35.8104329458033)	(200, 35.777743231876855)	(205, 35.74573734736636)	(210, 35.546738265012834)	(215, 35.324532436601245)	(220, 35.778232392767805)	(225, 35.701794489716754)	(230, 35.76638746484342)	(235, 35.47612410345738)	(240, 35.14837211776879)	(245, 35.24419686779565)	(250, 35.11591359072095)	(255, 32.5164519308852)									
SRR3667015_2	(1, 31.612513935885147)	(2, 31.990526857955025)	(3, 32.42174715251563)	(4, 32.62747667572906)	(5, 32.71399325861743)	(6, 36.35819299652499)	(7, 36.0335243609052)	(8, 35.77876660081757)	(9, 34.80436299150482)	(10, 34.75123385556229)	(15, 37.33887378488861)	(20, 37.72124578663589)	(25, 37.86067896284416)	(30, 37.850473005131015)	(35, 37.34952260730697)	(40, 37.614016991830034)	(45, 37.73479961473852)	(50, 37.65730515054751)	(55, 37.858035616071135)	(60, 37.80328035809909)	(65, 37.479725304845836)	(70, 37.53547010228175)	(75, 37.787214365801816)	(80, 37.21108359092661)	(85, 37.061197687412665)	(90, 37.85249038212314)	(95, 37.973762346878246)	(100, 38.21941234651466)	(105, 37.85243028305342)	(110, 38.07616674514728)	(115, 37.48620555826962)	(120, 37.6234190750878)	(125, 37.39712361020274)	(130, 37.96014837052527)	(135, 37.77514944603591)	(140, 37.684339886362544)	(145, 37.557342995801015)	(150, 37.837262179684636)	(155, 37.56729546290766)	(160, 37.625804035248855)	(165, 37.5398372601091)	(170, 37.20533792833207)	(175, 36.94747891641752)	(180, 36.63690856212945)	(185, 36.8429237183128)	(190, 36.83262913535697)	(195, 36.71844243426591)	(200, 36.76111354714264)	(205, 36.316198532222856)	(210, 36.20234014886553)	(215, 35.88151563440437)	(220, 35.722212179880486)	(225, 35.18603079889665)	(230, 35.598902076763025)	(235, 35.33032020151943)	(240, 34.52077978084916)	(245, 34.97307644486385)	(250, 33.56226646431328)	(255, 28.58279323359195)									
SRR3667016_1	(1, 33.25139514147148)	(2, 33.38266675365912)	(3, 33.39911702659794)	(4, 33.44775015767382)	(5, 33.294447706661444)	(6, 34.99341032165459)	(7, 35.65826319566778)	(8, 36.31828363889433)	(9, 36.677853896174504)	(10, 34.87371044561884)	(15, 37.267487005502275)	(20, 37.70822296165807)	(25, 37.93777081838151)	(30, 38.34962701985603)	(35, 38.01386311737457)	(40, 37.943795915704314)	(45, 37.42122789847981)	(50, 38.27302407516147)	(55, 38.131668297775164)	(60, 37.80570670494335)	(65, 37.513106717992216)	(70, 37.601034984514754)	(75, 37.97915042800473)	(80, 37.88993927900341)	(85, 37.98265623912589)	(90, 37.54527715916208)	(95, 38.03374712923655)	(100, 38.147430231748906)	(105, 37.96381533161667)	(110, 37.379775906465305)	(115, 37.39133393259672)	(120, 37.09016498262311)	(125, 36.88944119911441)	(130, 37.258387441094555)	(135, 37.194328887960964)	(140, 37.018192099242285)	(145, 36.92034260610432)	(150, 36.97678218015581)	(155, 36.888341503516735)	(160, 36.82152404730732)	(165, 36.43340916307453)	(170, 36.4638444870191)	(175, 36.471791213571116)	(180, 36.492941368078235)	(185, 36.13866541024335)	(190, 35.86435462683451)	(195, 35.67173094154799)	(200, 35.6626938364069)	(205, 35.40463424925075)	(210, 35.528064307059246)	(215, 35.29001509371588)	(220, 35.56900958674469)	(225, 35.55434731934155)	(230, 35.45698166554296)	(235, 34.95327429953135)	(240, 34.9442044777353)	(245, 34.99316577293176)	(250, 33.85667992931229)										
SRR3667016_2	(1, 31.84010352101955)	(2, 31.96182771144603)	(3, 31.965298710336878)	(4, 32.61877297144473)	(5, 32.58899980426698)	(6, 36.1874774363324)	(7, 35.992783975990086)	(8, 35.70441704182162)	(9, 34.825775863943804)	(10, 34.676088819294925)	(15, 37.17509406059024)	(20, 37.50361758117483)	(25, 37.93480785541855)	(30, 37.84951958417607)	(35, 37.245513581696784)	(40, 37.3261451469085)	(45, 37.568778408473065)	(50, 37.714710858832994)	(55, 37.794092342489286)	(60, 37.90561144820687)	(65, 37.431205062960785)	(70, 37.042313231152136)	(75, 37.26688791843552)	(80, 36.70069246294105)	(85, 36.944238464750505)	(90, 37.297006576658084)	(95, 37.27046332382211)	(100, 37.58077284431763)	(105, 37.314513884055955)	(110, 37.554846370659064)	(115, 37.031939893252115)	(120, 37.15456257639091)	(125, 36.91169406227844)	(130, 37.39698544078782)	(135, 36.86886760445755)	(140, 37.3913650163983)	(145, 37.19761550573723)	(150, 37.236411166497035)	(155, 37.386431609990346)	(160, 37.06453965239483)	(165, 37.20705869047981)	(170, 36.92338354335127)	(175, 37.07093401072636)	(180, 36.21495252304253)	(185, 36.24250629195029)	(190, 36.03622357546759)	(195, 36.082460200087)	(200, 36.25558945168427)	(205, 35.71386130431189)	(210, 35.746903640294214)	(215, 35.284129117569016)	(220, 35.02839258036062)	(225, 34.60412008803904)	(230, 35.13031605320621)	(235, 34.54616590317799)	(240, 33.91540290531773)	(245, 34.103423852618945)	(250, 31.371119298241375)										
SRR3667017_1	(1, 33.24399303979422)	(2, 33.388984717809045)	(3, 33.43253896202149)	(4, 33.46302012407323)	(5, 33.393940081706766)	(6, 35.16993493720684)	(7, 35.895142986836134)	(8, 36.3263806929944)	(9, 36.712293841730975)	(10, 34.834620971402636)	(15, 37.31497352095627)	(20, 37.75474050537146)	(25, 37.936727190195185)	(30, 38.35733847783325)	(35, 38.12127704645181)	(40, 37.95079034764353)	(45, 37.5114307113838)	(50, 38.26846473342967)	(55, 38.16857292005538)	(60, 37.72634684783513)	(65, 37.47718472677203)	(70, 37.58529115820214)	(75, 38.01374802351357)	(80, 37.91103581796894)	(85, 37.9456929292318)	(90, 37.63377869236938)	(95, 38.124106886168654)	(100, 38.20901881023907)	(105, 38.02888696295841)	(110, 37.469221341241976)	(115, 37.569207723035944)	(120, 37.17576715893959)	(125, 37.06032319380339)	(130, 37.427763192736904)	(135, 37.303292629412745)	(140, 37.12097386778034)	(145, 36.997400396447105)	(150, 37.14364049678713)	(155, 37.033224750918706)	(160, 36.92973852253125)	(165, 36.47529582665012)	(170, 36.464633961807344)	(175, 36.49498229579638)	(180, 36.460256332657444)	(185, 36.183174953848024)	(190, 36.02144880399779)	(195, 35.64904510958278)	(200, 35.88435109594535)	(205, 35.46775416323041)	(210, 35.641518056427756)	(215, 35.318536116638555)	(220, 35.55826404073572)	(225, 35.62546505219321)	(230, 35.59248472294775)	(235, 35.1234381265842)	(240, 35.186872470018535)	(245, 35.21542445257642)	(250, 35.01625402842321)	(255, 32.36281170960869)									
SRR3667017_2	(1, 30.438296262672115)	(2, 29.948312906642457)	(3, 31.286298986230896)	(4, 32.1116129520351)	(5, 32.02915720986533)	(6, 35.81229384173097)	(7, 35.54943259192011)	(8, 35.11081101528219)	(9, 34.08875018913603)	(10, 34.123086699954605)	(15, 36.80970040853382)	(20, 37.05553638977152)	(25, 37.40558783477077)	(30, 37.37785444091391)	(35, 36.72468452110758)	(40, 36.73028748676048)	(45, 37.0422968679074)	(50, 37.229986382206086)	(55, 37.270187622938415)	(60, 37.328325011348156)	(65, 36.985997881676504)	(70, 36.59535784536238)	(75, 36.91096988954456)	(80, 36.38237479031913)	(85, 36.49971326761437)	(90, 37.03968557789059)	(95, 37.05058746094311)	(100, 37.362646156261505)	(105, 37.0024477526167)	(110, 37.23650559477065)	(115, 36.735306445145525)	(120, 36.79757900391142)	(125, 36.58271753343637)	(130, 37.14260985352863)	(135, 36.55851560431246)	(140, 37.08469226404388)	(145, 36.74414526196331)	(150, 36.94635594482297)	(155, 36.92201699991851)	(160, 36.72524040462122)	(165, 36.837509930167286)	(170, 36.58387567808856)	(175, 36.58818820787907)	(180, 35.5056827037292)	(185, 35.67558578529655)	(190, 35.462025740268494)	(195, 35.393036293891996)	(200, 35.877834018052376)	(205, 35.152352634087656)	(210, 35.179894227931996)	(215, 34.78874185713961)	(220, 34.441355516716975)	(225, 33.92476257774349)	(230, 34.504203198140786)	(235, 33.96755468460357)	(240, 33.04799685246695)	(245, 33.26900556673066)	(250, 31.888528705617524)	(255, 31.970872520244605)									
SRR3667018_1	(1, 33.29874138207472)	(2, 33.44251042167709)	(3, 33.49915824915825)	(4, 33.51747635080969)	(5, 33.60900673400673)	(6, 35.33291245791246)	(7, 36.06056597723264)	(8, 36.458363395863394)	(9, 36.736381673881674)	(10, 35.00688031104698)	(15, 37.50405242905242)	(20, 37.872264309764304)	(25, 38.13926166426167)	(30, 38.43283028699695)	(35, 38.21740420073753)	(40, 38.13071588904923)	(45, 37.5570076060337)	(50, 38.388293416173966)	(55, 38.13649640427322)	(60, 37.885584998043484)	(65, 37.56654225111873)	(70, 37.660480337852746)	(75, 38.20984805544171)	(80, 37.832610179015816)	(85, 38.03438097906394)	(90, 37.647004265997495)	(95, 38.24800983564448)	(100, 38.18466356819482)	(105, 37.90567692188557)	(110, 37.4921002700505)	(115, 37.590629839726724)	(120, 37.40493370574244)	(125, 37.30720525332851)	(130, 37.50862501757134)	(135, 37.595031022118015)	(140, 37.38792625617545)	(145, 37.2124954813833)	(150, 37.239846166204764)	(155, 37.22579635863983)	(160, 37.07472156665829)	(165, 36.689221190057744)	(170, 36.52378716341406)	(175, 36.61486532629)	(180, 36.534571273625644)	(185, 36.315891913747166)	(190, 36.03203523147326)	(195, 35.934193055932184)	(200, 36.00078339208774)	(205, 35.694607651129395)	(210, 35.684662273243816)	(215, 35.51879513473881)	(220, 35.886887699245705)	(225, 35.728495525446206)	(230, 35.647475467794266)	(235, 35.427134750915094)	(240, 35.32454350053233)	(245, 35.15799401378035)	(250, 35.29457531675739)	(255, 33.29087525270502)									
SRR3667018_2	(1, 31.341690716690717)	(2, 31.14886964886965)	(3, 32.07411415744749)	(4, 32.20823312489979)	(5, 32.51130351130351)	(6, 35.75359748276415)	(7, 35.704826038159375)	(8, 35.453322911656244)	(9, 34.67184744268078)	(10, 34.62213003046336)	(15, 37.219821228154565)	(20, 37.54048420715087)	(25, 37.736676286676285)	(30, 37.731046576879905)	(35, 37.20552950136283)	(40, 37.28661616161616)	(45, 37.42773448854989)	(50, 37.47823028359555)	(55, 37.58975110832795)	(60, 37.193841368584756)	(65, 37.43540496066784)	(70, 37.43283678025713)	(75, 37.6025641660448)	(80, 37.05505303402808)	(85, 36.94078639512472)	(90, 37.694755332496854)	(95, 37.507434751590765)	(100, 37.836844377076666)	(105, 37.5671970785534)	(110, 37.8055515957073)	(115, 37.33030922796682)	(120, 37.411801231053005)	(125, 36.89272353029771)	(130, 37.805881821376566)	(135, 37.11152877023295)	(140, 37.55470584100654)	(145, 37.13274558435169)	(150, 37.496950466416976)	(155, 37.08840176904879)	(160, 37.14446196334421)	(165, 37.163966859151394)	(170, 36.96587128642786)	(175, 36.907992046116455)	(180, 36.22658525317854)	(185, 36.33992391571705)	(190, 36.15406547096205)	(195, 36.10603714081975)	(200, 36.37870378739943)	(205, 35.82361826709653)	(210, 35.720944118235664)	(215, 35.32691260809738)	(220, 35.04582709679886)	(225, 34.745376750165725)	(230, 35.124788573953914)	(235, 35.04604226676965)	(240, 34.101465433251974)	(245, 34.42046785387853)	(250, 32.98487120057566)	(255, 32.211530984044245)									
SRR3667019_1	(1, 33.44206661857298)	(2, 33.44059359195652)	(3, 33.48200074784428)	(4, 33.459742937970475)	(5, 33.867680662937516)	(6, 37.78336310861494)	(7, 37.791090832864356)	(8, 37.74355739704866)	(9, 37.86892707007452)	(10, 37.51102012758677)	(15, 37.55587492115531)	(20, 37.640642692843734)	(25, 37.5661626901243)	(30, 37.41516159857381)	(35, 37.40124489634047)	(40, 37.42247989696368)	(45, 36.98075320760988)	(50, 37.37265533821069)	(55, 37.12727906742914)	(60, 37.0068386721509)	(65, 37.333930102470546)	(70, 36.927427676910916)	(75, 36.9934309822555)	(80, 36.7142983403712)	(85, 36.945730062925385)	(90, 36.546843532584475)	(95, 36.82332516322312)	(100, 36.67959751772379)	(105, 35.95056750152027)	(110, 36.50001926294677)	(115, 36.22785397685247)	(120, 35.59989726389581)	(125, 35.32392723704724)	(130, 35.434305433068495)	(135, 35.28138936749443)	(140, 35.39577768698042)	(145, 35.432063334982686)	(150, 35.454179965325906)	(155, 35.21372459405252)	(160, 35.17044014942343)	(165, 35.40871908339808)	(170, 34.737915769593954)	(175, 34.86075240793201)	(180, 34.971138054768645)	(185, 35.0432657223796)	(190, 34.66034825306893)	(195, 34.562355429650616)	(200, 33.84863456090652)	(205, 34.54717658168083)	(210, 33.86084003777149)	(215, 33.93997884796978)	(220, 33.30488234183191)	(225, 33.22434976392823)	(230, 33.56815939565628)	(235, 31.75549310670444)	(240, 31.436800755429648)	(245, 30.890114447592065)	(250, 31.227392634560907)	(255, 28.718904627006612)	(260, 29.370196033994336)	(265, 29.424075542965056)	(270, 28.350315391879132)	(275, 28.73237242681775)	(280, 29.366131822474035)	(285, 28.134898583569406)	(290, 25.67689623001409)	(295, 25.129420197865812)	(300, 18.479642766968475)
SRR3667019_2	(1, 32.68147499065195)	(2, 33.198560210907196)	(3, 33.7661929060549)	(4, 33.51161991380906)	(5, 33.35993216523582)	(6, 37.200282518951056)	(7, 36.17996985960923)	(8, 36.02623498173825)	(9, 36.99642318921593)	(10, 37.226438939269755)	(15, 37.20220500753509)	(20, 37.02388569313457)	(25, 36.89958339785693)	(30, 37.0692005242464)	(35, 36.525965682256825)	(40, 36.727586011534925)	(45, 36.66900034370621)	(50, 36.90868896854143)	(55, 36.629569837376735)	(60, 36.13870946465442)	(65, 36.219197081119056)	(70, 36.26270958871426)	(75, 36.89366213674374)	(80, 36.43556002084922)	(85, 35.987758632411484)	(90, 36.718361673679354)	(95, 35.86647046044952)	(100, 36.51546739085275)	(105, 36.09577386055893)	(110, 36.39515705026515)	(115, 36.28118781074044)	(120, 35.87181809597553)	(125, 34.903316740111634)	(130, 36.36305070671829)	(135, 35.06979414779404)	(140, 35.119760359062994)	(145, 34.40795542965061)	(150, 34.83574088762984)	(155, 34.020670066100095)	(160, 34.53055939565628)	(165, 34.43556505213584)	(170, 33.395346535775396)	(175, 32.544984872464106)	(180, 33.2502710114108)	(185, 33.09521924539847)	(190, 32.58921015754545)	(195, 32.7672610661419)	(200, 31.39682416175321)	(205, 28.10211785502495)	(210, 29.565157942050774)	(215, 28.779641849449852)	(220, 27.391996948052686)	(225, 24.46697891210165)	(230, 27.89092310074825)	(235, 27.109085209009287)	(240, 24.564190233013157)	(245, 25.94519563813272)	(250, 22.499937676818426)	(255, 20.674237863032534)	(260, 21.575131161968507)	(265, 22.28000483476803)	(270, 18.563409115804028)	(275, 18.263630835243948)	(280, 16.643355782269246)	(285, 17.1111301647976)	(290, 14.128041439638583)	(295, 15.261540767533457)	(300, 12.239031684338396)
SRR3667020_1	(1, 33.26066591627029)	(2, 33.399767619185944)	(3, 33.45719109691006)	(4, 33.48504048509495)	(5, 33.43772012635707)	(6, 35.18446134853491)	(7, 35.92809810827494)	(8, 36.339847863185796)	(9, 36.71517918739334)	(10, 34.89291964707164)	(15, 37.35969463708652)	(20, 37.777620638321046)	(25, 37.95920990523219)	(30, 38.38474274717694)	(35, 37.92808176899895)	(40, 37.953892378635494)	(45, 37.4719817726299)	(50, 38.24372027159508)	(55, 37.912040132477514)	(60, 37.72096802011564)	(65, 37.37768397737897)	(70, 37.47180813884879)	(75, 37.96385900892314)	(80, 37.69095975962891)	(85, 37.74137596107586)	(90, 37.4844003885152)	(95, 37.965374944400565)	(100, 37.95458910886595)	(105, 37.75708693838966)	(110, 37.33847787803417)	(115, 37.3661135418747)	(120, 37.16012962727619)	(125, 37.11884678927398)	(130, 37.33721246890942)	(135, 37.40231477278917)	(140, 37.27866596467022)	(145, 36.97488426136054)	(150, 36.94280604927288)	(155, 37.083780683433865)	(160, 36.98633817775801)	(165, 36.549036410344854)	(170, 36.26413522026852)	(175, 36.48488989417133)	(180, 36.36818809005083)	(185, 36.18749818445897)	(190, 35.86015068990559)	(195, 35.64894698620189)	(200, 35.86058097312999)	(205, 35.6820406681191)	(210, 35.48518518518519)	(215, 35.41596405228758)	(220, 35.57017973856209)	(225, 35.557210580404664)	(230, 35.39632712715256)	(235, 35.16383409435453)	(240, 35.14454510793588)	(245, 34.92480714394633)	(250, 34.49286172298332)	(255, 33.2876928736206)									
SRR3667020_2	(1, 29.4750462946153)	(2, 29.078446679496025)	(3, 31.43192876075669)	(4, 31.903589194292145)	(5, 31.104571366326567)	(6, 34.76009404161069)	(7, 34.71271014124396)	(8, 34.56351439671762)	(9, 33.32826513198504)	(10, 33.648888929232776)	(15, 36.350840564975854)	(20, 36.56554954431574)	(25, 36.71231436767002)	(30, 36.759954250027235)	(35, 36.12129189208816)	(40, 36.04135107657674)	(45, 36.44433027123198)	(50, 36.47028974982753)	(55, 36.5992733421247)	(60, 36.353585142016826)	(65, 36.33190454145221)	(70, 36.16770785109338)	(75, 36.47231466100233)	(80, 36.016684367709665)	(85, 35.80901754672621)	(90, 36.672650526946434)	(95, 36.650971741873406)	(100, 36.9035374853626)	(105, 36.55378807235418)	(110, 36.79304478858408)	(115, 36.3462954557833)	(120, 36.416493890815346)	(125, 35.89971314972495)	(130, 36.740928813928576)	(135, 36.17896552350176)	(140, 36.56664730124725)	(145, 36.23887365879341)	(150, 36.426190519416856)	(155, 35.919085988102644)	(160, 35.95189586151179)	(165, 36.02794636940478)	(170, 35.557908878822815)	(175, 35.36065187643395)	(180, 34.663632897603485)	(185, 34.65474582425562)	(190, 34.788099302498274)	(195, 34.58957869987926)	(200, 34.89441988398588)	(205, 34.239893245218276)	(210, 34.17557530478672)	(215, 33.34050418032117)	(220, 32.8782614221262)	(225, 32.33505375653629)	(230, 32.97740336607418)	(235, 32.61334628442782)	(240, 31.30864856522963)	(245, 31.771992682344113)	(250, 29.854229093059825)	(255, 28.850186181122552)									
SRR3667021_1	(1, 33.21406288920256)	(2, 33.34276513219543)	(3, 33.37477908121508)	(4, 33.4219163296049)	(5, 33.276815685530266)	(6, 34.99433617611823)	(7, 35.679694450045666)	(8, 36.33748680417996)	(9, 36.686022512958594)	(10, 34.79158788712681)	(15, 37.19783647858422)	(20, 37.71332155099814)	(25, 37.75485546870367)	(30, 38.31886794690833)	(35, 38.010273168301566)	(40, 37.771079507039744)	(45, 37.35818227137712)	(50, 38.15385171961829)	(55, 38.12301542585684)	(60, 37.949578945703486)	(65, 37.348249234929895)	(70, 37.57722937869191)	(75, 37.98001328493821)	(80, 37.85939079069105)	(85, 37.830064289611656)	(90, 37.449196578163594)	(95, 37.85798791300686)	(100, 37.96264052075926)	(105, 37.67305972362256)	(110, 36.8825419607378)	(115, 36.97281062807663)	(120, 37.02633414388233)	(125, 37.12727477611055)	(130, 37.235844905340194)	(135, 37.324452431364875)	(140, 37.21609404005718)	(145, 36.85226530019156)	(150, 36.90865019067784)	(155, 36.614158200333314)	(160, 36.83390329104615)	(165, 36.504803420932454)	(170, 36.23895355170015)	(175, 36.477704849864224)	(180, 36.30181132344045)	(185, 36.15555173334124)	(190, 35.70848432727381)	(195, 35.54129118353548)	(200, 35.717815011417215)	(205, 35.35071676403428)	(210, 35.645993180875074)	(215, 35.50368841067437)	(220, 35.59004884395405)	(225, 35.67792315630894)	(230, 35.31691083142549)	(235, 35.061181397103795)	(240, 35.0168778173191)	(245, 34.67786967415069)	(250, 33.51818939424663)										
SRR3667021_2	(1, 31.230823063328074)	(2, 32.17194301778026)	(3, 32.21138814096101)	(4, 32.51457174374607)	(5, 32.75951581719193)	(6, 36.12359590544083)	(7, 35.79200422266241)	(8, 35.37278043341597)	(9, 34.66697901716346)	(10, 34.48685399788867)	(15, 36.987227632343696)	(20, 37.19922782212628)	(25, 37.68750756164968)	(30, 37.51167874553714)	(35, 36.981461800325)	(40, 37.016416193198665)	(45, 37.30927087904919)	(50, 37.333222626828146)	(55, 37.465234203565544)	(60, 37.65087045724563)	(65, 37.11507297776565)	(70, 36.87352576610344)	(75, 37.187589331783435)	(80, 36.871400188597555)	(85, 36.89265121906377)	(90, 37.454238333092874)	(95, 37.47988755248737)	(100, 37.68858444238844)	(105, 37.27741797736816)	(110, 37.486049628733426)	(115, 37.13775176144047)	(120, 37.26062083362988)	(125, 37.21721822883306)	(130, 37.639893577709195)	(135, 37.09539472513656)	(140, 37.23564417505382)	(145, 36.87230844962666)	(150, 37.22468878068454)	(155, 37.18791775151088)	(160, 36.88835603845538)	(165, 36.894655380685364)	(170, 36.608277941830885)	(175, 36.67946167164038)	(180, 36.05776984348218)	(185, 36.11503861072559)	(190, 35.71410981815594)	(195, 35.21162829318055)	(200, 35.81877987734719)	(205, 35.52546884452511)	(210, 35.46873142529705)	(215, 34.77612345218073)	(220, 34.162436200657666)	(225, 34.11442975510519)	(230, 34.32997159006661)	(235, 34.05015954733633)	(240, 33.337446768128494)	(245, 33.642531662387306)	(250, 29.86628868980594)										
SRR3667022_1	(1, 33.16646066334495)	(2, 33.289395462224405)	(3, 33.31788379701901)	(4, 33.37425742574258)	(5, 33.221542672625795)	(6, 34.94676560528623)	(7, 35.63622094390865)	(8, 36.298535166691615)	(9, 36.66183093471334)	(10, 34.75153176656759)	(15, 37.162363406967046)	(20, 37.67109894574771)	(25, 37.74700938776383)	(30, 38.28230524132327)	(35, 37.91481727006394)	(40, 37.80201526848149)	(45, 37.32962384791395)	(50, 38.133494429356546)	(55, 38.02879627055578)	(60, 37.78392660864359)	(65, 37.299362316361226)	(70, 37.46443042576396)	(75, 37.87913692449159)	(80, 37.747626114663305)	(85, 37.76348510587441)	(90, 37.42222878014148)	(95, 37.82169245639697)	(100, 37.90064324634111)	(105, 37.61834706219473)	(110, 36.968776424667915)	(115, 37.022941793875944)	(120, 36.98718885258241)	(125, 36.950869891536684)	(130, 37.06525441489066)	(135, 37.19547495829947)	(140, 37.05895812839485)	(145, 36.71394143996646)	(150, 36.79741669482355)	(155, 36.602747484575026)	(160, 36.74031915212119)	(165, 36.37620882191987)	(170, 36.10182502512778)	(175, 36.27428312985058)	(180, 36.16886010872402)	(185, 35.989572374298646)	(190, 35.619570443673055)	(195, 35.52269323056788)	(200, 35.640151586968294)	(205, 35.375135907339214)	(210, 35.42042523706261)	(215, 35.33029327076215)	(220, 35.377853510069265)	(225, 35.408699036767096)	(230, 35.03619807516523)	(235, 34.84254039643288)	(240, 34.76492195842962)	(245, 34.476690826228285)	(250, 32.77077065949459)										
SRR3667022_2	(1, 32.56629814169322)	(2, 31.270688364732802)	(3, 32.208177405213526)	(4, 32.41223189273571)	(5, 32.4445309325749)	(6, 36.13479460257041)	(7, 35.83527575219725)	(8, 35.34196266278896)	(9, 34.65908089729059)	(10, 34.53030216196566)	(15, 37.03051130167013)	(20, 37.26014840792934)	(25, 37.687441780895156)	(30, 37.526760045334996)	(35, 36.99238201141928)	(40, 37.02432179287043)	(45, 37.33029018668606)	(50, 37.371949618287964)	(55, 37.48008468233432)	(60, 37.61111391484721)	(65, 37.20453606483758)	(70, 37.00452665568933)	(75, 37.170770908624334)	(80, 36.81603404400915)	(85, 36.95388469294984)	(90, 37.381551147493305)	(95, 37.41444395972867)	(100, 37.589352220140796)	(105, 37.23003156355052)	(110, 37.46037563487431)	(115, 37.11403326073061)	(120, 37.214337221088826)	(125, 37.06315765741131)	(130, 37.51186535384549)	(135, 37.02152535413673)	(140, 37.256737151851084)	(145, 37.00326988384226)	(150, 37.20685693755961)	(155, 37.13243671444722)	(160, 36.85183379311819)	(165, 36.95401532907906)	(170, 36.652005953704816)	(175, 36.71193221672854)	(180, 36.0291962498503)	(185, 36.073122405904186)	(190, 35.79488971484541)	(195, 35.38875891241772)	(200, 35.871887015992094)	(205, 35.50742034961057)	(210, 35.436730067621035)	(215, 34.77563896038672)	(220, 34.24788154079093)	(225, 34.11562262085012)	(230, 34.37987698993165)	(235, 34.037372756379874)	(240, 33.34407698887939)	(245, 33.64401233103544)	(250, 30.387653708523708)										
SRR3667023_1	(1, 33.236580542483686)	(2, 33.35949518044897)	(3, 33.383668006503285)	(4, 33.439301969431135)	(5, 33.28388807145033)	(6, 34.955373574189345)	(7, 35.624615529807436)	(8, 36.32696589207809)	(9, 36.681991137345406)	(10, 34.83794726162847)	(15, 37.227520558699)	(20, 37.71864803764698)	(25, 37.77770866489642)	(30, 38.321825895595694)	(35, 37.88865126294406)	(40, 37.90207556866261)	(45, 37.42110925696342)	(50, 38.14315411971121)	(55, 37.980581782927445)	(60, 37.71717765356418)	(65, 37.33254801360725)	(70, 37.45319611687136)	(75, 37.79939256405747)	(80, 37.670816352794816)	(85, 37.71218452394783)	(90, 37.40596287573624)	(95, 37.735697892402264)	(100, 37.78497698501559)	(105, 37.54772059422845)	(110, 36.985846964295675)	(115, 36.992462753475834)	(120, 36.838101489002995)	(125, 36.652954626376506)	(130, 36.62217246009378)	(135, 36.68018063029266)	(140, 36.53616102840323)	(145, 36.236229167113535)	(150, 36.27510124236393)	(155, 36.1847759384982)	(160, 36.22005551922164)	(165, 35.86279329824617)	(170, 35.53391409257129)	(175, 35.7324535490131)	(180, 35.64934597515432)	(185, 35.46422554722659)	(190, 35.18427889798237)	(195, 35.03945907448881)	(200, 35.17126098505567)	(205, 35.05559694006582)	(210, 34.8725189103843)	(215, 34.84886209750441)	(220, 34.84756670014908)	(225, 34.84712253772545)	(230, 34.530759824428166)	(235, 34.37888995575846)	(240, 34.32469411658484)	(245, 34.096440917446685)	(250, 32.03281436040089)										
SRR3667023_2	(1, 32.54624581211687)	(2, 31.37575338998683)	(3, 31.965870629265634)	(4, 32.31684633632616)	(5, 32.54072917426313)	(6, 35.72240072411234)	(7, 35.72257660447937)	(8, 35.19988160248463)	(9, 34.546494618489746)	(10, 34.50439486429328)	(15, 37.04340384277153)	(20, 37.26947789269581)	(25, 37.64650019518431)	(30, 37.52803318562242)	(35, 37.016665737217565)	(40, 37.071846932299536)	(45, 37.3325171270339)	(50, 37.36378206090661)	(55, 37.473773438404876)	(60, 37.54947299784223)	(65, 37.310266782777305)	(70, 37.09177516290522)	(75, 37.17368807134799)	(80, 36.782778945562185)	(85, 36.77248035402633)	(90, 37.07672376441922)	(95, 37.10197608457193)	(100, 37.15877447363454)	(105, 36.8221432872136)	(110, 37.0896369478394)	(115, 36.792654875228976)	(120, 36.81083914580661)	(125, 36.47679956880803)	(130, 36.95327413310222)	(135, 36.457122776861794)	(140, 36.74004710364088)	(145, 36.52962823141801)	(150, 36.68264376013353)	(155, 36.51395012905344)	(160, 36.31235188633107)	(165, 36.41063538867939)	(170, 36.0670727596399)	(175, 36.05766636922126)	(180, 35.43189607448848)	(185, 35.44156954959082)	(190, 35.314388677480665)	(195, 34.975944365553666)	(200, 35.303335578503)	(205, 34.881899659413605)	(210, 34.810295593976576)	(215, 34.10964518176327)	(220, 33.71116955326077)	(225, 33.5099271093874)	(230, 33.81312545851584)	(235, 33.410810462956206)	(240, 32.62411730195382)	(245, 33.00999580354947)	(250, 29.895058399800362)										
SRR3667024_1	(1, 33.23564361501417)	(2, 33.372866288477155)	(3, 33.42855224195601)	(4, 33.46956683017927)	(5, 33.41771180424536)	(6, 35.17366445167851)	(7, 35.92563907418185)	(8, 36.344143925197784)	(9, 36.71337754782264)	(10, 34.83726552357076)	(15, 37.303722842944765)	(20, 37.77439098484897)	(25, 37.90031146272361)	(30, 38.36846359979278)	(35, 38.05214154605747)	(40, 37.84232567361009)	(45, 37.35414398915317)	(50, 38.19665897070204)	(55, 38.01394913878605)	(60, 37.96790595639355)	(65, 37.41549698438789)	(70, 37.60072784020774)	(75, 38.072938635856254)	(80, 38.00015861848418)	(85, 37.872738689061535)	(90, 37.45247396832706)	(95, 37.906656944764244)	(100, 37.99455701384092)	(105, 37.71596566633408)	(110, 37.09228515874843)	(115, 37.23710700080047)	(120, 37.16532200809737)	(125, 37.22508199934336)	(130, 37.46477804733947)	(135, 37.51460551984394)	(140, 37.44383127058748)	(145, 37.09683646318375)	(150, 37.056458834365245)	(155, 36.873650411912195)	(160, 37.000080568900536)	(165, 36.65829618211241)	(170, 36.444312825006556)	(175, 36.77665773331713)	(180, 36.483660925017425)	(185, 36.32293227071247)	(190, 35.87476573484162)	(195, 35.6125468524133)	(200, 35.87036880684653)	(205, 35.37861739008072)	(210, 35.76082946361183)	(215, 35.497983907075515)	(220, 35.7526699490628)	(225, 35.9202218228104)	(230, 35.6557873864654)	(235, 35.329004733273635)	(240, 35.30512089036715)	(245, 34.96279245031927)	(250, 33.915024752977196)	(255, 26.665097586457875)									
SRR3667024_2	(1, 30.864363420078153)	(2, 32.078793033979494)	(3, 31.97782666811632)	(4, 32.54768833261917)	(5, 32.2851322917133)	(6, 35.735717163706596)	(7, 35.687322124086236)	(8, 35.67140362882853)	(9, 34.651059420947945)	(10, 34.645101337307096)	(15, 37.02651334429102)	(20, 37.3114192339424)	(25, 37.67706112216118)	(30, 37.55585671435607)	(35, 36.94056626097634)	(40, 37.00773476422847)	(45, 37.230710096636585)	(50, 37.342392826764055)	(55, 37.51055935129769)	(60, 37.514492206737316)	(65, 37.0688608469297)	(70, 36.84040708296323)	(75, 37.18768529001038)	(80, 36.895936040933805)	(85, 36.66775069269497)	(90, 37.54956379358866)	(95, 37.542679151636094)	(100, 37.80742318417889)	(105, 37.33447181927495)	(110, 37.54468749200502)	(115, 37.103363528994905)	(120, 37.236903810114676)	(125, 37.252057136636616)	(130, 37.70751960911408)	(135, 37.19524513096038)	(140, 37.31120662637117)	(145, 36.92841554520801)	(150, 37.33414479701681)	(155, 37.29537235437468)	(160, 37.128205943652816)	(165, 36.97351831241765)	(170, 36.75617300533446)	(175, 36.6930242673114)	(180, 36.292819587826685)	(185, 36.298134858195496)	(190, 35.959584527355055)	(195, 35.57688258358333)	(200, 36.171329337793665)	(205, 35.79339904439654)	(210, 35.670163296895886)	(215, 34.98015747628581)	(220, 34.66761763292081)	(225, 34.26939490853268)	(230, 34.513512303391984)	(235, 34.27921887692771)	(240, 33.362939509655305)	(245, 33.883357301461274)	(250, 32.455974346508604)	(255, 31.518407531701946)									
SRR3667025_1	(1, 33.32823170731707)	(2, 33.48700750469043)	(3, 33.54907598499062)	(4, 33.56036585365854)	(5, 33.65446998123827)	(6, 35.39238742964353)	(7, 36.1543808630394)	(8, 36.42225140712946)	(9, 36.7546904315197)	(10, 34.99538367729831)	(15, 37.51221575984991)	(20, 37.88348123827392)	(25, 38.028242964352714)	(30, 38.4377879924953)	(35, 38.33846334162612)	(40, 38.06480219754819)	(45, 37.69365902171516)	(50, 38.37312367182845)	(55, 38.30975655677355)	(60, 37.83968624065829)	(65, 37.52615020853174)	(70, 37.64833620289271)	(75, 38.23923697691362)	(80, 37.98058886449361)	(85, 37.957057093128334)	(90, 37.745627360371564)	(95, 38.25186179071568)	(100, 38.19316178367854)	(105, 37.96439831391881)	(110, 37.68595315058339)	(115, 37.64794347669023)	(120, 37.438083799747595)	(125, 37.21542943734723)	(130, 37.55913507325793)	(135, 37.558276526969145)	(140, 37.45028797076505)	(145, 37.16035824704784)	(150, 37.31839059428469)	(155, 37.205274294266395)	(160, 37.136622143403386)	(165, 36.71955185647396)	(170, 36.29009928348148)	(175, 36.49784179412593)	(180, 36.42514202720548)	(185, 36.22923137995624)	(190, 36.05023152031608)	(195, 36.032646607581036)	(200, 36.0009712725424)	(205, 35.790799078289865)	(210, 35.487437444757084)	(215, 35.52883811148601)	(220, 35.698465277549694)	(225, 35.72794934871175)	(230, 35.50573564136518)	(235, 35.496163268769216)	(240, 35.28189653958945)	(245, 35.28739818695671)	(250, 35.45818227443796)	(255, 33.8642456104109)									
SRR3667025_2	(1, 33.14931050656661)	(2, 33.09367729831145)	(3, 32.964469981238274)	(4, 32.90666979362101)	(5, 33.01965290806754)	(6, 36.026346153846156)	(7, 35.992865853658536)	(8, 35.84635553470919)	(9, 35.1334756097561)	(10, 35.03988742964353)	(15, 37.37597842401501)	(20, 37.69917260787993)	(25, 38.05865478424015)	(30, 38.02752251407129)	(35, 37.536651922595766)	(40, 37.525718888471815)	(45, 37.67511305424728)	(50, 37.798100125720076)	(55, 37.82309329071747)	(60, 37.655945092630375)	(65, 37.75932613682744)	(70, 37.64421769664898)	(75, 37.70296831823523)	(80, 37.267574287617634)	(85, 37.4151896286467)	(90, 37.87984631046599)	(95, 37.74043733023077)	(100, 37.996625961146016)	(105, 37.769711482062164)	(110, 37.95972845796212)	(115, 37.49140851876352)	(120, 37.59405966606147)	(125, 37.178917491191775)	(130, 38.053211542882345)	(135, 37.419089574155656)	(140, 37.86700857516458)	(145, 37.65613391445501)	(150, 37.81218396520743)	(155, 37.46632168107756)	(160, 37.47568883738605)	(165, 37.57965732730309)	(170, 37.432289230551156)	(175, 37.338022829743416)	(180, 36.71530768996546)	(185, 36.90739499416527)	(190, 36.76939616726224)	(195, 36.502822557943134)	(200, 36.93722886857003)	(205, 36.469148163719545)	(210, 36.43922658031344)	(215, 35.96360369152235)	(220, 35.777228865423005)	(225, 35.435372393750676)	(230, 35.76945688547242)	(235, 35.68151269178436)	(240, 34.84479331863182)	(245, 35.078690551569274)	(250, 33.863933199759174)	(255, 33.40456963980925)									
SRR3667026_1	(1, 33.26096555039662)	(2, 33.42603393089837)	(3, 33.48032083802487)	(4, 33.49924091949951)	(5, 33.47037688346849)	(6, 35.23565021570538)	(7, 36.0139734068798)	(8, 36.301045000822334)	(9, 36.71241602671963)	(10, 34.89818453246967)	(15, 37.35605050415597)	(20, 37.78220209253191)	(25, 37.91450855863264)	(30, 38.374462001695285)	(35, 38.13498396967924)	(40, 38.08166466663918)	(45, 37.46903538825054)	(50, 38.27403072113143)	(55, 38.166236376197524)	(60, 37.886202919185486)	(65, 37.61388877590493)	(70, 37.703170619207256)	(75, 37.9362915411421)	(80, 37.88767053907758)	(85, 37.86462215534876)	(90, 37.545453819705145)	(95, 38.00039200416225)	(100, 38.11848895532354)	(105, 37.98820947846828)	(110, 37.41714249575925)	(115, 37.49340300870942)	(120, 37.41566718297485)	(125, 37.200424738282074)	(130, 37.3969741106032)	(135, 37.50721121349629)	(140, 37.367728279551834)	(145, 37.10138411153975)	(150, 37.18088154936096)	(155, 37.09347846293129)	(160, 37.09663375109561)	(165, 36.666332587885734)	(170, 36.351143957079735)	(175, 36.53571008818242)	(180, 36.497007422240074)	(185, 36.264620011619456)	(190, 35.89478799456335)	(195, 35.91082593458684)	(200, 35.742628427530896)	(205, 35.75239882810706)	(210, 35.35339635101205)	(215, 35.38935459661328)	(220, 35.45261049944371)	(225, 35.37382389397476)	(230, 35.312776202601015)	(235, 35.26479899976154)	(240, 35.18444024510246)	(245, 35.1042645335866)	(250, 35.08375305441263)	(255, 33.32990468458933)									
SRR3667026_2	(1, 31.280549827309187)	(2, 31.360746682185646)	(3, 32.18698682995332)	(4, 32.26956846273547)	(5, 32.45153903571474)	(6, 35.82107840036436)	(7, 35.676884733626004)	(8, 35.38622648431866)	(9, 34.53765671849499)	(10, 34.470780461267914)	(15, 37.04596232430449)	(20, 37.28101919208532)	(25, 37.56903710638513)	(30, 37.56543526941032)	(35, 36.9922758200813)	(40, 37.12437911942216)	(45, 37.237777435056024)	(50, 37.401153860421175)	(55, 37.5004472332345)	(60, 37.44742498032921)	(65, 37.344180771498955)	(70, 37.27125761419346)	(75, 37.406246486823804)	(80, 37.04364662915303)	(85, 36.91176864346791)	(90, 37.49837213613982)	(95, 37.56739693344754)	(100, 37.773233894678675)	(105, 37.41692577030108)	(110, 37.67531043003608)	(115, 37.29464998163464)	(120, 37.37401182226851)	(125, 37.172968327416825)	(130, 37.627292057859535)	(135, 36.952250453639316)	(140, 37.45449234541881)	(145, 37.08688993881971)	(150, 37.4594642579964)	(155, 37.175097318782704)	(160, 37.062714390442316)	(165, 37.08133673682677)	(170, 36.70965461367663)	(175, 36.71413468386236)	(180, 36.07847803595804)	(185, 36.12900896655486)	(190, 36.14219977121146)	(195, 36.06830220239755)	(200, 36.260365857866944)	(205, 35.699635800292796)	(210, 35.57597460042441)	(215, 34.992137280578845)	(220, 34.68833576409081)	(225, 34.37591779251592)	(230, 34.71350025958975)	(235, 34.239051615693164)	(240, 33.44939005777043)	(245, 33.771956956369195)	(250, 32.32657193620916)	(255, 30.13961113117705)									
SRR3667027_1	(1, 33.24891491431565)	(2, 33.39456895906608)	(3, 33.4446512759111)	(4, 33.47377085983686)	(5, 33.3990496146075)	(6, 35.163052832447804)	(7, 35.899058968794435)	(8, 36.32899610865824)	(9, 36.71422023497718)	(10, 34.88643455810821)	(15, 37.32127142108808)	(20, 37.77859762029484)	(25, 37.855782758362636)	(30, 38.3573486492554)	(35, 38.11023160966848)	(40, 37.972975753947466)	(45, 37.65073336825563)	(50, 38.25838618547829)	(55, 38.1850404541564)	(60, 37.797861532848756)	(65, 37.39552076871013)	(70, 37.53066287489008)	(75, 37.97823008110261)	(80, 37.7324677025548)	(85, 37.82024958838497)	(90, 37.53425759616824)	(95, 38.07887047720635)	(100, 38.05967406963907)	(105, 37.553719723410865)	(110, 37.11652243874602)	(115, 37.33101132004865)	(120, 37.316925811581996)	(125, 37.15019927027786)	(130, 37.38809617363645)	(135, 37.37587239217888)	(140, 37.32155861165685)	(145, 36.90207690148751)	(150, 37.01727383291234)	(155, 36.874749572158315)	(160, 36.92373396701251)	(165, 36.60818044887687)	(170, 35.95228133858488)	(175, 36.24907520886153)	(180, 36.15445887283886)	(185, 35.91452548461942)	(190, 35.75978069736497)	(195, 35.76357851989782)	(200, 35.769840274723734)	(205, 35.75605543131439)	(210, 35.308023692114794)	(215, 35.48874908861653)	(220, 35.525949284177045)	(225, 35.50066997286423)	(230, 34.68245680379762)	(235, 34.93798150750719)	(240, 34.69180281848296)	(245, 34.465167103141006)	(250, 34.513106200934615)	(255, 34.19057857941194)									
SRR3667027_2	(1, 31.45894447354636)	(2, 32.368162089351195)	(3, 32.31423520167627)	(4, 32.49583738681434)	(5, 32.692424979420785)	(6, 36.119060091296866)	(7, 35.91863728204744)	(8, 35.70208785452368)	(9, 34.67676607049315)	(10, 34.70212527127142)	(15, 37.16894597021627)	(20, 37.44512646860734)	(25, 37.73356095188207)	(30, 37.6796958018409)	(35, 37.087205343111584)	(40, 37.19301242236024)	(45, 37.40188393324852)	(50, 37.423324166058634)	(55, 37.550908839287374)	(60, 37.31915172265409)	(65, 37.32245949339491)	(70, 37.28777526239967)	(75, 37.460567367515566)	(80, 36.95064594890409)	(85, 37.23403869181261)	(90, 37.56600995359976)	(95, 37.55712767899184)	(100, 37.705742137070374)	(105, 37.418830901988755)	(110, 37.62280828133332)	(115, 37.22158854897558)	(120, 37.30438207503041)	(125, 37.068580783983535)	(130, 37.67268780989802)	(135, 37.01355599214146)	(140, 37.424514921882306)	(145, 37.04758536813547)	(150, 37.38115445785387)	(155, 37.14860549239283)	(160, 37.07897912788033)	(165, 37.11563023323261)	(170, 36.88542506712571)	(175, 36.92464706377644)	(180, 36.224919308815686)	(185, 36.2351037057134)	(190, 36.06332104923807)	(195, 35.75766524440452)	(200, 36.065199490979865)	(205, 35.64967624822218)	(210, 35.587257530127054)	(215, 35.04245423937271)	(220, 34.49618227753345)	(225, 34.50298119210255)	(230, 34.85426069441819)	(235, 34.549365552062625)	(240, 33.86622686354874)	(245, 34.182832862518346)	(250, 32.81008516153732)	(255, 32.98684344993052)									
SRR3667028_1	(1, 33.32816968794854)	(2, 33.47515815214502)	(3, 33.54364999202594)	(4, 33.56016160757004)	(5, 33.65098080910106)	(6, 35.35792887140503)	(7, 36.071564510127054)	(8, 36.47870926585509)	(9, 36.76999627877306)	(10, 35.0312731912179)	(15, 37.51629578438148)	(20, 37.90788155866248)	(25, 38.10620169050024)	(30, 38.458863430971235)	(35, 38.36267928339801)	(40, 38.12109243873655)	(45, 37.75859693145209)	(50, 38.41423908305069)	(55, 38.29894827529348)	(60, 37.97626055334623)	(65, 37.58549220594177)	(70, 37.71496501711928)	(75, 38.27071007804692)	(80, 37.86783488930949)	(85, 38.066585145409114)	(90, 37.68498452835405)	(95, 38.3010665333943)	(100, 38.204972193571024)	(105, 37.752779047882356)	(110, 37.38301924666878)	(115, 37.63418083601833)	(120, 37.45046716858445)	(125, 37.36282007656316)	(130, 37.52692896639728)	(135, 37.59856869417269)	(140, 37.48738834538494)	(145, 37.16588685665674)	(150, 37.22802849851127)	(155, 37.10712462781795)	(160, 37.13851127179923)	(165, 36.77918119948957)	(170, 36.33017652062952)	(175, 36.52856869417269)	(180, 36.414980859208846)	(185, 36.160948532539344)	(190, 35.96172295218974)	(195, 35.96592114875425)	(200, 35.96431966820865)	(205, 35.70357845483065)	(210, 35.59658637741266)	(215, 35.595992981336735)	(220, 35.9219907481257)	(225, 35.80998138990801)	(230, 35.4326516722497)	(235, 35.59021640878397)	(240, 35.28627941227473)	(245, 35.21186592083715)	(250, 35.19320294913183)	(255, 33.59219213943335)									
SRR3667028_2	(1, 31.236978363723352)	(2, 32.314486204880126)	(3, 31.966423900909042)	(4, 32.29541225878475)	(5, 32.5464887565786)	(6, 36.241773430439636)	(7, 35.77332411886662)	(8, 35.375450534261866)	(9, 34.45434054542555)	(10, 34.5192833980118)	(15, 37.12925415980012)	(20, 37.43330604433576)	(25, 37.61692839296156)	(30, 37.63174950826644)	(35, 37.03357397267556)	(40, 37.11549440145112)	(45, 37.22267918469767)	(50, 37.34065772825382)	(55, 37.41772797765684)	(60, 36.88117430646379)	(65, 36.96263783002116)	(70, 36.982651227577705)	(75, 37.40381298712346)	(80, 36.72797431071699)	(85, 36.746058311889925)	(90, 37.37369741822977)	(95, 37.238014121049716)	(100, 37.56630300710306)	(105, 37.253098549615075)	(110, 37.5119337668374)	(115, 36.97152123519279)	(120, 37.01149908091549)	(125, 36.554030688742145)	(130, 37.51095373294627)	(135, 36.6888931423528)	(140, 37.10187684095235)	(145, 36.54499420465542)	(150, 37.062343020597396)	(155, 36.65531204474644)	(160, 36.764073117044695)	(165, 36.65499941514871)	(170, 36.47670058804139)	(175, 36.51779330292107)	(180, 35.781121000414714)	(185, 35.90144936782893)	(190, 35.72852739232496)	(195, 35.42112057174107)	(200, 35.8540558934876)	(205, 35.30062529244119)	(210, 35.29686077672381)	(215, 34.8817708111787)	(220, 34.33160066357566)	(225, 34.241941384150756)	(230, 34.76209709150849)	(235, 34.56659754346786)	(240, 33.681725151382444)	(245, 34.06022077121041)	(250, 32.37008948125794)	(255, 32.28424867148812)									
SRR3667029_1	(1, 33.28247867437984)	(2, 33.43109968764445)	(3, 33.48844424523413)	(4, 33.518902413401875)	(5, 33.47752580785231)	(6, 35.22458784474669)	(7, 35.95322370540529)	(8, 36.37341195915566)	(9, 36.72997352681635)	(10, 34.90374266384659)	(15, 37.36675444371296)	(20, 37.78849607104338)	(25, 38.0366268401664)	(30, 38.39928284285575)	(35, 38.24737999523763)	(40, 37.98150238818932)	(45, 37.47097894751586)	(50, 38.32742565797768)	(55, 38.29667213261103)	(60, 38.047084036615004)	(65, 37.59431444919913)	(70, 37.75504086620956)	(75, 38.18859528095082)	(80, 37.966519823788545)	(85, 38.09910983800593)	(90, 37.68736334157428)	(95, 38.15880602032455)	(100, 38.211715680438154)	(105, 37.993516034822065)	(110, 37.25409747659035)	(115, 37.31462008782559)	(120, 37.29139183236099)	(125, 37.40314183061009)	(130, 37.57405993710736)	(135, 37.714467408585065)	(140, 37.534045369546796)	(145, 37.25086459872674)	(150, 37.28820797994159)	(155, 37.14034768816346)	(160, 37.1735372806096)	(165, 36.80987519435223)	(170, 36.773776244190444)	(175, 36.856947352939116)	(180, 36.81060785398618)	(185, 36.415100163952594)	(190, 36.08497408600645)	(195, 36.06178176215156)	(200, 35.961730917339864)	(205, 35.684949009684885)	(210, 35.847204751432294)	(215, 35.63527714353752)	(220, 36.000895095883116)	(225, 35.97174774825253)	(230, 35.784688117216945)	(235, 35.48478022265827)	(240, 35.41095282120244)	(245, 34.97149536066501)	(250, 34.06703398121353)	(255, 29.704071568933387)									
SRR3667029_2	(1, 31.646800106453014)	(2, 32.51364979759921)	(3, 32.90264451696945)	(4, 32.6669001162579)	(5, 32.91871752132562)	(6, 35.80839157900635)	(7, 35.91104870225372)	(8, 35.91924978639362)	(9, 34.70974045074447)	(10, 34.83063045396607)	(15, 37.24717689409325)	(20, 37.521964338240444)	(25, 37.974052077934815)	(30, 37.89407925146723)	(35, 37.31768660793075)	(40, 37.36785539198521)	(45, 37.60606782177524)	(50, 37.65228803944365)	(55, 37.7360438202288)	(60, 37.890987022264554)	(65, 37.26136584887557)	(70, 37.033728104886436)	(75, 37.32629794863534)	(80, 36.733429049676786)	(85, 36.78775484476442)	(90, 37.32877443393121)	(95, 37.27006156195065)	(100, 37.598193062199286)	(105, 37.30058060133209)	(110, 37.573019196963216)	(115, 36.969256844302194)	(120, 37.126044417052455)	(125, 36.96867790618991)	(130, 37.49585521984564)	(135, 36.81984563880601)	(140, 37.11824039444748)	(145, 36.971748539731905)	(150, 37.15345351654971)	(155, 37.089768113848756)	(160, 36.807614458506386)	(165, 36.96855463962292)	(170, 36.61670464833874)	(175, 36.74827146659196)	(180, 36.15305224821403)	(185, 36.176881996839164)	(190, 35.906720175936236)	(195, 35.685986034360795)	(200, 36.090275805520676)	(205, 35.702050614206925)	(210, 35.79271871519923)	(215, 35.2276305007109)	(220, 34.71256154702788)	(225, 34.532215973160945)	(230, 34.93158842110424)	(235, 34.621473473934394)	(240, 33.989650849238316)	(245, 34.215192538807926)	(250, 32.934351817237726)	(255, 33.23897399034466)									
SRR3667030_1	(1, 33.43165414042928)	(2, 33.44439704787054)	(3, 33.50262035344302)	(4, 33.442074615749206)	(5, 33.868873992822806)	(6, 37.79510461100955)	(7, 37.80455684203399)	(8, 37.75917800798971)	(9, 37.87091204550071)	(10, 37.50591238404767)	(15, 37.560261358250386)	(20, 37.61422168054709)	(25, 37.49899113006974)	(30, 37.33602816710678)	(35, 37.39466627626659)	(40, 37.38949955650048)	(45, 37.00077866327215)	(50, 37.464094143775085)	(55, 37.26943509672352)	(60, 37.01319800391363)	(65, 37.41248840468823)	(70, 36.98148135609287)	(75, 37.0365863402149)	(80, 36.532330776158005)	(85, 36.95623912410538)	(90, 36.67332488279002)	(95, 36.928440188783206)	(100, 36.64632736558944)	(105, 36.14757526102677)	(110, 36.474378072396846)	(115, 36.14971764419106)	(120, 35.79465081321182)	(125, 35.77893639207508)	(130, 35.82016575707921)	(135, 35.63447449318147)	(140, 35.613827986403585)	(145, 35.59264114404886)	(150, 35.5224354373468)	(155, 35.60008802459272)	(160, 35.54426824478963)	(165, 35.54113321506439)	(170, 35.0000812534702)	(175, 34.96390450008803)	(180, 35.29690965968339)	(185, 35.2390666684723)	(190, 35.08303427542218)	(195, 34.9025161491272)	(200, 34.437575667294126)	(205, 34.739081564941834)	(210, 34.575959806616744)	(215, 34.24703898812345)	(220, 33.906557155045164)	(225, 34.25538730495042)	(230, 33.72677523106612)	(235, 32.733813183464804)	(240, 31.854521447675797)	(245, 31.527552561194433)	(250, 31.38305311981582)	(255, 29.47858618004537)	(260, 29.869699698683007)	(265, 30.15842231777093)	(270, 28.602355012357386)	(275, 29.292932931577344)	(280, 29.364118224599657)	(285, 28.382376002979317)	(290, 26.364578889272632)	(295, 25.715984818765246)	(300, 20.168635371827023)
SRR3667030_2	(1, 32.33579118423725)	(2, 32.55134403141716)	(3, 33.66792606134471)	(4, 33.632161960863975)	(5, 33.52083417970073)	(6, 37.11488929514524)	(7, 36.1199945832487)	(8, 35.93373958968109)	(9, 36.90805741756382)	(10, 37.163064527049904)	(15, 37.09651567472408)	(20, 37.0456049834112)	(25, 36.90707021463877)	(30, 37.0365684880493)	(35, 36.46427578570508)	(40, 36.71087081637766)	(45, 36.58224106060709)	(50, 36.805522415345756)	(55, 36.4677220375248)	(60, 35.830675270331575)	(65, 36.03542037660219)	(70, 36.22710425285566)	(75, 36.93723838606802)	(80, 36.3697404681459)	(85, 35.625263899139405)	(90, 36.60196488498899)	(95, 35.5425785872015)	(100, 36.319683348396595)	(105, 36.02475793237003)	(110, 36.349165120593696)	(115, 36.03289546741059)	(120, 35.89312189374755)	(125, 34.70720176590875)	(130, 36.23878228132661)	(135, 34.97308343377165)	(140, 34.7094931137684)	(145, 34.05292580203947)	(150, 34.588842544317)	(155, 33.4584551006866)	(160, 33.942629633140584)	(165, 33.555463618758715)	(170, 32.78225017943474)	(175, 32.378662838725404)	(180, 32.98214319569898)	(185, 32.922542421082575)	(190, 32.14478691277441)	(195, 32.0207304686971)	(200, 31.048034343133406)	(205, 27.725900897850845)	(210, 29.385979713716942)	(215, 27.646609698955892)	(220, 26.87554541391872)	(225, 24.52850113880414)	(230, 27.11827470630057)	(235, 27.03108507973051)	(240, 24.403185157598944)	(245, 24.868196499305952)	(250, 21.992448793039237)	(255, 20.844338964688355)	(260, 20.04299421065105)	(265, 21.288413853810475)	(270, 17.927803094423943)	(275, 18.2166042590649)	(280, 15.970858245590279)	(285, 16.833851779124487)	(290, 13.75450316552121)	(295, 14.993521238625698)	(300, 12.303046481307884)
SRR3667031_1	(1, 33.35300456108757)	(2, 33.48643482368223)	(3, 33.5605266653874)	(4, 33.57606978906815)	(5, 33.661830044134796)	(6, 35.36766941709596)	(7, 36.08094085346953)	(8, 36.47878872865219)	(9, 36.76279392445422)	(10, 35.04189705817231)	(15, 37.51837424535404)	(20, 37.914291407737615)	(25, 38.07581147504687)	(30, 38.452487933045006)	(35, 38.20514634210123)	(40, 38.11541207865979)	(45, 37.58296713434841)	(50, 38.417050902090914)	(55, 38.179970484384896)	(60, 38.261125011994125)	(65, 37.67152041215503)	(70, 37.80076467158241)	(75, 38.43731095414185)	(80, 38.293760840843504)	(85, 38.23013957470679)	(90, 37.82289733767336)	(95, 38.3085346501037)	(100, 38.34648332263089)	(105, 37.95590861959889)	(110, 37.39072912207148)	(115, 37.581987230711675)	(120, 37.39593129258229)	(125, 37.413489034715404)	(130, 37.410855299579985)	(135, 37.570993482096064)	(140, 37.4024418149742)	(145, 37.20672015826032)	(150, 37.312336775593664)	(155, 37.06465052076798)	(160, 37.14390173687745)	(165, 36.72825581481181)	(170, 36.52154894333188)	(175, 36.6026603086962)	(180, 36.48221712075469)	(185, 36.343687672082254)	(190, 36.05656920567198)	(195, 35.98433962083651)	(200, 36.1010998582733)	(205, 35.702596000495745)	(210, 35.81651866451123)	(215, 35.61825986055577)	(220, 35.983402967446665)	(225, 35.88018022804196)	(230, 35.891107190574964)	(235, 35.77792852977434)	(240, 35.45581793620681)	(245, 35.56687360207871)	(250, 35.05837821858104)	(255, 31.168271459999957)									
SRR3667031_2	(1, 31.98866370466589)	(2, 32.744667660560616)	(3, 33.06562652220762)	(4, 32.81820597222017)	(5, 32.965754941178204)	(6, 36.23601783104787)	(7, 36.042680856716906)	(8, 35.824206237914595)	(9, 34.913280292854296)	(10, 34.991302935923365)	(15, 37.33218887921237)	(20, 37.67781894401228)	(25, 38.08951835505631)	(30, 37.97151608189293)	(35, 37.362357469638305)	(40, 37.42104094271574)	(45, 37.595558376571134)	(50, 37.693777829518666)	(55, 37.81591348803128)	(60, 37.551821261708106)	(65, 37.54565222205)	(70, 37.4577740380712)	(75, 37.72131411320977)	(80, 37.26671685746551)	(85, 37.24070178546386)	(90, 37.90866455570072)	(95, 37.625765594207394)	(100, 37.991578279193696)	(105, 37.69562339668995)	(110, 38.02337796542612)	(115, 37.69251158887079)	(120, 37.713501583341326)	(125, 37.15845666664206)	(130, 37.95465960006791)	(135, 37.63817292006525)	(140, 37.749775970119515)	(145, 37.362729104692455)	(150, 37.717914270740295)	(155, 37.57720726639256)	(160, 37.50327962029334)	(165, 37.48226141002266)	(170, 37.413726720453525)	(175, 37.4016401792239)	(180, 36.967518250869176)	(185, 37.096463501952414)	(190, 36.69660965653673)	(195, 36.51400953012252)	(200, 37.05607800873982)	(205, 36.556169751286845)	(210, 36.44979220645009)	(215, 36.20253125855827)	(220, 35.90405698678674)	(225, 35.58044149507588)	(230, 35.734291978238566)	(235, 35.582608567273695)	(240, 34.87976585048978)	(245, 35.13203020617263)	(250, 34.08871658414505)	(255, 33.940907165408426)									
SRR3667032_1	(1, 33.22445339549396)	(2, 33.358968510653824)	(3, 33.381434833977295)	(4, 33.42259040129187)	(5, 33.27763813937788)	(6, 34.980065414634815)	(7, 35.65468462756082)	(8, 36.318665979372035)	(9, 36.67400794646401)	(10, 34.83321731435062)	(15, 37.22683368534375)	(20, 37.708791745165755)	(25, 37.78336807820561)	(30, 38.30259970713949)	(35, 37.94249807268598)	(40, 37.9056295816474)	(45, 37.4456561306833)	(50, 38.14283655008508)	(55, 38.03080509267073)	(60, 37.683059251791605)	(65, 37.357359146416556)	(70, 37.49108585324364)	(75, 37.78491715933144)	(80, 37.667422085979126)	(85, 37.703120210203636)	(90, 37.40556255017882)	(95, 37.73079246040435)	(100, 37.78356871761186)	(105, 37.58342547989198)	(110, 37.02657796875849)	(115, 37.013338503295856)	(120, 36.8186775539995)	(125, 36.53101332669503)	(130, 36.528493200433076)	(135, 36.55248545674589)	(140, 36.433897304796)	(145, 36.146927305490294)	(150, 36.19183052667278)	(155, 36.04752059563312)	(160, 36.05028619272609)	(165, 35.69747098636567)	(170, 35.41384216647959)	(175, 35.55245103630134)	(180, 35.50129380510996)	(185, 35.26514329065277)	(190, 35.041751182769204)	(195, 34.932782586342604)	(200, 34.97480186717708)	(205, 34.9130681697857)	(210, 34.69576574078084)	(215, 34.65776566042414)	(220, 34.66833990062728)	(225, 34.644513472810324)	(230, 34.334356906893504)	(235, 34.205642059361054)	(240, 34.142320193052925)	(245, 33.94810568918906)	(250, 31.65686259080217)										
SRR3667032_2	(1, 32.713562360583346)	(2, 31.50266630781372)	(3, 32.61492949908082)	(4, 32.647536459307446)	(5, 32.91021681712641)	(6, 35.91575927049453)	(7, 35.863277026872915)	(8, 35.579261644854185)	(9, 34.81511014200541)	(10, 34.694114963711755)	(15, 37.144247936975695)	(20, 37.36923048851138)	(25, 37.75163696246185)	(30, 37.633735522336316)	(35, 37.149127120615645)	(40, 37.22225101155476)	(45, 37.4680741000926)	(50, 37.518483511771436)	(55, 37.59217478515526)	(60, 37.69342839938691)	(65, 37.41641121086052)	(70, 37.22085270455724)	(75, 37.29060511370116)	(80, 36.861127203886596)	(85, 36.85554911844537)	(90, 37.10557124284379)	(95, 37.15952284287115)	(100, 37.191116483817254)	(105, 36.85060146431586)	(110, 37.12653801214335)	(115, 36.80854324997491)	(120, 36.79414727161586)	(125, 36.47182023045973)	(130, 36.91385312981835)	(135, 36.39723979246379)	(140, 36.6881256512908)	(145, 36.491336995000175)	(150, 36.66173785162466)	(155, 36.51923068150196)	(160, 36.29865743338489)	(165, 36.383478629788286)	(170, 36.05939010421698)	(175, 36.05134760314592)	(180, 35.40316747331851)	(185, 35.45154479556538)	(190, 35.3373390753734)	(195, 35.04835379400642)	(200, 35.317080670252416)	(205, 34.885619452496805)	(210, 34.82569069343066)	(215, 34.16851810455339)	(220, 33.78621676670915)	(225, 33.59746449667723)	(230, 33.908108215085825)	(235, 33.474708779171756)	(240, 32.797516761494094)	(245, 33.09207418167029)	(250, 30.150798535896165)										
SRR3667033_1	(1, 33.31835860173735)	(2, 33.4773399473672)	(3, 33.543631663522675)	(4, 33.552050583385736)	(5, 33.64715060900347)	(6, 35.391881506322925)	(7, 36.142655860639515)	(8, 36.40871934604905)	(9, 36.74856191341205)	(10, 35.008805514800066)	(15, 37.49793660774587)	(20, 37.90237313398076)	(25, 38.059449451547536)	(30, 38.422934861082)	(35, 38.17089720382792)	(40, 38.004434505296445)	(45, 37.62728426839353)	(50, 38.333637658738006)	(55, 38.24080320536713)	(60, 37.98445984508764)	(65, 37.573597344359676)	(70, 37.71265039892843)	(75, 38.20639450235863)	(80, 37.73331081474579)	(85, 38.05300564905946)	(90, 37.590928680418855)	(95, 38.213524836485426)	(100, 38.20756506139186)	(105, 37.88240255352857)	(110, 37.43224994757811)	(115, 37.52459635143636)	(120, 37.29086461172853)	(125, 37.393397171547726)	(130, 37.563845203979405)	(135, 37.568735583979866)	(140, 37.30382684265095)	(145, 37.17789634323925)	(150, 37.29341689868478)	(155, 37.064318915203685)	(160, 37.05752495893571)	(165, 36.6674596055498)	(170, 36.48312595214263)	(175, 36.60075489282386)	(180, 36.49855312208761)	(185, 36.34099254426841)	(190, 35.98770736253495)	(195, 35.81026340008621)	(200, 35.97708500798005)	(205, 35.50758979018861)	(210, 35.67193084647825)	(215, 35.58616696567954)	(220, 35.9088981569934)	(225, 35.84336557285503)	(230, 35.79608555850692)	(235, 35.49000652406916)	(240, 35.456084893607695)	(245, 35.33110529298216)	(250, 35.18776383707075)	(255, 33.31304048516543)									
SRR3667033_2	(1, 31.745452851719882)	(2, 31.596590512121846)	(3, 32.32715014322644)	(4, 32.4809147860919)	(5, 32.63434174060877)	(6, 36.40506299634365)	(7, 35.81710100374951)	(8, 35.91782528703509)	(9, 34.68732387805957)	(10, 34.933328675563004)	(15, 37.27867206968025)	(20, 37.56574442814225)	(25, 37.83494026409558)	(30, 37.75155220196092)	(35, 37.20249377812929)	(40, 37.251354916717595)	(45, 37.39795711573627)	(50, 37.510324367284205)	(55, 37.565735650391346)	(60, 37.27518169959002)	(65, 37.35419073797987)	(70, 37.194020219903095)	(75, 37.58125)	(80, 37.11392331345509)	(85, 36.97677972418934)	(90, 37.74392107531391)	(95, 37.716707344626926)	(100, 37.96065608145101)	(105, 37.58804328832869)	(110, 37.80042635974978)	(115, 37.33801241801894)	(120, 37.365944806216)	(125, 37.211008468949125)	(130, 37.92324126603218)	(135, 37.28290017823235)	(140, 37.48060157032688)	(145, 37.067510076652454)	(150, 37.595682766011976)	(155, 37.22041657929685)	(160, 37.35518510752312)	(165, 37.03033787292369)	(170, 36.904998452757205)	(175, 36.90202003727866)	(180, 36.23071528424977)	(185, 36.50848788443616)	(190, 36.233578751164956)	(195, 35.84206246577896)	(200, 36.342457391162526)	(205, 35.73913722200864)	(210, 35.62604906917683)	(215, 35.28227125515506)	(220, 34.92391714625224)	(225, 34.78606984491874)	(230, 35.14979728785125)	(235, 35.106945803625514)	(240, 34.200385152879036)	(245, 34.59343637832925)	(250, 33.28386435464522)	(255, 32.955276289083166)									
SRR3667034_1	(1, 33.32143631810384)	(2, 33.47481907992034)	(3, 33.53248673910043)	(4, 33.56878906789186)	(5, 33.64005284641019)	(6, 35.38415199258573)	(7, 36.129611736635574)	(8, 36.37212351862441)	(9, 36.699564214304026)	(10, 35.0368091022026)	(15, 37.49619624159486)	(20, 37.88355451264961)	(25, 38.04025792203183)	(30, 38.408400212963144)	(35, 38.34907190218619)	(40, 38.04169244520717)	(45, 37.66185514953697)	(50, 38.31842632324356)	(55, 38.268341032605214)	(60, 37.97314042251021)	(65, 37.58213503757619)	(70, 37.71177027820438)	(75, 38.16968429773259)	(80, 37.72110967878818)	(85, 37.99814318695458)	(90, 37.58512628231653)	(95, 38.186257861298955)	(100, 38.173410144538146)	(105, 37.877471460423536)	(110, 37.413901305467576)	(115, 37.52758848662462)	(120, 37.307283186801264)	(125, 37.36174250598539)	(130, 37.55268647437859)	(135, 37.572140885184)	(140, 37.37539053867898)	(145, 37.14813542931012)	(150, 37.288812422187945)	(155, 37.06540659507257)	(160, 37.05603465502653)	(165, 36.64480040158277)	(170, 36.451942185467765)	(175, 36.55456745329784)	(180, 36.44399214691376)	(185, 36.26682604950663)	(190, 35.96575521983645)	(195, 35.821722042578756)	(200, 35.92973076877339)	(205, 35.49507016543639)	(210, 35.62221646288598)	(215, 35.53245149621412)	(220, 35.87279482157375)	(225, 35.76661409016765)	(230, 35.72402431637752)	(235, 35.52082615646165)	(240, 35.451950703735164)	(245, 35.36861186883264)	(250, 35.16464990046454)	(255, 33.14103588580983)									
SRR3667034_2	(1, 31.848244039989748)	(2, 32.80132313213574)	(3, 32.52603868830477)	(4, 32.749354208979945)	(5, 32.99131386429515)	(6, 36.11556208467257)	(7, 36.04338138149981)	(8, 35.926093900972134)	(9, 35.10931122197464)	(10, 35.059927434780036)	(15, 37.41065801668211)	(20, 37.726571096168634)	(25, 38.013446256383965)	(30, 37.89635596395401)	(35, 37.366881326980476)	(40, 37.49608104617444)	(45, 37.637385443753026)	(50, 37.66244635560383)	(55, 37.77665744918413)	(60, 37.613805006015895)	(65, 37.65362630426635)	(70, 37.49957615043346)	(75, 37.73564503880785)	(80, 37.32501233567642)	(85, 37.25175759349653)	(90, 37.92084456588615)	(95, 37.91921746288733)	(100, 38.124752238236134)	(105, 37.738943269514564)	(110, 37.94817855310416)	(115, 37.50323637368275)	(120, 37.58551920116825)	(125, 37.47503123859762)	(130, 38.06456495569633)	(135, 37.54204352142545)	(140, 37.68162040983202)	(145, 37.31460993467664)	(150, 37.772014818661454)	(155, 37.5401986791507)	(160, 37.60140463765873)	(165, 37.29706690013925)	(170, 37.177178213601294)	(175, 37.16917060357006)	(180, 36.65084521038702)	(185, 36.84598169593014)	(190, 36.53559262494737)	(195, 36.1344360220822)	(200, 36.59967631674562)	(205, 36.09427323341508)	(210, 35.99074136693845)	(215, 35.675009676317984)	(220, 35.34684007798594)	(225, 35.21360184810102)	(230, 35.5168975577813)	(235, 35.44570490995951)	(240, 34.75194165518028)	(245, 35.050086524350014)	(250, 34.00905418334999)	(255, 33.46981935865303)									
SRR3667035_1	(1, 33.26369936576487)	(2, 33.408917730320056)	(3, 33.48848541033091)	(4, 33.50781771110081)	(5, 33.60300950787424)	(6, 35.33926492035318)	(7, 36.06084587294948)	(8, 36.451222683232906)	(9, 36.74577459215629)	(10, 34.954545351768736)	(15, 37.448124992934105)	(20, 37.88459633929883)	(25, 37.900957570687254)	(30, 38.405664024962405)	(35, 38.368285982386126)	(40, 37.86913275977073)	(45, 37.51637222963835)	(50, 38.221570686945356)	(55, 38.26461430622605)	(60, 38.194096166238936)	(65, 37.47376739663768)	(70, 37.68305163310759)	(75, 38.29153994867214)	(80, 38.190060033238744)	(85, 37.98429110719847)	(90, 37.56540104247938)	(95, 38.05096533160758)	(100, 38.14642893484233)	(105, 37.7141239956531)	(110, 37.03383985708794)	(115, 37.17482495028285)	(120, 37.19227316411329)	(125, 37.36244671829951)	(130, 37.556395500028266)	(135, 37.567125332127304)	(140, 37.45986771439878)	(145, 37.12946124710272)	(150, 37.16912431454576)	(155, 36.732084346203855)	(160, 36.985543558143476)	(165, 36.6803482390186)	(170, 36.30167365930113)	(175, 36.700933945410554)	(180, 36.3903100336944)	(185, 36.26569290492297)	(190, 35.784023353635746)	(195, 35.5739837398374)	(200, 35.83026513690324)	(205, 35.3485989637092)	(210, 35.839750316627466)	(215, 35.55367897453029)	(220, 35.94108968374111)	(225, 36.00520594565574)	(230, 35.79332645276782)	(235, 35.62718198952561)	(240, 35.409403739271255)	(245, 35.2617922413807)	(250, 33.91741675732732)	(255, 28.152239764419328)									
SRR3667035_2	(1, 31.877584706002057)	(2, 32.683255514227895)	(3, 32.62567691316292)	(4, 32.515087108407855)	(5, 32.80950335206268)	(6, 35.88147377703413)	(7, 35.81352808836331)	(8, 35.987722293195255)	(9, 34.53524470622817)	(10, 35.042562716923115)	(15, 37.34284648344319)	(20, 37.68302036109572)	(25, 38.06684906108329)	(30, 37.923367211965676)	(35, 37.266460153980084)	(40, 37.3741602885148)	(45, 37.5054717905755)	(50, 37.573870448788576)	(55, 37.75739562017388)	(60, 37.73209121434466)	(65, 37.29995590779076)	(70, 37.06140348893738)	(75, 37.513287582955535)	(80, 37.287686967925744)	(85, 37.03078728459015)	(90, 37.937662220369575)	(95, 37.795336317940254)	(100, 38.10180107861205)	(105, 37.583392429217575)	(110, 37.80911290504941)	(115, 37.45556377627673)	(120, 37.56152637232178)	(125, 37.5724755497767)	(130, 38.07795579173498)	(135, 37.60073718129911)	(140, 37.535710615678056)	(145, 36.90056532947401)	(150, 37.60922165438017)	(155, 37.55371308398534)	(160, 37.40318167427977)	(165, 37.128133055945)	(170, 37.03531082926399)	(175, 37.01992311171416)	(180, 36.6952012663953)	(185, 36.820437346806806)	(190, 36.43048682047309)	(195, 35.66890936846271)	(200, 36.469254651397236)	(205, 36.16734513813322)	(210, 36.12742364103086)	(215, 35.7758780195703)	(220, 35.27886617120514)	(225, 35.039745463813915)	(230, 35.190721429594)	(235, 35.343331448560285)	(240, 34.52225058976621)	(245, 34.878628002831036)	(250, 34.00406595932316)	(255, 33.079315649989155)									
SRR3667036_1	(1, 33.30882270849615)	(2, 33.45499330132857)	(3, 33.51174360835101)	(4, 33.523933794797365)	(5, 33.61943870715641)	(6, 35.34730518030591)	(7, 36.05138439209557)	(8, 36.4609313944401)	(9, 36.74929524394329)	(10, 35.008427765993076)	(15, 37.50597019091214)	(20, 37.885045216032154)	(25, 38.12716590376242)	(30, 38.445510494585236)	(35, 38.17940298090879)	(40, 38.113732806196246)	(45, 37.572624571735595)	(50, 38.37388719480283)	(55, 38.097692518648806)	(60, 37.92414866298219)	(65, 37.5336975939262)	(70, 37.65223441076313)	(75, 38.27464550884832)	(80, 38.029375314017756)	(85, 37.96834546431537)	(90, 37.71058651545767)	(95, 38.24071711701652)	(100, 38.193558787405095)	(105, 37.95540698972756)	(110, 37.6117239839214)	(115, 37.67226719517642)	(120, 37.345088488164365)	(125, 37.31113359758821)	(130, 37.48823274899509)	(135, 37.539621482804826)	(140, 37.364542917225734)	(145, 37.14717331379323)	(150, 37.178027146795074)	(155, 37.25487141910046)	(160, 37.17567954220315)	(165, 36.742973585959035)	(170, 36.400287518755015)	(175, 36.62908126591996)	(180, 36.50205659653163)	(185, 36.33077776614676)	(190, 36.06427719041139)	(195, 35.94714958651732)	(200, 36.001394326389615)	(205, 35.74870721239402)	(210, 35.57651122574067)	(215, 35.52070149482881)	(220, 35.7289446871467)	(225, 35.750035591162224)	(230, 35.634162782689025)	(235, 35.55707830253851)	(240, 35.366605253608014)	(245, 35.16717449107062)	(250, 34.88226002033409)	(255, 32.689230565008344)									
SRR3667036_2	(1, 32.92273501172267)	(2, 32.264199787875405)	(3, 32.35901389974322)	(4, 32.79011527297086)	(5, 33.07829072234007)	(6, 36.26207854192252)	(7, 36.0770137880987)	(8, 35.974091492687286)	(9, 35.19821089650553)	(10, 35.12578430277995)	(15, 37.43214524952551)	(20, 37.758143072457294)	(25, 38.121795802165906)	(30, 38.07957602992074)	(35, 37.464097912247404)	(40, 37.54069915074767)	(45, 37.70509870142557)	(50, 37.767753595377826)	(55, 37.90611020322642)	(60, 37.88713364595545)	(65, 37.79762742142579)	(70, 37.66261513984257)	(75, 37.64945709819684)	(80, 37.271690950706194)	(85, 37.374535405486505)	(90, 37.86905378340091)	(95, 37.837178726700486)	(100, 38.100010467769735)	(105, 37.72278554331215)	(110, 37.977032317494434)	(115, 37.54060447880974)	(120, 37.629265092779335)	(125, 37.38244066519188)	(130, 38.01236034250543)	(135, 37.58710370768405)	(140, 37.92157089465322)	(145, 37.77637617239839)	(150, 37.87126507369361)	(155, 37.635903305046895)	(160, 37.63139794551139)	(165, 37.774282603841)	(170, 37.54068361991961)	(175, 37.42930995980348)	(180, 36.91330393032604)	(185, 37.1325326596695)	(190, 36.79589102277802)	(195, 36.76800329388119)	(200, 37.09131448191157)	(205, 36.52831900401965)	(210, 36.48788303848704)	(215, 36.14173418472383)	(220, 35.89851425381206)	(225, 35.527217279039746)	(230, 35.77849546480387)	(235, 35.60746761517138)	(240, 34.839305478983626)	(245, 35.20934176367139)	(250, 34.03158833251273)	(255, 32.53607995171815)									
SRR3667037_1	(1, 33.27507701124723)	(2, 33.419156100007164)	(3, 33.46417365140769)	(4, 33.48205458843757)	(5, 33.469704133533924)	(6, 35.22344723834085)	(7, 35.959946987606564)	(8, 36.37584354180099)	(9, 36.7204240991475)	(10, 34.92267640948492)	(15, 37.40499892542446)	(20, 37.77155670176947)	(25, 38.15545382907085)	(30, 38.38976001146214)	(35, 38.25693244501755)	(40, 38.04979583064689)	(45, 37.46146237917535)	(50, 38.393192873363944)	(55, 38.30359698830138)	(60, 37.97904567234725)	(65, 37.62308651173454)	(70, 37.73724532194744)	(75, 38.19948970604478)	(80, 37.86063172071898)	(85, 38.160666824274465)	(90, 37.758047669195555)	(95, 38.244198958355724)	(100, 38.222735641571205)	(105, 38.060154506337035)	(110, 37.3786869743384)	(115, 37.3938360580574)	(120, 37.265963746766246)	(125, 37.3700197012573)	(130, 37.532925457606474)	(135, 37.73802199376725)	(140, 37.508954640189316)	(145, 37.2690881476387)	(150, 37.299709135717556)	(155, 37.31856229940394)	(160, 37.1935522696011)	(165, 36.796761806510766)	(170, 36.904271263182025)	(175, 36.83211542870243)	(180, 36.913414061863804)	(185, 36.37005222699039)	(190, 36.13078240186842)	(195, 36.241775860957276)	(200, 35.97278751710452)	(205, 35.80228967710968)	(210, 35.76274188117464)	(215, 35.570258477661454)	(220, 36.034705047928824)	(225, 35.93515172608907)	(230, 35.8181444332999)	(235, 35.487174380283705)	(240, 35.453945219302405)	(245, 34.96427509110313)	(250, 34.46814733558936)	(255, 31.895503608216153)									
SRR3667037_2	(1, 32.89401819614586)	(2, 32.874453757432484)	(3, 32.70728562217924)	(4, 32.561752274518234)	(5, 32.95993265993266)	(6, 35.740905508990615)	(7, 35.80422666380113)	(8, 35.801497241922775)	(9, 35.24129235618597)	(10, 34.87055806289849)	(15, 37.25258542875564)	(20, 37.55046923132029)	(25, 37.97538935453829)	(30, 37.9365599254961)	(35, 37.37514721684935)	(40, 37.427216849344504)	(45, 37.65746988959484)	(50, 37.727765081775786)	(55, 37.76270766321129)	(60, 37.91117136795642)	(65, 37.28641287216666)	(70, 37.123400292288736)	(75, 37.330265564212134)	(80, 36.53030246586334)	(85, 36.733629447079224)	(90, 37.11294255870933)	(95, 37.04755634519221)	(100, 37.42781654320634)	(105, 37.233424751959475)	(110, 37.523318408138415)	(115, 36.7861403445929)	(120, 36.96532974851092)	(125, 36.68188617606602)	(130, 37.29582473635947)	(135, 36.538108952315454)	(140, 36.9783882687619)	(145, 37.00968742611922)	(150, 37.025209373634326)	(155, 36.92692090010961)	(160, 36.658365273708114)	(165, 36.956900195582556)	(170, 36.51019393479149)	(175, 36.70844300523702)	(180, 36.080448192115085)	(185, 36.07691624338207)	(190, 35.84355258161811)	(195, 35.86215083498707)	(200, 36.09914674423103)	(205, 35.61379824190625)	(210, 35.82918263685406)	(215, 35.30599202931532)	(220, 34.831479703686725)	(225, 34.58989256838717)	(230, 35.10493480441324)	(235, 34.735956440750826)	(240, 34.14082819888235)	(245, 34.32893733091661)	(250, 33.120072678716255)	(255, 33.409036107092575)									
SRR3667038_1	(1, 33.25915617375698)	(2, 33.409721248492666)	(3, 33.46158753750806)	(4, 33.49010067584621)	(5, 33.43934911242604)	(6, 35.198252895482206)	(7, 35.94382904736532)	(8, 36.34841134075549)	(9, 36.71658627555456)	(10, 34.87274320648364)	(15, 37.32853136655543)	(20, 37.78451022182338)	(25, 37.9206048963796)	(30, 38.37981435261785)	(35, 38.13912756947756)	(40, 37.88899997195659)	(45, 37.39961720743711)	(50, 38.21197173224151)	(55, 38.12148966600297)	(60, 37.97826916066071)	(65, 37.46548977817662)	(70, 37.621018536694805)	(75, 38.0506211615581)	(80, 38.007219776213574)	(85, 37.92741243444853)	(90, 37.492673658823854)	(95, 37.9573067107883)	(100, 38.030814100227154)	(105, 37.769715920244536)	(110, 37.166897557418885)	(115, 37.31625858432808)	(120, 37.17277806989869)	(125, 37.32545167735829)	(130, 37.544834016896274)	(135, 37.566246713639714)	(140, 37.46606372909875)	(145, 37.12780874259473)	(150, 37.137564676023956)	(155, 36.90892110315896)	(160, 37.0409950325531)	(165, 36.698684055759514)	(170, 36.506504942859145)	(175, 36.800092547149966)	(180, 36.573600224356724)	(185, 36.31678749211246)	(190, 35.936394867839866)	(195, 35.671970833625466)	(200, 35.89781040321394)	(205, 35.4776027315623)	(210, 35.78113567367085)	(215, 35.55995204341333)	(220, 35.84691892953046)	(225, 35.94688737914449)	(230, 35.74082269384207)	(235, 35.36756199650843)	(240, 35.3200793667487)	(245, 35.045397217337)	(250, 34.14364217708427)	(255, 27.416751469375512)									
SRR3667038_2	(1, 32.91088505005749)	(2, 32.72730586948597)	(3, 32.32571721024146)	(4, 32.843531787206594)	(5, 32.71504388793853)	(6, 36.051859278162596)	(7, 35.97796488964918)	(8, 35.851671387307555)	(9, 34.957037494040776)	(10, 34.915585125774705)	(15, 37.2172410892061)	(20, 37.50657758209709)	(25, 37.93715191115847)	(30, 37.798140721837406)	(35, 37.21246108976696)	(40, 37.29212400796433)	(45, 37.479707787655286)	(50, 37.60114417117698)	(55, 37.73126980565916)	(60, 37.78797638744776)	(65, 37.40269637398693)	(70, 37.216153004851506)	(75, 37.47634818699347)	(80, 37.166847079278725)	(85, 36.963076642642804)	(90, 37.782349476990376)	(95, 37.776294904512184)	(100, 38.03111136038588)	(105, 37.59879273114782)	(110, 37.80543060657898)	(115, 37.368484391339805)	(120, 37.50910646054614)	(125, 37.525381568338766)	(130, 37.939417394047744)	(135, 37.38686297192133)	(140, 37.582834507659406)	(145, 37.27861745013496)	(150, 37.629384298273905)	(155, 37.61048109704085)	(160, 37.4389851098659)	(165, 37.300170238685055)	(170, 37.114636735115575)	(175, 37.11362766337841)	(180, 36.69808524213168)	(185, 36.72292871716131)	(190, 36.37287648374454)	(195, 36.07370170161748)	(200, 36.5654387637771)	(205, 36.23280001121799)	(210, 36.11577109683934)	(215, 35.48000953529462)	(220, 35.22992960708977)	(225, 34.92694001177889)	(230, 35.15155509437137)	(235, 34.84703284067645)	(240, 34.07901954735395)	(245, 34.52684223832949)	(250, 33.26698854376934)	(255, 32.06001303092884)									
SRR3667039_1	(1, 33.295626490968985)	(2, 33.445598091559695)	(3, 33.5083948653868)	(4, 33.53292059525162)	(5, 33.62393502215154)	(6, 35.33661251845962)	(7, 36.06096785186868)	(8, 36.46226286493241)	(9, 36.75362944450755)	(10, 35.00438714074747)	(15, 37.491355219811425)	(20, 37.866041122344654)	(25, 38.14755424287175)	(30, 38.42631148472112)	(35, 38.39209587640577)	(40, 38.106528311896305)	(45, 37.64792965954401)	(50, 38.37898754885031)	(55, 38.376509893885)	(60, 37.92940708678414)	(65, 37.695870397509744)	(70, 37.75308726128399)	(75, 38.18463128954932)	(80, 37.86467400565761)	(85, 37.96150097133703)	(90, 37.54143803324131)	(95, 38.26050009656567)	(100, 38.21423616131169)	(105, 37.91522418505029)	(110, 37.64979832983014)	(115, 37.74638186672726)	(120, 37.13667897517468)	(125, 37.13665170709538)	(130, 37.520212610275564)	(135, 37.416465562296914)	(140, 37.45786806644397)	(145, 37.23170904498168)	(150, 37.302291706906935)	(155, 37.13015725128391)	(160, 37.06640003635867)	(165, 36.61603872199246)	(170, 36.5386038267509)	(175, 36.538487933463614)	(180, 36.519281461618874)	(185, 36.19578921056219)	(190, 35.971739389055074)	(195, 35.992059632297796)	(200, 35.88065402872941)	(205, 35.53684904266804)	(210, 35.63690472132265)	(215, 35.54500312482245)	(220, 35.94498948923357)	(225, 35.87430941423783)	(230, 35.737546730299414)	(235, 35.614505993977616)	(240, 35.37757172887904)	(245, 35.482205354302074)	(250, 35.491849143640025)	(255, 32.47513848935215)									
SRR3667039_2	(1, 30.704623423832786)	(2, 30.603816880608882)	(3, 32.18331250709985)	(4, 32.01082585482222)	(5, 32.13027377030558)	(6, 35.88773145518573)	(7, 35.50473702146996)	(8, 35.33045552652505)	(9, 34.16836305804839)	(10, 34.34022492332159)	(15, 36.9552448029081)	(20, 37.33118482335567)	(25, 37.54636828353971)	(30, 37.55333636260366)	(35, 36.950898557310005)	(40, 36.8930970098051)	(45, 37.09816992127594)	(50, 37.233136417340724)	(55, 37.27061542954593)	(60, 36.87671858491531)	(65, 36.643184167774336)	(70, 36.801679106597135)	(75, 37.33790032150688)	(80, 36.52196130556787)	(85, 36.30497029185553)	(90, 37.29843563614055)	(95, 37.14863387978142)	(100, 37.49814600164922)	(105, 37.16587493650155)	(110, 37.52015451911607)	(115, 36.927128330398226)	(120, 37.013554507754364)	(125, 36.661591774129406)	(130, 37.50240420035845)	(135, 36.86687117958507)	(140, 37.10057263617151)	(145, 36.61606789828891)	(150, 37.0976367396096)	(155, 36.55751991183121)	(160, 36.8042516446434)	(165, 36.854453319396)	(170, 36.71511026780135)	(175, 36.58484542056287)	(180, 35.608966857168824)	(185, 35.8504652721757)	(190, 35.689169599198216)	(195, 35.26149510834365)	(200, 36.042389809901486)	(205, 35.48330700966968)	(210, 35.348383651300466)	(215, 34.72796709352665)	(220, 34.45000738577613)	(225, 34.03053393480064)	(230, 34.84326474030475)	(235, 34.531598622836825)	(240, 33.515346680908124)	(245, 33.736308164308845)	(250, 32.160861118221625)	(255, 32.0728913222552)									
SRR3667040_1	(1, 33.19602371641226)	(2, 33.31694209663176)	(3, 33.33789327614482)	(4, 33.39777974012868)	(5, 33.22206635549388)	(6, 34.92230099659392)	(7, 35.600756906774315)	(8, 36.299841049577395)	(9, 36.66886337832724)	(10, 34.8040186703671)	(15, 37.197187334426644)	(20, 37.68817257474454)	(25, 37.75798360035323)	(30, 38.28834615869812)	(35, 37.89955746183928)	(40, 37.89112047432824)	(45, 37.41975324839157)	(50, 38.11590765737353)	(55, 37.98011858206131)	(60, 37.624145326100674)	(65, 37.32303081821527)	(70, 37.444713231806396)	(75, 37.72996861344071)	(80, 37.58724454267462)	(85, 37.617462432004196)	(90, 37.28880075085531)	(95, 37.580198209654135)	(100, 37.57569307780032)	(105, 37.385565210370686)	(110, 36.84544087519049)	(115, 36.85922371249508)	(120, 36.67269058074006)	(125, 36.42799386391619)	(130, 36.40056970849305)	(135, 36.405295526687695)	(140, 36.28836239958015)	(145, 36.02056455080647)	(150, 36.05323671942295)	(155, 35.935281108211385)	(160, 35.8967019661344)	(165, 35.535070858729554)	(170, 35.2176483990071)	(175, 35.37917022641973)	(180, 35.34055281695822)	(185, 35.09863251256414)	(190, 34.890824576810104)	(195, 34.7459216154387)	(200, 34.82389552889835)	(205, 34.786671465716985)	(210, 34.54916322827363)	(215, 34.49622754655986)	(220, 34.5016076973318)	(225, 34.47555566476965)	(230, 34.16658805697147)	(235, 34.007442509269616)	(240, 33.96156399850071)	(245, 33.783137429621924)	(250, 31.262972065636134)										
SRR3667040_2	(1, 30.599924309322567)	(2, 30.65005172196291)	(3, 31.725237794878264)	(4, 31.84739245616248)	(5, 31.878213700012616)	(6, 35.054204617131326)	(7, 35.05985618771288)	(8, 35.023206761700514)	(9, 34.223080610571465)	(10, 33.99974567932383)	(15, 36.634071906143554)	(20, 36.85092367856692)	(25, 37.1156856313864)	(30, 37.07041049577394)	(35, 36.50275160842689)	(40, 36.56910306547244)	(45, 36.86622530591649)	(50, 36.90103090702662)	(55, 36.988048946638074)	(60, 37.047764854295444)	(65, 36.76390160241979)	(70, 36.584108914388366)	(75, 36.73839958824064)	(80, 36.28090566875574)	(85, 36.15229949438371)	(90, 36.528066244815165)	(95, 36.60810298020931)	(100, 36.653160622284574)	(105, 36.306656305349364)	(110, 36.52236480247056)	(115, 36.21771006537735)	(120, 36.16728517006733)	(125, 35.765426070155414)	(130, 36.256332145069564)	(135, 35.72227122715299)	(140, 36.049846210386086)	(145, 35.79989642097488)	(150, 35.97596196540714)	(155, 35.7346537572257)	(160, 35.4956259723795)	(165, 35.59025096768658)	(170, 35.22544765629083)	(175, 35.196732811175266)	(180, 34.36249008874297)	(185, 34.40041180923543)	(190, 34.34755705958034)	(195, 34.0312871942735)	(200, 34.42999187471928)	(205, 33.88201332779861)	(210, 33.760057938246305)	(215, 32.95474973454274)	(220, 32.52118866048582)	(225, 32.28856812641631)	(230, 32.62663382776738)	(235, 32.153788183591416)	(240, 31.281987068860595)	(245, 31.591663151803356)	(250, 28.55934772647258)										
SRR3667041_1	(1, 33.46955683043453)	(2, 33.47082614886967)	(3, 33.50935155571125)	(4, 33.494788515170406)	(5, 33.87399171075918)	(6, 37.799929937262)	(7, 37.81566220661229)	(8, 37.7508359758511)	(9, 37.86827295350837)	(10, 37.52607744207313)	(15, 37.57256543359281)	(20, 37.631547340118196)	(25, 37.55173314285974)	(30, 37.45388461485967)	(35, 37.41423001505895)	(40, 37.42021719448779)	(45, 37.00262052838224)	(50, 37.47180793710732)	(55, 37.307508450563624)	(60, 37.03910701449486)	(65, 37.41381880055686)	(70, 37.00739937636325)	(75, 37.06585213469564)	(80, 36.689007279344864)	(85, 36.99211464968153)	(90, 36.75673430391265)	(95, 36.9213084622384)	(100, 36.690363057324845)	(105, 36.16842493175614)	(110, 36.51086885817645)	(115, 36.158374660774726)	(120, 35.81842327955668)	(125, 35.79976432906578)	(130, 35.7452424498858)	(135, 35.625516155743)	(140, 35.638929380613106)	(145, 35.58285334716422)	(150, 35.52025587130001)	(155, 35.526601697922636)	(160, 35.509739852045975)	(165, 35.53198118272231)	(170, 34.9130301458612)	(175, 34.83522667688027)	(180, 35.08077271300336)	(185, 35.125917096229706)	(190, 34.90558196881668)	(195, 34.90386856963471)	(200, 34.32669235703854)	(205, 34.689810142995576)	(210, 34.37667575080643)	(215, 34.13597455834247)	(220, 33.79147600295663)	(225, 34.02172043375787)	(230, 33.69779021360813)	(235, 32.47630746832276)	(240, 31.691405173002114)	(245, 31.288873723242112)	(250, 31.22612707295434)	(255, 29.191703177961283)	(260, 29.47226370026616)	(265, 29.58309879660593)	(270, 28.373569007484246)	(275, 29.125284014650013)	(280, 29.406517530025404)	(285, 28.09853927942182)	(290, 25.87536353213096)	(295, 25.404137539460624)	(300, 20.007597805020072)
SRR3667041_2	(1, 32.710527153860504)	(2, 33.23716236812054)	(3, 33.76697770276111)	(4, 33.610605860702535)	(5, 33.57741250119425)	(6, 37.47585337779739)	(7, 36.417619413747765)	(8, 36.128228459120216)	(9, 36.928194792609744)	(10, 37.19991355895961)	(15, 37.1702069580488)	(20, 37.16998767077793)	(25, 36.98168541830639)	(30, 37.10465553245406)	(35, 36.66264882644914)	(40, 36.77239710104048)	(45, 36.680114466135585)	(50, 36.89440544487564)	(55, 36.57148040286869)	(60, 35.93899691540569)	(65, 36.166597210216466)	(70, 36.261787711242576)	(75, 36.95137871773491)	(80, 36.41656323930846)	(85, 35.888754322111005)	(90, 36.66858629930072)	(95, 35.84450156734107)	(100, 36.39937579333846)	(105, 36.07647441526122)	(110, 36.40821809147767)	(115, 36.15861147391537)	(120, 35.92792622283289)	(125, 34.91454933415834)	(130, 36.27940508742157)	(135, 35.06958602710683)	(140, 34.90482581654891)	(145, 34.11239188887929)	(150, 34.700017743645276)	(155, 33.74221759168687)	(160, 34.16539261227406)	(165, 33.85990527623216)	(170, 33.09668466812559)	(175, 32.44614583834657)	(180, 33.25362335984276)	(185, 33.26980901976002)	(190, 32.52218931276872)	(195, 32.320046406879136)	(200, 31.46780591005255)	(205, 28.28007825473737)	(210, 29.46834186400965)	(215, 28.04822493687299)	(220, 27.069457448986554)	(225, 24.744408198548648)	(230, 27.740397188289087)	(235, 27.328300461793948)	(240, 24.741554630451102)	(245, 25.522310334629996)	(250, 22.469459268864167)	(255, 21.406739916740598)	(260, 21.12594917991765)	(265, 22.14048818216975)	(270, 18.25071816920312)	(275, 18.625022407243115)	(280, 16.172202175785884)	(285, 17.095615894883387)	(290, 13.993139830428186)	(295, 15.271756568769899)	(300, 12.271129597624704)
SRR3667042_1	(1, 33.20751762564482)	(2, 33.32806352385722)	(3, 33.35715477978873)	(4, 33.40160240360541)	(5, 33.25585600623157)	(6, 34.968484472740855)	(7, 35.64090580314917)	(8, 36.3078586133168)	(9, 36.67191263085104)	(10, 34.79994356614286)	(15, 37.210946578598055)	(20, 37.69255788444572)	(25, 37.80263093052277)	(30, 38.32106493072943)	(35, 37.94172131212692)	(40, 37.87569608380825)	(45, 37.404871689374275)	(50, 38.18621877314932)	(55, 38.05785796534792)	(60, 37.768306844872605)	(65, 37.36128352787349)	(70, 37.49916977652721)	(75, 37.856996717245984)	(80, 37.70269774022527)	(85, 37.795768983141116)	(90, 37.44614057817803)	(95, 37.84264162341327)	(100, 37.90578416488487)	(105, 37.656404549753994)	(110, 37.046027708669484)	(115, 37.08059598279932)	(120, 37.03392046673927)	(125, 36.9670961536933)	(130, 37.10705285828522)	(135, 37.2004277906774)	(140, 37.06742258044004)	(145, 36.772162342617314)	(150, 36.85020009438317)	(155, 36.71177711980605)	(160, 36.77459372453947)	(165, 36.41670568129881)	(170, 36.164302004606924)	(175, 36.296618465333104)	(180, 36.25443915854904)	(185, 36.00115019275864)	(190, 35.72253351225443)	(195, 35.62103422068986)	(200, 35.71487706062758)	(205, 35.52442232805738)	(210, 35.44351493566503)	(215, 35.36460815922503)	(220, 35.44845926685506)	(225, 35.40657392686804)	(230, 35.079284686938834)	(235, 34.88961959308265)	(240, 34.83415158061767)	(245, 34.5706385564056)	(250, 32.1714955375056)										
SRR3667042_2	(1, 29.46822614874693)	(2, 29.00293694510019)	(3, 31.356069819014234)	(4, 31.621944821994898)	(5, 31.24300736819515)	(6, 34.665200181224215)	(7, 34.73247967188878)	(8, 34.53295021897926)	(9, 33.55270206897648)	(10, 33.42656524469244)	(15, 36.13749751611544)	(20, 36.229552264905294)	(25, 36.54677889850649)	(30, 36.56512308144757)	(35, 35.93697450938312)	(40, 35.91545492842438)	(45, 36.29158942320238)	(50, 36.35243958175192)	(55, 36.45613721908759)	(60, 36.51822907559018)	(65, 36.050961767745015)	(70, 35.84957952468007)	(75, 36.21082509667394)	(80, 35.73395331831062)	(85, 35.68603881264928)	(90, 36.31294536581101)	(95, 36.387255334454075)	(100, 36.57392963170508)	(105, 36.255359889356534)	(110, 36.468201531891104)	(115, 36.09230298429756)	(120, 36.18747858848965)	(125, 35.78142096917141)	(130, 36.36974459891944)	(135, 35.812937972718366)	(140, 36.14881704190926)	(145, 35.86277924607038)	(150, 36.037215587305994)	(155, 35.809558253681224)	(160, 35.462540786519085)	(165, 35.62616934602469)	(170, 35.190669872622856)	(175, 35.30416469606343)	(180, 34.26380064781512)	(185, 34.2245758367016)	(190, 34.122876343782465)	(195, 33.69989163660934)	(200, 34.43916934938993)	(205, 33.87061729486972)	(210, 33.74698397722163)	(215, 32.8083101192513)	(220, 32.085412907482336)	(225, 31.918015468629523)	(230, 32.24790053253848)	(235, 31.872663102879518)	(240, 30.864924808477973)	(245, 31.13358302127819)	(250, 27.884164727600567)										
SRR3667043_1	(1, 33.31257358864721)	(2, 33.46675342380864)	(3, 33.52972464935655)	(4, 33.52920823779719)	(5, 33.62763628101052)	(6, 35.38313606411766)	(7, 36.13381256326041)	(8, 36.394414492574)	(9, 36.722893557249385)	(10, 35.03780132614488)	(15, 37.495306851748566)	(20, 37.86949660201194)	(25, 38.05179814504969)	(30, 38.42647332217884)	(35, 38.372193096815266)	(40, 38.16848420648623)	(45, 37.61835824048103)	(50, 38.34256121700532)	(55, 38.353867839688455)	(60, 37.958625484693)	(65, 37.7401197327566)	(70, 37.77355488001531)	(75, 38.14427043308638)	(80, 37.96201274068948)	(85, 38.00843455135713)	(90, 37.66649473938067)	(95, 38.28459140829826)	(100, 38.26544305732586)	(105, 38.049017609825285)	(110, 37.61038046807367)	(115, 37.82371943093921)	(120, 37.560429698472625)	(125, 37.470321952447044)	(130, 37.69992867346444)	(135, 37.60359101686597)	(140, 37.59234550181361)	(145, 37.33317708913755)	(150, 37.381766526198234)	(155, 37.39754449678319)	(160, 37.34090286350696)	(165, 36.894535919711295)	(170, 36.59821602274945)	(175, 36.71110357780559)	(180, 36.68623057000254)	(185, 36.46592679539176)	(190, 36.17788353138823)	(195, 36.216271151071865)	(200, 36.014056291718205)	(205, 35.81208742084326)	(210, 35.67457994821957)	(215, 35.65077622885488)	(220, 35.86777991221574)	(225, 35.76040411162029)	(230, 35.710525964441345)	(235, 35.74304848279083)	(240, 35.67210559632916)	(245, 35.601490261824694)	(250, 35.49299752588125)	(255, 33.30879349066781)									
SRR3667043_2	(1, 31.487182665096775)	(2, 31.945084794778047)	(3, 32.19447026502241)	(4, 32.76931895643552)	(5, 32.63412241019603)	(6, 36.17767656111214)	(7, 35.98666625353742)	(8, 36.011061535601414)	(9, 34.747867220259856)	(10, 34.99859949185103)	(15, 37.42027638346657)	(20, 37.73527710644275)	(25, 38.08109520563509)	(30, 38.06148602590321)	(35, 37.49752273934376)	(40, 37.532658326709864)	(45, 37.61558938192095)	(50, 37.816515206359824)	(55, 37.84840426559791)	(60, 37.63788783076567)	(65, 37.62849188785532)	(70, 37.68191933536823)	(75, 37.79575919638846)	(80, 37.310968731761726)	(85, 37.20808055493194)	(90, 37.749701118662585)	(95, 37.71297232563428)	(100, 37.980035924864566)	(105, 37.65268047465778)	(110, 37.950157129823126)	(115, 37.499798957504325)	(120, 37.55146522925196)	(125, 37.26624578003661)	(130, 37.906563888573125)	(135, 37.23430064388649)	(140, 37.76074725494763)	(145, 37.424054515887796)	(150, 37.669712958509805)	(155, 37.343829759610365)	(160, 37.473881830055134)	(165, 37.5021133516061)	(170, 37.216507729801904)	(175, 37.23959305211572)	(180, 36.68076171763556)	(185, 36.82219414804115)	(190, 36.79010346850129)	(195, 36.70908164643876)	(200, 36.89896182350712)	(205, 36.42586534023488)	(210, 36.41656901322797)	(215, 35.98714271452079)	(220, 35.59694175475911)	(225, 35.240879692742375)	(230, 35.713850857186955)	(235, 35.4673537697566)	(240, 34.62979150756177)	(245, 34.94043949266891)	(250, 33.70547727382139)	(255, 32.027647061339344)									
SRR3667044_1	(1, 33.3167029704344)	(2, 33.44025833483636)	(3, 33.4810341717885)	(4, 33.513638192488585)	(5, 33.481790307587715)	(6, 35.13327413738086)	(7, 35.76723504030412)	(8, 36.438253534414585)	(9, 36.73588662125227)	(10, 34.97247665690858)	(15, 37.34019173938982)	(20, 37.80688291688056)	(25, 37.89606948124922)	(30, 38.404846206140654)	(35, 38.29309421540042)	(40, 37.97951467895)	(45, 37.641663255891395)	(50, 38.24778600217827)	(55, 38.16124684638379)	(60, 37.66629666372977)	(65, 37.43054327993728)	(70, 37.52713208411092)	(75, 37.99088127762015)	(80, 37.88866889130933)	(85, 37.89258305987804)	(90, 37.49602686221321)	(95, 38.03863524416725)	(100, 37.77878550879534)	(105, 37.737581951006305)	(110, 37.22759658945061)	(115, 37.33505226095587)	(120, 37.29918690162342)	(125, 37.037582442719284)	(130, 37.41072853287452)	(135, 37.3075170495147)	(140, 37.224262704178656)	(145, 37.05395384978284)	(150, 36.920427645728395)	(155, 36.915098031053574)	(160, 36.83974663170018)	(165, 36.62038324383576)	(170, 36.23743521788299)	(175, 36.10607824500302)	(180, 36.3748641917065)	(185, 36.033501421741505)	(190, 36.003640375478255)	(195, 35.88509089205688)	(200, 35.93325098882798)	(205, 35.84902505030879)	(210, 35.74125280169871)	(215, 35.615089724905474)	(220, 35.70948455325173)	(225, 35.71990729175341)	(230, 35.32379666559467)	(235, 35.27308156558661)	(240, 35.17834203075556)	(245, 35.08632687101463)	(250, 34.8831654641851)	(255, 33.50899658650265)									
SRR3667044_2	(1, 31.69882903006507)	(2, 32.55681424032632)	(3, 32.944323431885344)	(4, 32.734540838270185)	(5, 33.01436658018508)	(6, 35.9623250135272)	(7, 35.94572471107288)	(8, 35.921084395854436)	(9, 35.09183234596335)	(10, 34.87561080511121)	(15, 37.25771050404428)	(20, 37.52581960958419)	(25, 37.76394966494166)	(30, 37.73964093955076)	(35, 37.251536551188316)	(40, 37.461632698364255)	(45, 37.63489764347603)	(50, 37.626754906245445)	(55, 37.741977581989524)	(60, 37.783885782470556)	(65, 37.58277857172589)	(70, 37.32952284489337)	(75, 37.49296685305176)	(80, 37.22749157104602)	(85, 37.08010073120308)	(90, 37.885482774409276)	(95, 37.76940324393323)	(100, 37.95718484613095)	(105, 37.61258186258186)	(110, 37.82578948828949)	(115, 37.59824969339861)	(120, 37.734671818957565)	(125, 36.99434372274667)	(130, 37.96269789513119)	(135, 36.94109003621429)	(140, 37.558230143475555)	(145, 37.40771328074594)	(150, 37.748683580660604)	(155, 37.57367855086339)	(160, 36.99332736695319)	(165, 37.43857334138101)	(170, 37.26064798112945)	(175, 37.125933120577216)	(180, 36.18211738587484)	(185, 36.378119510603426)	(190, 36.15507222037382)	(195, 35.93014747672487)	(200, 36.3367324705964)	(205, 35.680779932692644)	(210, 35.844070666278085)	(215, 35.201618062958815)	(220, 35.01606239548133)	(225, 34.819748391886925)	(230, 34.99333345223432)	(235, 35.00393513819846)	(240, 33.99170622033475)	(245, 34.27252502611323)	(250, 32.944999047262684)	(255, 33.039216550128934)									
SRR3667045_1	(1, 33.303023888848905)	(2, 33.43184502516733)	(3, 33.49255140357042)	(4, 33.509031872965345)	(5, 33.60595887714367)	(6, 35.217565056155514)	(7, 35.8605573641409)	(8, 36.52253629047621)	(9, 36.75097684775569)	(10, 35.04158090585431)	(15, 37.44234460394803)	(20, 37.862627477044605)	(25, 38.010313310952974)	(30, 38.424144543834316)	(35, 38.4031280650616)	(40, 38.03259051038033)	(45, 37.709538727266576)	(50, 38.31537237105023)	(55, 38.16137687540217)	(60, 37.723724049175324)	(65, 37.479634831618526)	(70, 37.57434912885064)	(75, 38.13391442949908)	(80, 37.99034668450398)	(85, 37.977935641741006)	(90, 37.55886524222193)	(95, 38.139663667371224)	(100, 37.85168410892095)	(105, 37.74101215877531)	(110, 37.309058118268645)	(115, 37.435085179164126)	(120, 37.31638640520219)	(125, 37.069761396735075)	(130, 37.44044570886676)	(135, 37.338166361850575)	(140, 37.22312114746325)	(145, 37.0787577050735)	(150, 36.94266917293233)	(155, 36.969190828852994)	(160, 36.86476964141373)	(165, 36.664859126498776)	(170, 36.31704864698361)	(175, 36.18871505469068)	(180, 36.40082812228775)	(185, 36.10009695296723)	(190, 36.024379344375824)	(195, 35.89863964856233)	(200, 35.89884753799906)	(205, 35.7520614759304)	(210, 35.765023074643295)	(215, 35.60043341816973)	(220, 35.86387169434259)	(225, 35.835397525678914)	(230, 35.545029764677)	(235, 35.52457978034262)	(240, 35.415556383528234)	(245, 35.35107838737267)	(250, 35.174852634520924)	(255, 33.15482880789394)									
SRR3667045_2	(1, 31.777363378898396)	(2, 31.901951155495535)	(3, 32.61470923168754)	(4, 32.43293299861569)	(5, 32.34269470279698)	(6, 36.23153090987601)	(7, 36.03064529102232)	(8, 35.517210723946846)	(9, 34.91336429330409)	(10, 34.808258438144264)	(15, 37.313071344811384)	(20, 37.59635677062387)	(25, 37.809100030056854)	(30, 37.81851078871725)	(35, 37.29785703544083)	(40, 37.46124817963219)	(45, 37.62269617638094)	(50, 37.664315711044125)	(55, 37.767474684187356)	(60, 37.637020354252044)	(65, 37.51034077294086)	(70, 37.349389736047364)	(75, 37.59561114472612)	(80, 37.24715211041023)	(85, 36.961145590787865)	(90, 37.931189196054355)	(95, 37.69614565589144)	(100, 37.966908966212124)	(105, 37.64803796637723)	(110, 37.870092164142775)	(115, 37.56029956521555)	(120, 37.70388257856389)	(125, 36.87755165975894)	(130, 37.99622198984797)	(135, 36.998229534014364)	(140, 37.53111524116354)	(145, 37.28697382402872)	(150, 37.69844671456211)	(155, 37.45296241887481)	(160, 36.920548091964434)	(165, 37.30183206829655)	(170, 37.140521473858335)	(175, 36.94533892222306)	(180, 36.0202302276451)	(185, 36.37091883607606)	(190, 36.17619482674517)	(195, 35.94291981465791)	(200, 36.362927242320964)	(205, 35.61010512372423)	(210, 35.849649017333206)	(215, 35.28198904431863)	(220, 35.182476819509716)	(225, 34.945189889495744)	(230, 35.1152013209704)	(235, 35.23209788729413)	(240, 34.09487785257632)	(245, 34.46149201913713)	(250, 33.180495082924054)	(255, 33.04678771230547)									
